S01600002E2E2F62696E2F70726F6772616D2E7372656323
S21413000046FC2700323C0000303C000D4E404FF9B2
S214130010001553B04E56FFF8223C0014FED4203C75
S214130020001533ACB280670C204190815380421880
S21413003051C8FFFC2EBC000000004EB90014281A4D
S2141300404EB90000000048780000486F000446FCD4
S21413005022004EB9001300602F004EB90014299ADF
S2141300604E5600004EB900135BE042A742A742A7C4
S214130070487900137C864EB900135A064FEF0010CA
S2141300804A80661048790014D8B04EB900144362FB
S214130090588F60FE4EB900135C2060FE4E5600006B
S2141300A0202E000881B90014FED44E5E4E754E56AF
S2141300B0000020390014FED44E5E4E754E560000D6
S2141300C02F02206E0008242E001072001228004CF7
S2141300D0E1494841424170001028004D48404240D3
S2141300E0828070001028004EE18880818028004F9F
S2141300F04A80661270001028003EE1888028003F70
S2141301000C4000046308206E000C11420007241FE5
S2141301104E5E4E754E56FFF82F0A206E0008246862
S21413012000142D680018FFF82F2800104EB900137E
S21413013048282D40FFFC48780010486A006E48781F
S214130140FFFF45F90013425E4E9248780004486E4E
S214130150FFF82F004E9248780004486EFFFC2F00DD
S2141301604E924FEF00242EAE00102F2E000C2F00B1
S2141301704E92246EFFF44E5E4E754E56FFF448E7CD
S2141301803F3C246E0008242E000C262E001020520E
S21413019026680014286B00022F280010486B0006F0
S2141301A04EB900134AC842AA001C508F92839182FC
S2141301B0623A202A000480AA0008660C254200141E
S2141301C0254300187000601A486A00042F0C4EB9B5
S2141301D000137FBC42AA000442AA0008508F4A802C
S2141301E067DA4CEE3CFCFFCC4E5E4E757200122B5B
S2141301F0001EE149484142417000102B001F484041
S214130200424082807000102B0020E1888081802B72
S2141302100021223C00000400E1A926412A017800AF
S21413022041F90014C1782F012F042F032F022D48F4
S214130230FFF44E904FEF00102A4141F90014C17895
S214130240202A000480AA0008664042A7486EFFF8DA
S2141302502F0D2F124EB90013DBBC4FEF00104A8040
S21413026066802F2EFFFC2F2EFFF8486A00042F0CF3
S2141302704EB900135B524FEF00104A80674842AAEC
S214130280000442AA00086000FF5A428642872E01E5
S2141302902F0B2F042F2A00182F2A00144E904FEFDF
S2141302A0001092879186671E486A00042F0C4EB979
S2141302B000137FBC42AA000442AA0008508F4A804B
S2141302C067886000FF1E25420014254300182F057B
S2141302D02F042F032F024EB90014C6D84FEF001069
S2141302E020522068001442AA001C7003C0816600C6
S2141302F00084200B5180B081657A226A0010D3C126
S214130300700010290004E18880290005D280B28B82
S214130310626222005F814242142900067600162884
S2141303200052E14B484342437000102800534840A4
S21413033042408680700010280054E188808380280D
S21413034000554A80661C700010280044E1888028F7
S21413035000450C400004620A700010290007E1886B
S214130360844002820000FFFFB4816C082549001CFC
S2141303706000FE5270056000FE6A4E560000206E46
S214130380000872001228001EE149484142417000DD
S2141303901028001F4840424082807000102800201A
S2141303A0E188808180280021307C04002208E1A99E
S2141303B0204141E8FFF4D1EE000C72001210E1491F
S2141303C04841424170001028000148404240828054
S2141303D0700010280002E1888081802800034A807C
S2141303E066204A280006661A700010280004E18862
S2141303F0802800050C40000C66080C28FFDE00075A
S214130400670291C820084E5E4E754E56000048E7A8
S2141304102030266E0008242E000C206B00140828AB
S2141304200002006C675A2F022F084EB90013037A86
S214130430508F24404A80674C90822F002F022F0B38
S2141304404EB9001301147400142A0008E14A4842F6
S21413045042427200122A00094841424184817200C6
S214130460122A000AE1898282822A000B4FEF000CBF
S214130470B08157C044004CEE0C04FFF44E5E4E752C
S214130480700160F2420060EE4E5600002F0A246E92
S21413049000084878000C42A72F0A4EB900144CFCEB
S2141304A0422A0004157C000C0005157CFFDE0007AD
S2141304B04FEF000C246EFFFC4E5E4E754E5600003A
S2141304C048E72030266E0008242E000C206B0014FC
S2141304D008280002006C67462F022F084EB9001337
S2141304E0037A508F24404A80673490822F002F025D
S2141304F02F0B4EB900130114220042414841E04924
S21413050015410008220042414841154100092200C6
S214130510E0891541000A1540000B4FEF000C4CEE16
S2141305200C04FFF44E5E4E754E560000206E000807
S21413053020AE000C42A8001C42A8001442A80018C3
S21413054042A8000442A80008202E0010222E0014F1
S2141305502D40000C2D4100104E5E4EF90013017A0B
S2141305604E56000048E73830266E000845F900134B
S214130570017A206B001C700010280004E188802884
S2141305800005760036007400202B0014222B00186A
S214130590D283D1822F012F002F0B4E92206B001C7B
S2141305A04FEF000CB0FC0000672C78001810E14CDD
S2141305B0484442447200122800014841424188814F
S2141305C0720012280002E1898284822800034A817D
S2141305D066044A80679C4CEE0C1CFFEC4E5E4E7510
S2141305E04E560000206E000842A8001C2028000467
S2141305F080A80008671A4868000420502068001472
S2141306002F2800024EB900137FBC508F4E5E4E75D6
S214130610700060F84E56000048E73C38246E000819
S214130620266E000C282E0010286E0014262E001896
S214130630242E001C7A003A047200122A0018E1498C
S214130640484142417000102A0019484042408280B7
S2141306507000102A001AE1888081802A001B223C31
S21413066000000400E1A9B285641C4878013048797B
S2141306700014D8CF48790014D8E44EB90014428C2D
S2141306804FEF000C60FE2F2C00102F0A4EB90013EC
S2141306904AAA508F41F9001300BC0C80000060007A
S2141306A0670000EC62220C8000002000670000D870
S2141306B00C800000400067340C80000010006600B9
S2141306C000DE4878000560280C800000A000670054
S2141306D000AE0C800000C000670000BC0C80000059
S2141306E08000660000BA487800016004487800026B
S2141306F02F0B2F0A4E904FEF000C16AC0018176CEA
S21413070000190001176C001A0002176C001B000377
S214130710E04C174400041745000517420006720004
S214130720122A004CE149484142417000102A004DFC
S2141307304840424082807000102A004EE188808133
S214130740802A004F4A80661A7000102A003EE188FD
S214130750802A003F0C40000462083002E04817402D
S21413076000072D4200102D43000C508B2D4B000814
S2141307704CEE1C3CFFE44E5E4EF900144C8C48784D
S21413078000076000FF6C487800036000FF64487839
S21413079000046000FF5C487800066000FF5442A720
S2141307A06000FF4E4E56000048E73F3C226E00089E
S2141307B0286E000C246E00102C2E00142E2E0018FB
S2141307C02A2E001C720012290018E14948414241A2
S2141307D0700010290019484042408280700010298A
S2141307E0001AE18880818029001B223C0000040047
S2141307F0E1A9200134055042320202410003670684
S2141308000242FFFC5842206A000C47F00800B7C8A3
S2141308106206701C600000B472001210E149484171
S2141308204241700010280001484042408280700008
S21413083010280002E1888081802800037800182899
S2141308400004E18C882800053A4472001229004CF3
S214130850E1494841424176001629004D4843424338
S214130860868172001229004EE18982838229004F05
S2141308704A81661276001629003EE18B8629003FD0
S2141308800C430004635C162800074A8066580C0362
S214130890FFDE6748B44D62442F052F072F063F0D22
S2141308A042672F082F094EB9001306142F2A000C7F
S2141308B02F0C4EB9001304BC4FEF001C2EAA0008D1
S2141308C04EB900135AF2588F70004CEE3CFCFFD80A
S2141308D04E5E4E750640000C9041603AD1C46000DF
S2141308E0FF2E4A8067AE4240102800064A81661CD7
S2141308F072001229003EE1898229003F0C41000450
S214130900620A720012280007E18980413200024110
S214130910000366C0504032049240B24265BE3400B3
S214130920E04A1142000402800000FFFF1140000558
S2141309302F052F072F063F014267487008006000F7
S214130940FF644E56FFE048E73F3C246E00082A2E0D
S214130950000C2C2E0010282E0014266A0014260BCA
S2141309605C83082B000500656746487810002F2A1D
S21413097000104EB900134B92508F4A0067322F0661
S2141309802F052F042F0A4EB9001321104FEF001016
S2141309900C80FFFF9E5866000148487810002F2AE7
S2141309A000104EB900134BCC157C0001001C508F61
S2141309B042AEFFE442AEFFE842AEFFEC7200122BEB
S2141309C0001EE149484142417000102B001F484069
S2141309D0424082807000102B0020E1888081802B9B
S2141309E00021243C00000400E1AA2F2A00102F0344
S2141309F04EB900134AC82F0242A72F012F004EB933
S214130A000014C1782D41FFE042AEFFE44FEF00180B
S214130A107EE8DE8E49EEFFF0202EFFE4B0AEFFE058
S214130A20650000C842AEFFE442AEFFE842AEFFECFC
S214130A30486EFFE42F072F0A4EB90013DE2A4FEF36
S214130A40000C4A806600009A2F2EFFEC2F2EFFE82C
S214130A5049EEFFF02F0C2F2B00024EB900135B4606
S214130A604FEF00104A8066782F0242A72F2EFFFC06
S214130A704EB900144CFC202EFFFC4FEF000C41F92E
S214130A8000130614082B0002006C6700012C2F06B7
S214130A902F052F0432020641FFF43F0142672F0051
S214130AA02F034E90307CFFF4D1C2D1EEFFFC2F08FB
S214130AB04EB9001304884FEF001C2F2EFFFC2F0A8D
S214130AC04EB9001304BC2F2EFFF84EB900135AF27A
S214130AD02F0C2F2B00024EB900137FBC4FEF0014C0
S214130AE04CEE3CFCFFB84E5E4E7542A72F072F0008
S214130AF02F0A4EB90013DBBC4FEF00104A8066E096
S214130B002F2EFFEC2F2EFFE82F0C2F2B00024EB9A3
S214130B1000135B524FEF00104A8066C42F2EFFFC63
S214130B202F0A4EB90013040A508F4A0066504EB966
S214130B30001300AE08000006674448790014D9096C
S214130B4048790014D9144BF90014428C4E95487802
S214130B50018B48790014D9174E952F2EFFE42F2AB0
S214130B60001848790014D9204E9520790014FC36C5
S214130B702F2800084EB900143E2E4FEF00202F06E4
S214130B802F052F042F0C2F0A2F034EB9001307A47B
S214130B902A402F0C2F2B00024EB900137FBC4FEFA9
S214130BA000204A806600FF3ABAFC00006700FF3256
S214130BB052AEFFE46000FE622F062F052F043F029D
S214130BC042672F002F034E904FEF00186000FEEC85
S214130BD04E56000048E73838266E000C242E0010B8
S214130BE0206E00082468000C7200122B0018E149CE
S214130BF0484142417000102B001948404240828001
S214130C007000102B001AE1888081802B001B263C75
S214130C1000000400E1ABD68A49F900144486B68A6C
S214130C2062067002600000A2200AD082B08362F2CD
S214130C3072001212E149484142417000102A000125
S214130C404840424082807000102A0002E18880816A
S214130C50802A00034A80677A4241122A00067800E7
S214130C60182B004CE14C484442447000102B004DA6
S214130C704840424088807000102B004EE1888084E4
S214130C80802B004F4A80661C7000102B003EE188B4
S214130C90802B003F0C400004620A7000102A0007E5
S214130CA0E188824002810000FFFFB28266242F0291
S214130CB0486A00082F2E00144E944FEF000C4A80FB
S214130CC06610206E0018208A4CEE1C1CFFE84E5E41
S214130CD04E757000102A0004E188802A00054A80A9
S214130CE0661248790014D95B4EB900144362588FC4
S214130CF0701660D4D5C06000FF264E56FFE448E752
S214130D003F3C266E0008246E000C286A0014260C3E
S214130D105C83429342AB000442AB0010082C0005E0
S214130D200065674C487810002F2A00104EB9001340
S214130D304B92508F4A0067382F2E00102F2E001418
S214130D402F0A2F0B4EB900131D0E2A404FEF00101B
S214130D500C80FFFF9E586600015A487810002F2A11
S214130D6000104EB900134BCC157C0001001C508F9D
S214130D707200122C001EE149484142417000102CAB
S214130D80001F4840424082807000102C0020E188EB
S214130D908081802C0021243C00000400E1AA2F2A25
S214130DA000102F034EB900134AC82F0242A72F0173
S214130DB02F004EB90014C17828014FEF00187400A5
S214130DC02A3C0013DBBC49EEFFF02C3C00135B52AD
S214130DD07EE4DE8EB88262083A7C0002600000D49D
S214130DE042A7486EFFE82F022F0A20454E902A404E
S214130DF04FEF00104A80660000BA2F2EFFEC2F2EFE
S214130E00FFE82F0C206A00142F28000220464E906D
S214130E102A404FEF00104A80660000982F2EFFFCE2
S214130E202F0A4EB90013040A508F4A00664E4EB965
S214130E30001300AE08000006674248790014D9096B
S214130E4048790014D9144BF90014428C4E954878FF
S214130E5001F948790014D9174E952F022F2A001836
S214130E6048790014D9204E9520790014FC362F2883
S214130E7000084EB900143E2E4FEF00202F072F2EDA
S214130E8000102F2E00142F032F0C4EB900130BD067
S214130E902A404FEF00144A806624487800102F0C1F
S214130EA02F0B4EB900144C8C276EFFE400104FEF37
S214130EB0000C200D4CEE3CFCFFBC4E5E4E752F0C0A
S214130EC0206A00142F2800024EB900137FBC2A4054
S214130ED0508F4A8066DC52826000FEFA4E5600003F
S214130EE0226E0008206E000C201080A800046712E3
S214130EF0206900142D68000200084E5E4EF9001398
S214130F007FBC70004E5E4E754E56FFEC48E7303889
S214130F10246E0008487840002F2A0010202A001458
S214130F205C802F004EB900134B724FEF000C4A0033
S214130F30670000DC2F2E00102F2E000C2F0A47EE12
S214130F40FFEC2F0B4EB900130CFA4FEF00104A802C
S214130F50660000B2226EFFFC4211422900014229AC
S214130F60000242290003286EFFF82209928C67724A
S214130F707000102C0004E188802C0005204C7400AF
S214130F8076003600D682B681651E673C48780235F1
S214130F9048790014D8CF48790014D8E44EB9001411
S214130FA0428C4FEF000C60FE700010280004E1889E
S214130FB080280005D48041F428007000102800040F
S214130FC0E1888028000560B8720012290004E189C0
S214130FD082290005D0413200E04911410004114036
S214130FE000052F0C2F0A4EB9001304BC2F2EFFF446
S214130FF04EB900135AF22F0B2F0A4EB900130EDCFC
S2141310004FEF00144CEE1C0CFFD84E5E4E7570144A
S21413101060F24E560000206E000820502068003400
S2141310204AA8000256C0488048C04E5E4E754E56BB
S21413103000004E5E4EF9001310124E560000206E3E
S214131040000820502068003410104A0066FC10BCBC
S214131050000170004E5E4E754E560000206E00085E
S214131060205020680034421070004E5E4E754E5667
S214131070FFF848E73F20242E001820020280FF00C6
S2141310800000671A48790014D9634EB900144362F6
S214131090588F70FF4CEE04FCFFDC4E5E4E75D48208
S2141310A0202E0010222E0014D281D1802C2E000C5C
S2141310B07E00460745F900132CEA4A826604700040
S2141310C060D226020C82000000FF630226072F015F
S2141310D02F062F032D40FFFC2D41FFF84E922803B9
S2141310E07A09EBACDC842A037800202EFFFC222E30
S2141310F0FFF8D285D18494834FEF000C60BC4E5614
S214131100000048E73F38282E00102A2E001442808D
S214131110428122050281FF00000024008481671AA1
S21413112048790014D9764EB900144362588F70FF6D
S2141311304CEE1CFCFFDC4E5E4E75242E0018D4823B
S214131140DA85D9842C2E000C7E00460749F9001345
S2141311502DF04A826604700060D626020C820000C8
S21413116000FF630226072F052F062F034E94200336
S2141311707209E3A8DC80264395CA200ADA8BD98045
S21413118094834FEF000C60CA4E56000048E7203891
S2141311904878020047F9001429C24E932400487871
S2141311A000064E932840487800384E932440421445
S2141311B042AC000224BC0013102E257C0013106EC4
S2141311C00004257C001310FE0008257C0013103A3B
S2141311D00010257C001310580014257C00131012E1
S2141311E0000C257C00000400001842AA001C257C75
S2141311F0000200000020254200247001254000282C
S21413120042AA002C42AA0030254C003448780030FD
S2141312104E932040208A42A8000442A8000842A801
S214131220000C217C08000000001042A80014217C4A
S21413123000000400001842A8001C217C00020000D5
S214131240002042A8002442A8002842A8002C4CEEF6
S2141312501C04FFF04E5E4E754E560000207C00FFB9
S214131260000810100000000810804E5E4E754E5693
S2141312700000207C00FF000810100200FFF710800B
S2141312804E5E4E754E5600002F0270077400142ED5
S214131290000B207C00FF000812100102672C0201CD
S2141312A0FFFE1081207C00FF0008121000010004CE
S2141312B0108112100201FFFB108151C8FFD6424065
S2141312C0538064CE241F4E5E4E750001000160D21B
S2141312D04E56000048E7003849F90013126E4E9434
S2141312E047F9001312584E934878008E45F90013A9
S2141312F012844E92487800044E924E944E93487839
S214131300008F4E9242A74E924FEF00104CEE1C00E9
S214131310FFF44E5E4EF90013126E4E560000206E0A
S21413132000082210206E000C2010B081670E52C0E9
S214131330488048C0720180814E5E4E75700060F81A
S2141313404E56FFF848E73030206E0008246E00181B
S21413135026680014082B0002006C670000CA2D686C
S2141313600018FFF82F2800104EB9001348282D40F8
S214131370FFFC262E0014E78BD6AE00107000102A42
S2141313800004E148484042407400142A00054842CD
S214131390424280827400142A0006E18A8480842ADA
S2141313A00007422A0004422A0005422A0006422A5F
S2141313B0000748780010486B006E4878FFFF47F91F
S2141313C00013425E4E9348780004486EFFF82F00D1
S2141313D04E9348780004486EFFFC2F004E934FEF51
S2141313E000242E832F2E000C2F004E9348780008CF
S2141313F02F0A2F004E93220242414841E0491541DD
S2141314000004220242414841154100052202E089A8
S21413141015410006154200074FEF00184CEE0C0C52
S214131420FFE84E5E4E75700060F24E56000048E7B9
S2141314302030226E0008206E000C24690014082A3F
S2141314400002006C670001187200122A001EE149A0
S214131450484142417000102A001F48404240828093
S2141314607000102A0020E1888081802A0021223C07
S21413147000000400E1A9700010280004E188802809
S2141314800005740CB480660000CC700010280010A1
S214131490E18880280011347CFFF4D5C1B5C06600FE
S2141314A000BE740014280018E14A484242427000F5
S2141314B01028001948404240848070001028001AF3
S2141314C0E18880828028001B4A80660000920C28E0
S2141314D00008001D66000088742047F02800B6FC3C
S2141314E00000677A70001013E188802B0001E788EC
S2141314F02440D5C25181B28A656445F308002F0A89
S2141315007000102B0002E188802B00032F002F029F
S2141315102F082F094EB9001313407400142A000421
S214131520E14A484242427200122A000548414241AB
S21413153084817200122A0006E1898282822A0007B9
S2141315404FEF0014B08157C044004CEE0C04FFF468
S2141315504E5E4E75B081660674086000FF7E70019D
S21413156060E84E56FFF048E73F3C286E000C2A2EE4
S21413157000102A6C00147200122D001EE149484117
S21413158042417000102D001F484042408280700078
S214131590102D0020E1888081802D0021283C00003A
S2141315A00400E1AC22452069000C47E800207400D3
S2141315B014280020E18A842800211C28001E3444A5
S2141315C045EAFFF03D4AFFF651447000102B000227
S2141315D0E188802B00034A406700014AB440650047
S2141315E0014443EB000806801FFFFFFFE788D08BFC
S2141315F0B3C06344487800102F052F2E00182D49CA
S214131600FFF24EB900144C8C206E0018214B0010BC
S214131610226EFFF245E9FFF8214A00144FEF000C43
S2141316204A066664206E001420AE001870004CEE56
S2141316303CFCFFC84E5E4E7522009289E68122015D
S2141316406A025281E281E78941F11800760016108A
S214131650E14B484342437400142800014842424277
S2141316608483720012280002E18982828228000392
S214131670246E0008B2926308200851806000FF723F
S21413168043E800086000FF6A70001029FFFCE14879
S2141316904840424076001629FFFD48434243808364
S2141316A076001629FFFEE18B86808629FFFF5306F8
S2141316B042A7486EFFF82F032F0C4EB90013DBBC5E
S2141316C04FEF00104A806600FF662F2EFFFC2F2E6A
S2141316D0FFF82F05206C00142F2800024EB90013B4
S2141316E05B524FEF00104A806600FF442245206984
S2141316F0000C47E80008740014280008E18A8428C0
S2141317000009082D0002006C66243004E648B04237
S21413171067222F05206C00142F2800024EB90013E1
S2141317207FBC508F203CFFFF9E586000FF02302E78
S214131730FFF660D82F082F0C4EB90013142A508FBB
S2141317404A0066504EB9001300AE08000005674401
S21413175048790014D98A48790014D9142E3C0014F9
S214131760428C24474E924878027448790014D9174D
S2141317704E922F032F2C001848790014D9994E92A5
S21413178020790014FC362F2800084EB900143E2E7C
S2141317904FEF00207018D1AE00186000FE2E4E5684
S2141317A0000048E73830246E0008266E000C206EC2
S2141317B00010242E0018162B001C203CFFFF9E58EA
S2141317C00C030002620000AA4A2B001F660000A248
S2141317D00C2B0001001E62000098720012280018DD
S2141317E0E1494841424170001028001948404240E0
S2141317F0828070001028001AE18880818028001BE0
S214131800327C04002209E1A922410828000200665E
S214131810666843E9FFE02209E6897800182B002062
S214131820E18C882B0021203CFFFF9E58B881664030
S2141318300283000000FF2543000808280001016307
S214131840670656832543000841E800EC2548000C3C
S2141318504A82672C486A00042F0A2F2A00082F088A
S2141318602F2E00142F024EB900134D7E4FEF001883
S2141318704CEE0C1CFFEC4E5E4E7543E9FFD860969B
S214131880700060EC4E56000048E72030226E0008C9
S214131890206E000C24690014082A0002006C6700EE
S2141318A000F67200122A001EE149484142417000B8
S2141318B0102A001F4840424082807000102A0020E1
S2141318C0E1888081802A0021223C00000400E1A9DF
S2141318D0700010280004E18880280005740CB4807A
S2141318E0660000BE700010280010E18880280011E2
S2141318F0347CFFF4D5C1B5C06600009C7400142870
S2141319000018E14A48424242700010280019484025
S2141319104240848070001028001AE1888082802854
S214131920001B4A8066700C280008001D6668742029
S21413193047F02800B6FC0000675C70001013E188BF
S214131940802B0001E7882440D5C25181B28A6546B0
S21413195045F308002F0A7000102B0002E188802B35
S21413196000032F002F022F082F094EB90013134020
S214131970220042414841E0491541000422004241F9
S2141319804841154100052200E0891541000615401F
S21413199000074FEF00144CEE0C04FFF44E5E4E752A
S2141319A0B08166F2740860884E56000048E73C38EB
S2141319B0282E0008286E000C2A2E0010262E00143F
S2141319C0246C0014220A5081266C00107400142B09
S2141319D00002E18A842B00032002E788D08B9081D3
S2141319E02F002F01486A00104EB9001444FE20033E
S2141319F042404840E0481540000C2003424048400F
S214131A001540000D2003E0881540000E1543000F07
S214131A10200542404840E048154000082005424053
S214131A204840154000092005E0881540000A154572
S214131A30000B52423002E0481740000217420003E0
S214131A402F2C000C2F044EB9001318844FEF0014DC
S214131A502D6C000800084CEE1C3CFFE44E5E4EF95D
S214131A6000135AF24E56FFCC48E73F3C246E00084C
S214131A7042AEFFD42F2A0010202A00145C802F00B9
S214131A804EB900134AC824002601286A00147000B1
S214131A90102C001EE148484042407A001A2C001FC2
S214131AA04845424580857A001A2C0020E18D8A80AD
S214131AB08A2C0021508F7CD8DC8E42807201928350
S214131AC09182640001362F062F2EFFD42F0A4EB9AB
S214131AD00013DE082E004FEF000C660001122F2EA7
S214131AE0FFDC2F2EFFD84BEEFFE02F0D206A0014DD
S214131AF02F28000247F900135B464E932E004FEF34
S214131B000010660000EA283C00000400EBAC266ECA
S214131B10FFEC4878002042A72F0B4EB900144CFC5C
S214131B204878000148790014D9D02F0A4878000C59
S214131B302F0B2E0C5C872F0741F9001306142D4824
S214131B40FFCC4E903A040645FFF44FEF0024487836
S214131B50000248790014D9CF2F2E000C72003205DC
S214131B602D41FFD02F01486B000C2F07206EFFCCA2
S214131B704E90206A001417680102001C422B001EA8
S214131B80177C0008001D422B0022177C000100233F
S214131B904FEF0018082C0002006C667070E0D084BB
S214131BA0E6883200E0491741002017400021206ED6
S214131BB0FFD452882D48FFD44280720192839182BB
S214131BC0644E2F062F082F0A4EB90013DE082E0078
S214131BD04FEF000C206A0014243C00137FBC4A808D
S214131BE0673E2F0D2F28000220424E90508F20075D
S214131BF04CEE3CFCFFA44E5E4E75486EFFD42F068B
S214131C002F0A4EB90013DE2A6000FECA70D8608E03
S214131C10486EFFD42F062F0A4EB90013DE2A60AE85
S214131C202F2EFFDC2F2EFFD876F0D68E2F032F28DD
S214131C3000024EB900135B462E004FEF00106708E4
S214131C402F0D206A0014609C206EFFFC082C0002E7
S214131C50006C670000ACE04D11450004116EFFD315
S214131C6000054228000642280007487048F42D480D
S214131C70FFCC4EB900130488206EFFCC2F082F0A12
S214131C804EB9001304BC4FEF000C206EFFCC42106D
S214131C904228000142280002422800032F2EFFF894
S214131CA049F900135AF24E942F03206A00142F2872
S214131CB0000220424E902E004FEF000C6682176EE5
S214131CC0FFD40024176EFFD50025176EFFD6002607
S214131CD0176EFFD700272F2EFFEC2F0A4EB90013CF
S214131CE018842F2EFFE84E942F0D206A00142F28E9
S214131CF0000220424E902E004FEF00146000FEF0BC
S214131D003004E048114000041144000560804E562C
S214131D10FF6C48E73F3C246E000C42A7486EFF78E2
S214131D2042A72F0A4EB90013DBBC24004FEF001056
S214131D30660000C6286A00142F2EFF7C2F2EFF780D
S214131D4047EEFF902F0B2F2C00024EB900135B5259
S214131D5024004FEF0010660000A02F2EFF9C2F0AC2
S214131D604EB90013142A508F4A00664E4EB900130C
S214131D7000AE08000005674248790014D98A4879EE
S214131D800014D9144BF90014428C4E95487802E38C
S214131D9048790014D9174E9542A72F2A0018487968
S214131DA00014D9D24E9520790014FC362F2800083B
S214131DB04EB900143E2E4FEF002041EC00062D487E
S214131DC0FF6C2F2E00142F2E00102F082F2EFF9C83
S214131DD04BEEFFA02F0D4EB90013179E4FEF0014B6
S214131DE04A8067202F0B2F2C00024EB900137FBC9E
S214131DF0508F243CFFFF9E5820024CEE3CFCFF44C1
S214131E004E5E4E75486EFFD0486EFF702F0B2F0A2E
S214131E102F0D4EB9001315624FEF00144A8066C497
S214131E204BEEFFB07EC0DE8E206EFF70206800146F
S214131E30700010280004E1484840424076001628F7
S214131E400005484342438083760016280006E18B3C
S214131E5086808628000742A7486EFF802F032F0A26
S214131E604EB90013DBBC24004FEF0010660000BE13
S214131E702F2EFF842F2EFF802F0D2F2C00024EB9EE
S214131E8000135B5224004FEF0010660000A02F2EA5
S214131E90FFBC2F0A4EB90013040A508F4A00664E31
S214131EA04EB9001300AE08000005674248790014C7
S214131EB0D98A48790014D91447F90014428C4E93E2
S214131EC04878031348790014D9174E932F032F2AF3
S214131ED0001848790014DA0D4E9320790014FC3656
S214131EE02F2800084EB900143E2E4FEF0020486EE0
S214131EF0FF742F2E00142F2E00102F2EFF6C2F0D75
S214131F004EB900130BD024004FEF001466464878E2
S214131F1000102F0D2F2E00084EB900144C8C226E75
S214131F200008236EFF7400104FEF000C45EEFFD031
S214131F3047F900137FBCB5EEFF706200FEBC2F0A94
S214131F402F2C00024E93508F4A826602240045EAD5
S214131F50001860E22F0D2F2C00024EB900137FBC21
S214131F60508F4A8066C67002B08266C0262EFFA0C7
S214131F70307C0014D1EEFF707A007CD0DC8E47E8FC
S214131F80FFEC2228FFFC2241700010290002E18892
S214131F90802900032250280950842084E788D081A2
S214131FA0B084620C41E8FFE8B7C66780528560CEFE
S214131FB0780008030000663018290008E14C4844EE
S214131FC0424470001029000948404240888070003F
S214131FD01029000AE18880848029000B72FEC081D4
S214131FE0B0836600FF487800B8856700FE3C206B18
S214131FF00014700010280004E14848404240760060
S21413200016280005484342438083760016280006A8
S214132010E18B86808628000742A7486EFF882F0329
S2141320202F0A4EB90013DBBC4FEF00104A80660030
S21413203000CA2F2EFF8C2F2EFF882F07206A00141E
S2141320402F2800024EB900135B524FEF00104A8040
S214132050660000A82F2EFFCC2F0A4EB90013142AA1
S214132060508F4A0066544EB9001300AE08000005A0
S214132070674848790014D98A48790014D9142C3C37
S2141320800014428C20464E90487802B848790014C3
S214132090D91722464E912F032F2A00184879001479
S2141320A0D99920464E9020790014FC362F28000824
S2141320B04EB900143E2E4FEF002047EB00182F0B9F
S2141320C0206A00142F2800024EB900137FBC5284D6
S2141320D0508F4A806624487800102F072F0B4EB96E
S2141320E000144C8C202EFFCC508027400010274025
S2141320F000144FEF000C6000FEF04A806C062400BC
S2141321006000FE2A7202B2806700FD1E6000FE1E8B
S2141321104E56FF3048E73F3C246E000842A7486EF1
S214132120FF5842A72F0A47F90013DBBC4E934FEF15
S21413213000104A80660000D62D6A0014FF442F2E26
S214132140FF5C2F2EFF58240E0682FFFFFF702F0210
S214132150206EFF442F2800024EB900135B524FEF38
S21413216000104A80660000A62F2EFF7C2F0A4EB959
S2141321700013142A508F4A00664E4EB9001300AE51
S21413218008000005674248790014D98A4879001474
S214132190D91449F90014428C4E94487804E74879C8
S2141321A00014D9174E9442A72F2A00184879001402
S2141321B0D9D24E9420790014FC362F2800084EB935
S2141321C000143E2E4FEF0020226EFF445C892D49EB
S2141321D0FF402F2E00102F2E00142F092F2EFF7CBA
S2141321E04BEEFF802F0D4EB90013179E4FEF0014C2
S2141321F04A8067222F02206EFF442F2800024EB912
S21413220000137FBC508F203CFFFF9E584CEE3CFCC7
S214132210FF084E5E4E7578D0D88E2F04486EFF504A
S2141322202F022F0A2F0D4EB9001315624FEF00140D
S214132230263CFFFF9E584A8066000800206EFF501B
S21413224020680014720012280004E14948414241F4
S2141322507000102800054840424082807000102805
S2141322600006E1888081802800072D40FF4C42A796
S214132270486EFF602F002F0A4E9326004FEF001074
S214132280660007B8266EFF50B88B6600038E387C40
S2141322900020D9EEFFDC74001414E18A842C0001AC
S2141322A07000102C0002E188802C0003B0826600B8
S2141322B00234200B9084E6802F3CAAAAAAAB2F00E8
S2141322C04EB90014B488508F2A00226EFFDC7200B9
S2141322D012290020E189822900217000102900228A
S2141322E0E188802900234A856F06B04167000832CB
S2141322F0226A001472001229001EE1494841424125
S21413230078001829001F484442448284780018290C
S2141323100020E18C888188290021486EFF90486E42
S214132320FFA02F0A4EB90013DE2A26004FEF000C2B
S214132330660006EE2F2EFFA42F2EFFA0486EFFB0CA
S214132340226A00142F2900024EB900135B4626009A
S2141323504FEF0010660006CA263C00000400E9ABE7
S21413236028035184E68C226EFFBC2C0950864878CD
S214132370000842A72F092D49FF304EB900144CFC14
S2141323803003E048226EFF30134000041343000569
S2141323904FEF000C760036023204E0493D41FF4809
S2141323A002840000FFFF4A856F00027A2E02E28F36
S2141323B096872007E7884BF408007A001A15E14D34
S2141323C0484542457000102D000148404240808524
S2141323D07A001A2D0002E18D8A808A2D00032003CD
S2141323E0E7882F002F0D2F064BF900144C8C2D4920
S2141323F0FF304E957009E0AA1942000219470003F0
S2141324003003E048226EFF301340000A1343000BDC
S214132410136EFF49000813440009262B001496ABCD
S2141324200010E6834FEF000C49F900131884B687A3
S21413243065502F2B000C2F0A4E942F2B00084EB9E5
S21413244000135AF278C0487800102F0B48764800CD
S2141324504E9548780010486EFFB02F0B4E95968712
S214132460E78BD68627430014274600104FEF002429
S2141324704878001048764800486EFFB04E954FEFE8
S214132480000C2F2EFF902F05486EFFD02F0A4EB943
S214132490001319A82F2EFFDC2F0A4E942F2EFFF4AD
S2141324A02F0A4E944FEF001C2EAEFFD847F9001399
S2141324B05AF24E932F2EFFF04E932F2EFFBC2F0A59
S2141324C04E942F2EFFB84E93486EFFB0206A00141A
S2141324D02F2800024EB900137FBC26004FEF001CB6
S2141324E06600053E2F2EFF642F2EFF6049EEFF90E9
S2141324F02F0C206EFF442F2800024EB900135B5298
S21413250026004FEF0010660005322F2EFF9C2F0A71
S2141325104EB90013040A508F4A0066504EB9001382
S21413252000AE08000005674448790014D98A487934
S2141325300014D91447F90014428C4E934878051B9F
S21413254048790014D9174E932F2EFF4C2F2A0018B4
S21413255048790014DA0D4E9320790014FC362F2890
S21413256000084EB900143E2E4FEF00202F2E0014F5
S2141325702F2E00102F2E000C2F0C2F0A2F2EFF405D
S2141325804EB9001307A44FEF00184A806700049251
S2141325902D6EFF50FF382A2A001422457200122986
S2141325A0001EE1494841424170001029001F48406F
S2141325B042408280700010290020E18880818029A3
S2141325C00021223C00000400E1A92D41FF4C2F01FD
S2141325D047F9001429C24E932D40FF48588F67348D
S2141325E04878000C2F2EFF4C4EB90014B4AC508F05
S2141325F02200D281D081D080D0802F004E932640E7
S214132600588F4A80660000C22F2EFF484EB900141A
S21413261029D6588F780C60000210286B000C508C4B
S2141326206000FC74E78B2F032F0C2F0647F900145A
S2141326304C8C2D49FF304E93226EFF30136EFF499C
S214132640000813440009422C0002197C0001000301
S214132650196EFF900004196EFF910005196EFF9214
S2141326600006196EFF9300072A6EFFDC1B7C000121
S214132670001E206EFFE491CCD1C62D48FFFC2D46DC
S214132680FFF874E8D48E48780010486EFFB02F0217
S2141326904E932D42FF502F0D2F0A47F9001318841F
S2141326A04E934FEF001C2EAEFFF42F0A4E932F2E91
S2141326B0FFD847F900135AF24E932F2EFFF04E937E
S2141326C04FEF00106000FE1E7CB0DC8E48780010C2
S2141326D0486EFF802F0649F900144C8C4E94206EDA
S2141326E0FF9C4FEF000C242EFF489BCD202EFF4C53
S2141326F0D0AEFF9CB088627048790013131A4878DE
S214132700000C2F0D2F0B4EB9001434A4486EFF5433
S214132710486EFF682F0A4EB90013DE2A28004FEFC3
S214132720001C660000F22F2EFF6C2F2EFF68486EDB
S214132730FFC0206A00142F2800024EB900135B4610
S21413274028004FEF0010660000CE222EFF4CE289C1
S21413275049EB0004204C7000B88D66000124780005
S21413276042AEFF3C6000012E72001210E149484150
S2141327704241700010280001484042408280700099
S21413278010280002E1888081802800034A806700B1
S21413279000DE1E280006670000D6024700FF22450B
S2141327A0720012290052E149484142417000102933
S2141327B00053484042408280700010290054E1883C
S2141327C08081802900554A80661C700010290044B9
S2141327D0E188802900450C400004620A7000102826
S2141327E00007E1888E4002870000FFFF486EFFB4A3
S2141327F02F062F2EFFB82F2EFFBC2F074868000872
S2141328002D48FF304EB900134D7E28004FEF0018A9
S214132810206EFF3067182F0B45F9001429D64E92F9
S2141328202F2EFF484E92508F2604600001F45087D7
S2141328307003C087670670FCCE8058872F072F0853
S2141328402F022D48FF304E9443F5D800D3CDD3C96D
S214132850D3C943F39800234200082347000422AE4B
S214132860FFB0D487528D4FEF000C206EFF307000F0
S21413287010280004E18880280005D1C06000FE6E91
S21413288043E8FFFCD09041E8000CB280640001C41A
S2141328902D51FF3C2404D484D484D482D482206E55
S2141328A0FF3CB1F328F457C0488048C02E00448735
S2141328B0224508290002006C670670F4D1AEFF4C5F
S2141328C07C007A00220453812D41FF34BA846600BB
S2141328D0018849F328047C00243C00144C8C280DF2
S2141328E05384BA8D650001C0206A001408280002BC
S2141328F0006C675272001228001EE149484142419B
S21413290070001028001F4840424082807000102834
S2141329100020E188808180280021387C0400220C66
S214132920E1A9284149ECFFF4202EFF9CD08C2F0000
S214132930243C0013048820424E90D9EEFFCC2F0C73
S21413294022424E91508F2F2EFF9C2F0A49F90013C7
S21413295004BC4E942F2EFFCC2F0A4E942F2EFF9886
S21413296049F900135AF24E942F2EFFC84E942F0B8C
S21413297047F9001429D64E932F2EFF484E934FEF48
S214132980001C2EAEFF54206EFF3C487078002F2E8E
S214132990FF382F0A4EB9001319A847EEFFA0487840
S2141329A00010486EFFC02F0B4EB900144C8C206ECF
S2141329B0FF5020680014700010280008E1484840B3
S2141329C04240720012280009484142418081720039
S2141329D01228000AE18982808228000B4FEF001C20
S2141329E041F9001307A4B2AEFF80620001042F2E34
S2141329F000142F2E00102F2E000C2F0B2F0A2F2E05
S214132A00FF404E904FEF00142E8B226EFF442F295B
S214132A1000024EB900137FBC508F4A806600F7EE53
S214132A20486EFF90206EFF442F2800024EB9001305
S214132A307FBC508F4A806600F7D445EEFFD047F927
S214132A4000137FBCB5EEFF50630000BA200360008E
S214132A50F7BC52846000FD02206EFF9CD1C62F1473
S214132A602F2C00042F082D48FF304EB900144C8C21
S214132A704FEF000C206EFF30BAAEFF3464182014EC
S214132A80116C0002000411400005DC94528549ECD9
S214132A90000C6000FE38302EFF4E90463200E049A0
S214132AA01141000460E0206EFFCCD1C62F142F2CEA
S214132AB000042F082D48FF3022424E914FEF000C92
S214132AC0206EFF30B88563182014116C00020004C2
S214132AD011400005DC94528549EC000C6000FE049E
S214132AE0302EFF4E90463200E0491141000460E05C
S214132AF02F2E00142F2E00102F2E000C486EFF9032
S214132B006000FEFA2F0A226EFF442F2900024E930E
S214132B10508F4A806600F6F645EA00186000FF26D6
S214132B20761C6000FEFC4E56FFE848E72038246EFD
S214132B300008242E000C42A7486EFFE842A72F0A6F
S214132B404EB90013DBBC4FEF00104A80660000D668
S214132B502F2EFFEC2F2EFFE849EEFFF02F0C206AE6
S214132B6000142F2800024EB900135B524FEF0010CB
S214132B704A80660000B02F2EFFFC2F0A4EB90013B2
S214132B80142A508F4A00664E4EB9001300AE080042
S214132B900005674248790014D98A48790014D91475
S214132BA047F90014428C4E93487805694879001407
S214132BB0D9174E9342A72F2A001848790014D9D252
S214132BC04E9320790014FC362F2800084EB90014B3
S214132BD03E2E4FEF0020206EFFFC2002424048405E
S214132BE0E0481140000C2002424048401140000DBE
S214132BF02002E0881140000E1142000F2F082F0A02
S214132C004EB9001318842F2EFFF84EB900135AF23C
S214132C102F0C206A00142F2800024EB900137FBC15
S214132C204FEF00144CEE1C04FFD84E5E4E754E56F6
S214132C3000002F02223C000182B95381660470FE05
S214132C40603E303900FF200EE0484A006D0C140039
S214132C50020200500C020050672E0800000067DACC
S214132C60303900FF2002E08872004601C2802F012F
S214132C7048790014DA4E4EB90014428C508F70FF08
S214132C80242EFFFC4E5E4E75700060F44E56000008
S214132C902F02223C000182B95381660470FE603E07
S214132CA0303900FF200EE0484A006D0C1400020273
S214132CB000180C020018672E0800000067DA303977
S214132CC000FF2002E08872004601C2802F01487977
S214132CD00014DA4E4EB90014428C508F70FF242E17
S214132CE0FFFC4E5E4E75700060F44E56000048E7CB
S214132CF03F20282E00082A2E000C242E00104EB932
S214132D0000132C2E22024841E04148C10201000F55
S214132D100001FFE03C01E14E024100FF824633C151
S214132D2000FF200C7C004606CC842204E189024472
S214132D3000FF884133C400FF20042802E18C42417F
S214132D401202824433C100FF20063202E0492802F1
S214132D5002840000FF00824433C100FF200848426B
S214132D6048C22202E189024200FF844133C200FFB7
S214132D70200A33FC202000FF200E7800227C00FF60
S214132D80200E247C00FF20002E00BC846E0A4CEE1E
S214132D9004FCFFE44E5E4E7520047209E3A820453A
S214132DA0D1C0343C270F1611080300036600001623
S214132DB0080300006600000853426600FFEA70FF2F
S214132DC060000010303C00FF321230C151C8FFFAC9
S214132DD070004A876C162D7C0014DA6100084CEEDE
S214132DE004FCFFE44E5E4EF9001443625284609A6C
S214132DF04E56000048E73430262E0008246E000C8A
S214132E00242E00104EB900132C2E20024840E0400A
S214132E1048C00200000F0000FFE03200E149024004
S214132E2000FF804133C000FF200C7A004605CA839A
S214132E302003E188024300FF864033C300FF2004CB
S214132E402202E18942401002804133C000FF20066F
S214132E503002E048220202810000FF00804133C0A6
S214132E6000FF2008484248C22002E188024200FFC1
S214132E70844033C200FF200A33FC303000FF200E9C
S214132E80740047F900132C8CBA82661633FCE7E7F6
S214132E9000FF200E4CEE0C2CFFEC4E5E4EF900138A
S214132EA02C2E4E934A806C1A2D40000C2D7C001449
S214132EB0DA7B00084CEE0C2CFFEC4E5E4EF9001439
S214132EC0428C70002040D1C03232880033C100FFDC
S214132ED0200052800C800000010066E8528245EA0A
S214132EE0020060A44E56000048E73800206E000823
S214132EF0202E0010226E000CD3C076012209928079
S214132F007407C4816628E689D1C122002248740753
S214132F10B48165302200E689D1C1E78990817200B9
S214132F207601B08166244CDF001C4E5E4E754A80D7
S214132F3067F4E6892803E5AC24044602C530180076
S214132F40538060B84219518160C42403E3AA460231
S214132F50C510528160CC4E56000048E73C00206EE8
S214132F600008262E000C226E0014222E00109283C8
S214132F707801202E001090817407C480661EE688A0
S214132F80D1C07A01282E001098817007B08165325F
S214132F9074007601B2826654701C601A4A8167F810
S214132FA0E688103008000280000000FF2A04E5AD12
S214132FB0C085660A22834CDF003C4E5E4E755381F5
S214132FC060B016180C03FFFF671E74000283000020
S214132FD000FF2005E5A8C0836606D882228460D643
S214132FE052827008B08266EA5181609870001010A1
S214132FF02A03E5ADC0856606D484228260B8528261
S21413300060924E560000226E0008206E000C700070
S214133010123108000C01002F660642104E5E4E75E4
S2141330204A01660610BC000160F252800C80000054
S21413303000FF66DC700060E44E5600002F02242E5C
S21413304000084A390014FED8672448790014FED9BC
S2141330504EB900144C762E802F0248790014FED9F0
S2141330604EB900144A744FEF000C4A8067444A392D
S214133070001507C667404879001507C74EB90014F0
S2141330804C762E802F024879001507C74EB90014C8
S2141330904A744FEF000C72004A80660C223C000004
S2141330A008EE06810014FED82001242EFFFC4E5E87
S2141330B04E75720060EC720060EE4E5600002F0ADA
S2141330C02F02246E0008202A047474004A8067189E
S2141330D04AAA047866122F004EB90013A53C588FDF
S2141330E04A806712254004782002242EFFF8246EA7
S2141330F0FFFC4E5E4E75740C60EE4E5600002F0AA3
S214133100246E0008202A0474671C222A0478671683
S214133110487800012F012F004EB900139D6042AA74
S21413312004784FEF000C246EFFFC4E5E4E754E5621
S21413313000002F0A246E0008202A0474671E222A11
S214133140047867182F012F004EB90013A57842AAEA
S2141331500478508F246EFFFC4E5E4E75700060F43C
S2141331604E56FFD848E73F3C246E00087A26DA8A84
S2141331704AAA0474670000E84AAA047856C34403AC
S2141331800283000000FF47EEFFE22F0B2F2E000CEA
S2141331902F054BF90013D1AA4E9524004FEF000CC0
S2141331A0660000F62F2EFFF2486A002C4EB9001365
S2141331B04AC82C002E012F0B49F90013D1C84E9480
S2141331C04FEF000C4A83670A2F0A4EB90013312EAD
S2141331D0588F202E0010222E0014428406810100E0
S2141331E00000D1842D40FFDA2D41FFDE202EFFDABA
S2141331F0222EFFDE92879186643070FF0687FF00CB
S2141332000000DD802F0A4EB9001330BA2F0B2F2E75
S214133210000C2F054E9528004FEF001067462F0A17
S2141332204EB9001330FA588F2404202E0010222E85
S21413323000149287918664522F0A4EB9001330BA3F
S2141332402F0B2F2E000C2F054E9524004FEF00103A
S214133250676A2F0A4EB9001330FA588F602C420350
S2141332606000FF1E2F072F062F0B4EB90013D784AF
S21413327028004FEF000C672C2F0B4E94588F2F0AF5
S2141332804EB9001330FA588F24044A83670A2F0A5C
S2141332904EB9001330BA588F20024CEE3CFCFFB0E8
S2141332A04E5E4E752F0B4E942800588F66D02F0AFD
S2141332B04EB90013312E588F6000FF322F2E001494
S2141332C02F2E00102F0B4EB90013D78424004FEF68
S2141332D0000C670A2F0B4E94588F6000FF762F0B47
S2141332E04E942400588F6600FF6A2F0A4EB90013B7
S2141332F0312E6000FF664E56FFEC48E7383C2A6EC8
S2141333000008266E000C246E0010262E0014182EAD
S214133310001F2F0A2F2E00182F032F0B49F9001307
S21413332009424E9424004FEF0010660000AE487812
S21413333040002F2A0010486D002C4EB900134B7214
S2141333404FEF000C4A00670001764A04660000DA65
S214133350082D0005008B67502F0B2F0A4EB900134C
S2141333601A64508F4A8066000150487810002F2A3E
S21413337000104EB900134C28157C0001001C508F0A
S214133380487800022F2A00104EB9001345462F0B1B
S2141333904EB90013E3A2157C0001001C177C000134
S2141333A0001C4FEF000C60322F0A48780001487952
S2141333B00014D9D02F0A4E9428004FEF001067261A
S2141333C02F034EB900144C762E802F032F0B4EB9B5
S2141333D000130F084FEF000C240420024CEE3C1C85
S2141333E0FFD04E5E4E752F0B4878000248790014B6
S2141333F0D9CF2F0A4E9428004FEF001067822F0361
S2141334004EB900144C762E802F032F0B47F900135A
S2141334100F084E934878000148790014D9D02F0A24
S2141334204E934FEF001860B0487810002F2A001004
S2141334304EB900134B92508F4A00666A48780002C2
S21413344048790014D9CF2F0A49EEFFEC2F0C4EB94A
S21413345000130CFA4FEF00104A80665A206EFFFCDA
S21413346010AB0018116B00190001116B001A000243
S214133470116B001B00032F2EFFF44EB900135AF2E4
S2141334802F0C2F0A4EB900130EDC4FEF000C4A8098
S21413349066262F0B4EB90013E3A2177C0001001CFF
S2141334A0588F6000FF362F2B00182F0A4EB90013C3
S2141334B02B26508F60D8700524006000FF1E4A0428
S2141334C06600FF182F0A4EB90013E3A2157C0001FD
S2141334D0001C60CC4E56FFA848E73F3C2A6E0008F7
S2141334E0242E000C262E0010422EFFAF2F024EB9AC
S2141334F000133038588F244042954A806700035E85
S2141335004A2A0026670808030006660003562B435C
S2141335100008486A00014EB900144C76588F2600EE
S2141335204AAE001C6706206E001C20807E26DE8AAC
S21413353049EEFFC42F0C487800022F074EB900132C
S214133540D1AA2C004FEF000C660000FA4AAE001802
S2141335506708206E001820AEFFDC41EA002C2D48C9
S214133560FFAAD48376AF487638002F0247F90013A4
S21413357030024E93508F2A3C0000400047EEFFE285
S214133580486EFFAF2F024EB9001330022800508F3B
S214133590661670FDC0AE001466084A2EFFAF6600AE
S2141335A0023E7C02600000942F002F022F0C486E00
S2141335B0FFB04EB900130CFA2C004FEF0010670043
S2141335C000B8486EFFB02F0C4EB900130EDC508FA8
S2141335D07002B0866664082D0006000B675C4A2EE0
S2141335E0FFAF67042C2E00142F062F0B2F074EB990
S2141335F00013D2BC2C004FEF000C663E2F0B2F0788
S2141336004EB90013D22A508F263C0013D1C80C840F
S214133610000000FF633A48790014DAA34EB9001489
S21413362043622F0B4EB90013D42E422EFFFE2F0BE0
S21413363020434E904FEF000C7C162F0C4EB9001300
S214133640D1C8588F20064CEE3CFCFF804E5E4E755C
S21413365042A72F042F022F0B2F0C2F0A4EB900133D
S21413366032F62C004FEF0018660001FE2F0B204396
S2141336704E90588F6000FF0A4AAE00186708206EF7
S214133680001820AEFFDC206EFFC070001010E1485B
S2141336904840424076001628000148434243808340
S2141336A0760016280002E18B868086280003082AF7
S2141336B00001008F670000D47200122A0078E149D7
S2141336C0484142417000102A0079484042408280A7
S2141336D07000102A007AE1888081802A007B4A8055
S2141336E066147000102A006AE188802A006B0C406A
S2141336F0000463000090102800070280000000FFFB
S2141337002F004EB90013D28E2A00588F486EFFB082
S2141337102F0C4EB900130EDC2C00508F6600FF1CC6
S2141337200C850000400067084A2EFFAF6700FE7442
S2141337304AAE00146600008A2F0C4EB90013D1C887
S2141337402C00588F6600FEF42F0C2F032F074EB94C
S2141337500013D1AA2C004FEF000C6600FEDE4A2E93
S214133760FFAF667A204241F0480124084AAE001C97
S2141337706700FE0E206E001C20105280D08420801E
S2141337806000FDFE42006000FF722F0B2F032F0711
S2141337904EB90013D1AA2C004FEF000C6600FE9C06
S2141337A02F2EFFF22F2EFFAA4EB900134AAA2A0075
S2141337B02F0B4EB90013D1C84FEF000C6000FF4E0D
S2141337C02F2E00144EB90013D28E588FB085670073
S2141337D0FF684A2EFFAF6700FF606000FDC647F91B
S2141337E00013D1C84A2EFFAF6768082D0001000AE0
S2141337F067280C8500008000662042A742A72F2E5C
S214133800FFDC2F0A4EB9001331602C004FEF001067
S21413381067082F0C4E936000FE2A2A8A2F2EFFD499
S2141338202F2EFFAA4EB900134AC82B40000C2B416B
S21413383000102B6EFFDC000442AD001442AD0018DE
S214133840508F082D0002000A67082B4000142B41E6
S21413385000182F0C4E932C006000FDE87C026000CD
S214133860FDE47C1E6000FDDE2F0B4EB90013D42E34
S214133870422EFFFE2F0B20434E90508F6000FDBC50
S2141338804E56000048E73E202C2E000C242E001027
S214133890182E00172F064EB900133038588F2A00EB
S2141338A04A826700011A48790014EF112F0245F96E
S2141338B0001445F64E92508F4A8067000198487957
S2141338C00014DAAC2F024E92508F4A80670001869E
S2141338D048790014DAAF2F024E92508F4A80670051
S2141338E0015448790014DAB12F024E92508F4A8051
S2141338F06700014248790014F3042F024E92508F4A
S2141339004A806700016248790014DAB42F024E9297
S214133910508F4A806700012E48790014DAB72F02B9
S2141339204E92508F4A806700015448790014DABAD1
S2141339302F024E92508F4A80670001284879001450
S214133940DABE2F024E92508F4A80670001304879B4
S2141339500014DAC22F024E92508F4A80670000EE90
S21413396048790014DAC52F024E92508F4A806700AA
S214133970011E48790014DAC92F024E92508F4A80DE
S2141339806700010C48790014DACD2F024E92508F3F
S2141339904A806700010A48790014DAD02F024E9243
S2141339A0508F4A80670000F848790014DAD42F0243
S2141339B04E92508F243C000004424A80677C48791C
S2141339C00014DAD84EB900144362588F7416604444
S2141339D0347C00017640C682670A2F054EB9001361
S2141339E030BA588F2F2E001C2F2E00182F0A2F0296
S2141339F02F062F2E00084EB9001334D424004FEF91
S214133A0000184A83670E4A8066162F054EB90013B0
S214133A10312E588F20024CEE047CFFE84E5E4E7516
S214133A202F054EB9001330FA60E87640C682347C10
S214133A30000160A6243C000002414A0466EC347C74
S214133A4000026090243C0000044160EE243C000019
S214133A50024260E674004A0467E47600347C000190
S214133A606082740260F0243C000004414A0466003D
S214133A70FF607640347C00026000FF6074024A04E4
S214133A806600FF4E7600347C00026000FF58243C2C
S214133A90000002427640C6824A04669260D6243CF0
S214133AA00000044260EE4E56000048E72030242EF5
S214133AB00008246E000C6706B4FC0000661C4878E9
S214133AC0007648790014DAE148790014D8E44EB940
S214133AD00014428C4FEF000C60FE2F0A4EB90014F0
S214133AE04C76588F7220B28065322F0A48790015AB
S214133AF010B447F9001445F64E93508F4A80676CFE
S214133B002F0A4879001510DA4E93508F4A80675C57
S214133B104AB9001510D6661E700060264879001440
S214133B20DAF24EB900144362588F70164CEE0C043A
S214133B30FFF44E5E4E75701C4AB9001510FC66EC09
S214133B4070012F0A2440D5C0D5CAD5C0D5CAD5CA48
S214133B5095C0D5CAD5FC001510B42F0A4EB900145B
S214133B604C6225420022508F700060C0701160BCFA
S214133B704E56000048E73C3C262E0008266E000CE6
S214133B80242E0010B6FC000067044A83661C48788F
S214133B90017848790014DAE148790014D8E44EB96C
S214133BA00014428C4FEF000C60FE2F0B4EB900141E
S214133BB04C76588F7220B280641C48790014DAFA57
S214133BC04EB900144362588F761620034CEE3C3CD5
S214133BD0FFE04E5E4E750C33002F08FF67067679AE
S214133BE0460360E64879001510B42F0345F9001410
S214133BF045F64E92508F4A80670000CA48790015E2
S214133C0010DA2F034E92508F76134A8066BC7201D9
S214133C102001D081D080D081D080D0809081D08078
S214133C202040D1FC001510D62850B8FC00006700C1
S214133C3001344BF90014FED84A156700008E2F0B7B
S214133C4048790014FED94E92508F26006700FF7CE9
S214133C504A39001507C6667672012001E788D081B7
S214133C602800EF8C9880D8842F0B2004068000142D
S214133C70FED92F004EB900144C622A040685001490
S214133C80FED82F0C4EB900137E1026004FEF000CF3
S214133C906600FF382644D7FC0014FEFE7200460169
S214133CA0C2822F012F0C2F0B4EB90013C4402600CF
S214133CB04FEF000C67302F0C4EB900137F70588FE0
S214133CC06000FF0872006000FF487200608C2F0BC4
S214133CD04879001507C74E92508F26006700FEECF2
S214133CE0760C6000FEE6243C0000040020452028E5
S214133CF00044E1AA2F022F0C4EB900137F0224446E
S214133D00D5FC001507A02F02487800082F0A4EB9D5
S214133D100013EA1E26004FEF0014669A2045B4A837
S214133D2008CC6600FEBA2F0A2F0C4EB900137EC0BD
S214133D302600508F67202F0A4EB90013EF3C2F0C26
S214133D404EB900137F702F0A4EB90013EA844FEF53
S214133D50000C6000FE76294B00281BBC00014800AF
S214133D606000FE6876136000FE624E56000048E759
S214133D703830242E00082F0248790014FED945F94E
S214133D80001445F64E92508F280067142F02487978
S214133D90001507C74E92508F72134A80666E7801CD
S214133DA02604E78B2003D0842400EF8A9480D482E1
S214133DB0200206800014FEFE2F004EB90013C01218
S214133DC02200588F45F90014FED8662E423228007A
S214133DD047F2282820532F2800144EB90013EF3C1F
S214133DE020532F2800144EB90013EA842F134EB90C
S214133DF000137F7022004FEF000CD6842003EF8849
S214133E009083D0802072082842A8002820014CEE08
S214133E100C1CFFEC4E5E4E754E56FFFC2F0A2F2ED3
S214133E2000084EB900133038588F24404A80673A3A
S214133E30206A0022B0FC0000670420504E902F2A00
S214133E4000284EB9001387E6206A0022588FB0FC6C
S214133E500000670E206800042D40FFFC4E90202EB5
S214133E60FFFC246EFFF84E5E4E75700260F44E56DD
S214133E700000206E0008B0FC000067044A90661C21
S214133E804878064848790014DAE148790014D8E4EB
S214133E904EB90014428C4FEF000C60FE429042A8BD
S214133EA0000842A8000442A8000C42A8001042A82A
S214133EB0001442A8001870004E5E4E754E56FFE072
S214133EC048E72038242E00082F024EB90013303846
S214133ED0588F24404A8067704A2A0026666E206AE6
S214133EE00022B0FC0000670420504E9042A742A761
S214133EF042A748790014EF112F0249EEFFE42F0C66
S214133F0047F9001338804E934FEF00184A80671610
S214133F1042A742A742A748790014DAAF2F022F0C04
S214133F204E934FEF0018206A0022B0FC0000670E75
S214133F30206800042D40FFE04E90202EFFE04CEE4C
S214133F401C04FFD04E5E4E75700260F2701E60EE5B
S214133F504E56FFFC48E72030266E0008242E000C31
S214133F602F024EB900133038588F24404A806752B8
S214133F70206A0022B0FC0000670420504E9042A72F
S214133F8042A742A748790014EF112F022F0B4EB900
S214133F900013388042AB012442AB0128206A00226A
S214133FA04FEF0018B0FC0000670E206800042D4089
S214133FB0FFFC4E90202EFFFC4CEE0C04FFF04E5EE2
S214133FC04E75700260F24E5600004E5E4EF90013A8
S214133FD03E6E4E56FFC048E73C3C246E0008205207
S214133FE020680022B0FC0000670420504E90202A60
S214133FF00124222A012874FF76FF92839182661E7B
S214134000205220680022B0FC0000670620680004D7
S2141340104E9070004CEE3C3CFFA04E5E4E754BEE41
S214134020FFC22F0D2F2A00047626D6922F034EB9E1
S2141340300013D1AA4FEF000C4A80662C2F2A0128B2
S2141340402F2A01242F0D74E0D48E2F024EB900139D
S21413405005284FEF0010263C0013D1C84A80670E80
S2141340602F0D20434E90588F97CB600001327A2441
S214134070DA8A487800FF42A72F054EB900144CFC85
S214134080286EFFFC26524244182C00067200122B90
S2141340900078E149484142417000102B00794840AE
S2141340A0424082807000102B007AE1888081802B3A
S2141340B0007B4FEF000C4A80661C7000102B006AC2
S2141340C0E188802B006B0C400004620A7000102CF1
S2141340D00007E18888403F044267486C00082F05B4
S2141340E04EB900144C8C72001214E14948414241F7
S2141340F07000102C00014840424082807000102C43
S2141341000002E1888081802C00032540001C70008B
S214134110102C0004E188802C00053540002015443F
S21413412000227200122B0078E14948414241700088
S214134130102B00794840424082807000102B007A82
S214134140E1888081802B007B4FEF000C4A8066123B
S2141341507000102B006AE188802B006B0C40000463
S2141341606354102C00071540002347EA001C2F0247
S2141341704EB900130560588F4AAEFFFC673C202EDD
S214134180FFF4222EFFF825400124254101282F0293
S2141341904EB9001305E02F0D20434E90508F20523A
S2141341A020680022B0FC00006706206800044E90CA
S2141341B0200B6000FE60420060AC70FF72FF60C6AA
S2141341C04E5600004EB900135BC22F39001511046A
S2141341D048790014DB034EB90014428C2F390015AE
S2141341E0110442A74EB900135C604FEF00104A80CB
S2141341F0670E48790014DB1B4EB900144362588FC0
S2141342004EB900135BD260FE4E5600004E7A8801FC
S214134210217C001341C0008C4E5E4E754E56000036
S2141342202F0A2F02206E000C2248D3EE0010202EE9
S214134230000845F90014DF2CB1C96608241F245F53
S2141342404E5E4E7572001218B18174004602C28219
S214134250D281D281E08822321800B38060DA4E56BB
S21413426000002F0A2F02206E000C2248D3EE0010F7
S214134270202E000845F90014DB2CB1C96608241F4C
S214134280245F4E5E4E7572001218B181740046029A
S214134290C282D281D281E08822321800B38060DADB
S2141342A04E5600002F02226E0008206E000C70007F
S2141342B01010E18880280001740014290048E14A90
S2141342C048424242720012290049484142418481C1
S2141342D072001229004AE18982828229004B7401F6
S2141342E0B4816612720012280076E189822800775C
S2141342F0484142418081241F4E5E4E754E56000043
S2141343002F02226E0008206E000C222E001010AE14
S214134310001211410001740014290048E14A484272
S2141343204242700010290049484042408480700081
S2141343301029004AE18880828029004B7401B480DA
S21413434066122001424048402200E089114100765F
S21413435011400077241F4E5E4E754E560000206E99
S2141343600008116E000E0002116E000F00034E5E61
S2141343704E754E5600002F02206E0008202E000C9D
S214134380222E0010240142424842E04A1142000401
S214134390240142424842114200052401E08A114298
S2141343A0000611410007220042414841E0491141ED
S2141343B0006C2200424148411141006D2200E08901
S2141343C01141006E1140006F241F4E5E4E754E56FF
S2141343D00000226E0008206E000C70001028007C6F
S2141343E0E1888028007D720012290058E18982290D
S2141343F000590C4100806312720012280082E18972
S214134400822800834841424180814E5E4E754E5647
S2141344100000226E0008206E000C7200122900584D
S214134420E18982290059202E0010116E0012007C9B
S2141344301140007D0C41008063104240484022002A
S214134440E08911410082114000834E5E4E754E5630
S2141344500000206E0008202E000C22004241484126
S214134460E049114100082200424148411141000928
S2141344702200E0891141000A1140000B4E5E4E7572
S2141344804E560000206E0008202E000C22004241DB
S2141344904841E0491141000C220042414841114174
S2141344A0000D2200E0891141000E1140000F4E5EF0
S2141344B04E754E560000206E0008202E000C22006B
S2141344C042414841E049114100102200424148410F
S2141344D0114100112200E08911410012114000130E
S2141344E04E5E4E754E560000206E0008202E000CB1
S2141344F0220042414841E049114100142200424142
S2141345004841114100152200E0891141001611405F
S21413451000174E5E4E754E560000206E0008116E44
S214134520000E0018116E000F00194E5E4E754E5693
S2141345300000206E000870001028001AE1888028FA
S214134540001B4E5E4E754E560000206E0008116E10
S214134550000E001A116E000F001B4E5E4E754E565F
S21413456000002F032F02226E0008206E000C70002E
S2141345701028001CE1484840424072001228001DD3
S21413458048414241808172001228001EE1898280D0
S2141345908228001F26017400082900030067676E2F
S2141345A0700010280074E1882400842800750828F9
S2141345B0000200216758720012290018E149484189
S2141345C04241700010290019484042408280700012
S2141345D01029001AE18880818029001B223C0000E4
S2141345E00400E1A92001307C000822085281E288E9
S2141345F00C800000010062264868FFF82F032F0284
S2141346004EB90014C1384FEF000C240026012002C7
S2141346102203242EFFF8262EFFFC4E5E4E752041F5
S21413462060C84E56000048E73020206E0008246EFF
S214134630000C202E0010222E0014428276FF968144
S2141346409580657A200142404840E0481540001C9A
S2141346502001424048401540001D2001E0881540C7
S214134660001E1541001F422A0074422A007572006C
S214134670122A0020E149484142417000102A0021C5
S2141346804840424082807000102A0022E1888081D0
S214134690802A002322000881001224014242484245
S2141346A0E04A1542002024014242484215420021A6
S2141346B0E089154100221540002370006018082871
S2141346C000030067661A48790014E32C4EB90014E9
S2141346D04362588F70164CEE040CFFF44E5E4E7504
S2141346E07400464276FF96819580653224014242D5
S2141346F04842E04A1542001C2401424248421542F1
S214134700001D2401E08A1542001E1541001F3200C9
S214134710E04915410074154000756000FF5276009D
S21413472016280018E14B4843424374001428001916
S21413473048424242868274001428001AE18A84830F
S2141347408428001B263C00000400E5AB307C0008E0
S21413475043E80001E28B0C83000001006200009224
S2141347607600162A0020E14B484342437400142A6D
S21413477000214842424286827400142A0022E18AAB
S2141347808483842A002308C2001226024243484325
S214134790E04B1543002026024243484315430021AD
S2141347A02602E08B15430022154200234868FFF8C3
S2141347B02F012F004EB90014C0F84FEF000C240140
S2141347C042424842E04A1542001C240142424842F3
S2141347D01542001D2401E08A1542001E1541001FD4
S2141347E03200E04915410074154000756000FECC98
S2141347F020496000FF5C4E560000206E0008202EF5
S214134800000C220042414841E04911410020220099
S21413481042414841114100212200E0891141002202
S214134820114000234E5E4E754E560000206E000853
S214134830720012280064E149484142417000102872
S2141348400065484042408280700010280066E18868
S2141348508081802800674E5E4E754E560000206E8F
S2141348600008202E000C220042414841E049114125
S2141348700064220042414841114100652200E0894C
S21413488011410066114000674E5E4E754E5600008D
S214134890226E0008206E000C222E001070001029C5
S2141348A00058E188802900590C400080630C3001C1
S2141348B0E04811400080114100814E5E4E754E5601
S2141348C000002F02206E0008226E000C70001028C5
S2141348D00068E14848404240720012280069484187
S2141348E04241808172001228006AE1898280822800
S2141348F0006B740014290048E14A48424242700093
S2141349001029004948404240848070001029004A0C
S214134910E18880828029004B4A8066127000102836
S2141349200076E188802800774840424082807000F5
S214134930241F4E5E4E754E5600002F02206E000842
S214134940226E000C242E0010202E0014220042414A
S2141349504841E04911410068220042414841114153
S21413496000692200E0891141006A1140006B720051
S21413497012290048E1494841424170001029004974
S21413498048404240828070001029004AE1888081A6
S2141349908029004B4A80660C3002E04811400076AE
S2141349A011420077241F4E5E4E754E5600002F029E
S2141349B0206E0008720AD2AE000CD281D281740027
S2141349C014301800E14A4842424270001030180171
S2141349D0484042408480700010301802E18880827C
S2141349E080301803241F4E5E4E754E5600002F025D
S2141349F0206E0008222E0010700AD0AE000CD08055
S214134A00D080240142424842E04A11820800240121
S214134A1042424842118208012401E08A11820802A8
S214134A2011810803241F4E5E4E754E5600002F024A
S214134A30206E00087216D2AE000CD281D28174009A
S214134A4014301800E14A48424242700010301801F0
S214134A50484042408480700010301802E1888082FB
S214134A6080301803241F4E5E4E754E5600002F02DC
S214134A70206E0008222E00107016D0AE000CD080C8
S214134A80D080240142424842E04A118208002401A1
S214134A9042424842118208012401E08A1182080228
S214134AA011810803241F4E5E4E754E5600002F2E9E
S214134AB0000C2F2E00084EB9001342A0508F028010
S214134AC00000F0004E5E4E754E56000048E730204C
S214134AD0206E0008246E000C7200122A0004E149AE
S214134AE0484142417600162A0005484342438283D2
S214134AF07600162A0006E18B8681862A0007740044
S214134B0072001228004CE1494841424170001028B7
S214134B10004D48404240828070001028004EE188C5
S214134B2080818028004F4A80673A2F0A2F084EB993
S214134B3000134AAA508F0C8000008000662670006F
S214134B40102A006CE148484042407400142A006D55
S214134B504842424280827400142A006EE18A84809E
S214134B60842A006F200222034CEE040CFFF44E5EE0
S214134B704E754E5600002F2E000C2F2E00084EB9E1
S214134B8000134AAA508FB0AE001057C044004E5EB2
S214134B904E754E560000206E000872001228002034
S214134BA0E1494841424170001028002148404240E4
S214134BB08280700010280022E188808180280023DC
S214134BC0C0AE000C56C044004E5E4E754E560000E6
S214134BD0206E0008720012280020E1494841424125
S214134BE07000102800214840424082807000102830
S214134BF00022E188808180280023222E000C468123
S214134C00C081220042414841E04911410020220060
S214134C1042414841114100212200E08911410022FE
S214134C20114000234E5E4E754E560000206E00084F
S214134C30720012280020E1494841424170001028B2
S214134C400021484042408280700010280022E188EC
S214134C5080818028002380AE000C22004241484108
S214134C60E0491141002022004241484111410021F0
S214134C702200E08911410022114000234E5E4E753A
S214134C804E560000206E000C700010280023723061
S214134C90C081662C2F082F2E00084EB900134AAA7F
S214134CA0508F0C8000008000671A0C8000004000B4
S214134CB067120C800000A00057C044004E5E4E756D
S214134CC0420060F8700160F44E5600007028D0AEB3
S214134CD000084E5E4E754E56000048E73E20246E82
S214134CE00008242E000C206E0010202E0014220222
S214134CF0E189260248434243828382822602E14B9D
S214134D00484342438283B0826402240026017A0019
S214134D10BA826D1C22405989B2FC00006D042083B0
S214134D20588851804A806C504CDF047C4E5E4E751A
S214134D304AAE0018673878001832580022447803B1
S214134D40C88566022601E18BD68928050284800071
S214134D5000036C0853847CFC888652847C03BC84D2
S214134D6066082083598026015888528560A2183217
S214134D7058004884324460C620C1598060A64E56F7
S214134D80FFC448E73F3C266E000C202E0010242E4E
S214134D9000144AAE0008670004A64AAE001867005F
S214134DA0049E2D4BFFC8220B53810C81000000FE7E
S214134DB06200046C2D7C67452301FFD02D7CEFCD5C
S214134DC0AB89FFD42D7C98BADCFEFFD84A806628C0
S214134DD02D7C10325476FFDC7005B08265000440DB
S214134DE02002D080303B08064EFB000200FE042C47
S214134DF000F600FC01560022487800102F00486E7B
S214134E00FFD04EB900144C8C4FEF000C60CA7801DB
S214134E1045EEFFE049F900134CD62F0448780010EE
S214134E202F0A2F0B202EFFC8908B206E0008487079
S214134E3008004E94226EFFD0222EFFD42D6EFFE074
S214134E40FFCC2E2EFFE42C2EFFE82D6EFFECFFC4B6
S214134E504FEF001420092601207C9E3779B92403CE
S214134E60E98AD4AEFFCC4BF038002A0DBB822A0356
S214134E70EA8D2A45DBC72A0DBB82D0822400E98A35
S214134E802A42DBC62400EA8AD4AEFFC42A0DBB82AC
S214134E904BF008002A0DBB82D682D1FC9E3779B917
S214134EA0B1FC81AF154966B6D0892D40FFD0D283A9
S214134EB02D41FFD447EBFFF0B6FC00006E00FF5CFD
S214134EC078FEC084B880660270FC206E00182080BE
S214134ED04AAE001C6706206E001C2081700060001E
S214134EE0035478006000FF2A7401246E0008284AD1
S214134EF076002A3C37ABE8F9283C12A3FE2D4BF973
S214134F000014B4884A82673070001014528C2F3CF9
S214134F10006D22F52F004E95508FB980D0856A0606
S214134F2006808000000152832A04B68B6606D08062
S214134F307200608C280060CC1012488048C0528AD9
S214134F4060CC347C00014BEEFFE049F900134CD6DD
S214134F502F0A487800202F0D2F0B202EFFC8908B7A
S214134F60206E0008487008004E942C2EFFD4242E72
S214134F70FFD82E2EFFDC222EFFD0D2AEFFE020026B
S214134F80BF80C086BF80D081E798222EFFE4D287E9
S214134F902A06B585CA80B585DA81EF9D222EFFE8ED
S214134FA0D2822806B184C885BD84D881720BE3BC2F
S214134FB0222EFFECD2862600BB83C684B183D6810D
S214134FC0720DE2BB222EFFF0D2802005B980C0837B
S214134FD0BB80D081E798206EFFF4D1C52204B78139
S214134FE0C280B9812A01DA88EF9D206EFFF8D1C4FA
S214134FF02203B181C285B7812801D888720BE3BC1E
S214135000226EFFFC41F138002200BB81C284B181BD
S2141350102601D688720DE2BB222EFFE406815A8241
S2141350207999D0812D40FFCC22058284C283200536
S214135030C0848280D2AEFFCCE799202EFFEC068088
S2141350405A827999D0852D40FFCC2A048A83CA8147
S2141350502004C0838A80DAAEFFCCEB9D202EFFF4AB
S21413506006805A827999D0842D40FFCC28038881F4
S214135070C8852003C0818880D8AEFFCC7009E1BCF8
S214135080200906805A827999D0832D40FFCC2601B9
S2141350908685C6842001C0858680D6AEFFCC700D6B
S2141350A0E1BB202EFFE006805A827999D0812D40ED
S2141350B0FFCC22058284C2832005C0848280D2AEB0
S2141350C0FFCCE799202EFFE806805A827999D0857F
S2141350D02D40FFCC2A048A83CA812004C0838A8089
S2141350E0DAAEFFCCEB9D202EFFF006805A8279991C
S2141350F0D0842D40FFCC28038881C8852003C08127
S2141351008880D8AEFFCC7009E1BC202EFFF806804D
S2141351105A827999D6802D43FFCC20018085C0848E
S2141351202601C6858083262EFFCCD680700DE1BB64
S214135130202EFFEC06806ED9EBA1D2802005B98015
S214135140B780D280E799200906806ED9EBA1DA8062
S2141351502004B780B380DA807009E1BD202EFFE803
S21413516006806ED9EBA1D8802003B380BB80D08491
S214135170780BE9B8206EFFF8D1FC6ED9EBA1D68870
S2141351802801BB84B184D684780FE9BB282EFFE4AC
S21413519006846ED9EBA1D2842805B184B784D8814E
S2141351A0E79C222EFFF406816ED9EBA1DA8122004A
S2141351B0B781B981DA817209E3BD222EFFE0068139
S2141351C06ED9EBA1D0812203B981BB81D280700B3B
S2141351D0E1B9202EFFF006806ED9EBA1D68020040D
S2141351E0BB80B380D083D8AEFFD02D44FFD0760FCC
S2141351F0E7B8D0862D40FFD4D2822D41FFD8DE8566
S2141352002D47FFDC47EBFFE04FEF0014B6FC000022
S2141352106E00FD3E6000FCAA95CA6000FD2A206E53
S21413522000184290707946004AAE001C6706206E3E
S214135230001C42904CEE3CFCFF9C4E5E4E7570FF7D
S21413524060F24E5600002F0A2F02206E00087000E0
S21413525010280028E14848404240740014280029CA
S21413526048424242808274001428002AE18A8480CD
S2141352708428002B48780010486800684878FFFF99
S21413528045F90013425E4E925E82E68A2F022F2E57
S214135290000C2F004E92242EFFF8246EFFFC4E5E59
S2141352A04E754E56000048E72030246E0008266ED2
S2141352B0000C7400142A00FEE18A842A00FF082AD0
S2141352C00002006667382F2E00102F0A4EB90013FF
S2141352D05242508F082A00020066672AB06B001AE3
S2141352E066200C420040661E42404840B06B003AAF
S2141352F057C044004CEE0C04FFF44E5E4E7570001F
S21413530060D2420060EE700160EA4E56000048E735
S2141353102030246E0008266E000C7400142A00FE3B
S214135320E18A842A00FF082A0002006667322F2EBD
S21413533000102F0A4EB900135242508F082A00024B
S214135340006667123740001A0C4200406608424057
S21413535048403740003A4CEE0C04FFF44E5E4E7550
S214135360700060D84E56FFD048E73E3C246E0008C7
S214135370162E00132C2E000C538649EEFFE22F0C2C
S2141353807200122A002EE149484142417000102A49
S214135390002F4840424082807000102A0030E18877
S2141353A08081802A00312F002F064EB90014B4AC2A
S2141353B0588F2E802F0A4EB90013C5EC24004FEFDA
S2141353C0000C66000126266EFFF22A2B00047800D6
S2141353D07000102A0104E188802A01050C40002081
S2141353E06304282B00242F052F044BEEFFD22F0D1A
S2141353F02F2A00024EB900135B5224004FEF001001
S214135400660000E8240A5C822F2EFFDE2F0B2F0285
S2141354104EB9001352A24FEF000C4A0066524EB913
S214135420001300AE0800000A674648790014E334F8
S21413543048790014D914283C0014428C20444E900A
S214135440487800B948790014D91720444E902F2E67
S214135450FFFA48790014E34220444E902079001452
S214135460FC362F2800084EB900143E2E4FEF001CB2
S2141354707200122A002EE149484142417000102A58
S214135480002F4840424082807000102A0030E18886
S2141354908081802A00312F002F064EB90014B538AC
S2141354A0508F2200E689D2AEFFDE7807C0842041F3
S2141354B001902F2EFFDE2F0B2F024EB90013530A27
S2141354C02F2EFFDA4EB900135AF22F0D2F2A000291
S2141354D04EB900137FBC24004FEF001841F9001398
S2141354E0CFB867122F0C4E90588F20024CEE3C7C90
S2141354F0FFAC4E5E4E754A0367387200322B0010AF
S2141355007000102A0104E188802A01050C4000204F
S214135510630C7400342B003048424242828253811B
S214135520374100100C400020630842414841374180
S21413553000307200322B000E7400142A0104E18A24
S214135540842A01050C420020630C7000302B002EB9
S21413555048404240828052813741000E0C42002060
S2141355606308424148413741002E1D7C0001FFFE6F
S2141355702F0C4E902400588F6600FF707200122A6C
S2141355800016E149484142417000102A001748406E
S214135590424082807000102A0018E1888081802A99
S2141355A000195280220042414841E0491541001635
S2141355B0220042414841154100172200E089154157
S2141355C00018154000196000FF224E56FFC048E72A
S2141355D03F3C246E00081D6E0013FFC42A0A5C8528
S2141355E0282A04462F054EB90013735C2E0072004A
S2141355F0122A0016E149484142417000102A00174A
S2141356004840424082807000102A0018E18880814A
S214135610802A00192D40FFC0588F422EFFC547EE33
S214135620FFE2BE8464083A7C001C600002D4BE8489
S21413563066144A2EFFC566EE2E2A04461D7C00010C
S214135640FFC5780060E82F0B2F042F0A4EB90013FE
S214135650C5EC2A404FEF000C4A80660002A4286E61
S214135660FFF27400342C000E7000102A0104E18837
S214135670802A01050C400020630C7200322C002E89
S2141356804841424184817600362C00100C4000209D
S214135690630002304A82660002742F0B4EB9001361
S2141356A0CFB85284588F6000FF7A2F2EFFDE2F0C50
S2141356B02F054EB9001352A24FEF000C4A00664C4A
S2141356C04EB9001300AE0800000A6740487900146C
S2141356D0E33448790014D9144BF90014428C4E95D0
S2141356E04878011648790014D9174E952F2EFFFACD
S2141356F048790014E3424E9522790014FC362F297C
S21413570000084EB900143E2E4FEF001C2F042F0531
S2141357104EB9001374A22C00486EFFCE2F0042A77A
S2141357202F2EFFDE4EB900132F562A404FEF0018C8
S214135730701CB08D6632486EFFD22F2A00024EB907
S21413574000137FBC2A40508F4A8067062F0B6000D9
S21413575001A82F0B4EB90013CFB82A40588F4A8092
S2141357606600019E6000FEBC202EFFCE2E00E68F44
S214135770226EFFDED3C77207C0817E01E1AF8F11A1
S2141357802F2EFFDE2F0C2F054EB90013530A2F2E84
S214135790FFDA4EB900135AF2486EFFD22F2A0002D0
S2141357A04EB900137FBC4FEF001843EEFFE247F9E4
S2141357B00013CFB8BAFC000067082F094E93600099
S2141357C0013E53823942000E7200122A0104E18907
S2141357D0822A01057000302C001C0C410020631E29
S2141357E0424248423942002E4A2EFFC4672452834F
S2141357F0394300104243484339430030600C4A2E65
S214135800FFC4670652433943001024000C4100209E
S214135810630C7400342C0032484242428480202E9B
S214135820FFCE26069682B08365164680DC80394600
S214135830001C0C4100206308424648463946003295
S2141358401D7C0001FFFE2F094E932A40588F4A8075
S214135850660000AE202EFFC053802400424248420A
S214135860E04A1542001624004242484215420017E9
S2141358702400E08A15420018154000197400142AF3
S214135880002EE14A484242427000102A002F484038
S214135890424084807000102A0030E18880822F04F2
S2141358A0802A00312F004EB90014B488508F226E10
S2141358B0FFCE5289206E000CD089208025440446E2
S2141358C0603E4A826700FDD42D6C0004FFCA42AEC8
S2141358D0FFC62F2EFFCA2F2EFFC6486EFFD22F2AC3
S2141358E000024EB900135B522A404FEF00104A8055
S2141358F06700FDB8486EFFE24EB90013CFB8588F55
S214135900200D4CEE3CFCFF984E5E4E757000302C0E
S21413591000304840424086802D6C0024FFC62D6C14
S2141359200004FFCA60AC4E5600002F0A2F02242E26
S2141359300008487800444EB9001429C22440588FF2
S2141359404A80672E4878004442A72F004EB90014A9
S2141359504CFC40C0357C2200003C200242404840AC
S2141359603540003E35420040357C007000424FEF14
S214135970000C200A242EFFF8246EFFFC4E5E4E7594
S2141359804E5600002F3C0000841C4EB9001429C24A
S2141359904E5E4E754E56000048E73020246E0008C3
S2141359A0242E000C2F024EB90013592641EA7FB25B
S2141359B02488588F7200224011B1180018005281A3
S2141359C07644B68166F0256E00187FF6256E0010B5
S2141359D07FFA223C00007FFE25AE001418002F002D
S2141359E04EB9001429D6203C0000800442B20800A9
S2141359F0203C0000800825820800588F4CEE040CCB
S214135A00FFF44E5E4E754E5600002F0A4EB9001325
S214135A10598024404A80660C95CA200A246EFFFCDF
S214135A204E5E4E752F2E00142F2E00102F2E000CA8
S214135A302F2E00082F004EB900135994203C000057
S214135A40800442B20800203900151100223C0000E1
S214135A50801425801800528023C000151100203CA6
S214135A600000801825B90015110408002F0A4EB936
S214135A7000135C324FEF00184A80679E609A00004E
S214135A8048E77FFE4E560000204F4EB90013E55AE6
S214135A904E5E4CDF7FFE4E73508F48E7FFFE200F9F
S214135AA04FF90014F814204F4EB900135CB42E406F
S214135AB04CDF7FFF4E734E5600002F0A2F027400E2
S214135AC045F90013E48CB4AE000C6D0E7000242E52
S214135AD0FFF8246EFFFC4E5E4E75206E00081030E5
S214135AE0280067E8488030402F084E925282588F1D
S214135AF060D44E56FFF0206E00082268001C226900
S214135B0000142269002820280004222800082D40AB
S214135B10FFF02D41FFF42D48FFF82D68000CFFFC15
S214135B204AA9044E6718202904526712486EFFF0DC
S214135B302F004EB9001396C8508F4E5E4E757203E3
S214135B408390700060F44E5600004E5E4EF90013BC
S214135B5083664E5600004E5E4EF9001384024E5670
S214135B600000202E000C222E0010206E0008206845
S214135B7000284AA8044E672C22680452B2FC000080
S214135B80670C2D4900084E5E4EF900139D022D40FA
S214135B90000C2D4100102D68000200084E5E4EF9D1
S214135BA00013825C70004E5E4E754E56000046FC27
S214135BB027004E5E4E754E56000046FC22004E5E83
S214135BC04E754E56000013FC00010014F8184E5E76
S214135BD04E754E56000042390014F8184E5E4E7538
S214135BE04E56000046FC2700700041F90015243875
S214135BF042B0080058807220B28066F442B900158D
S214135C00110442B90015110813FC00010014F8180A
S214135C104E7A8801217C00135A9800884E5E4E7582
S214135C204E56000042390014F81846FC22004E5E09
S214135C304E754E56000041F9001524387000224860
S214135C404A986610D080D08023AE000808007000F3
S214135C504E5E4E7552807208B28066E470FF60F036
S214135C604E56000048E73020202E000C41F9001550
S214135C70243874002448223C000080142258B2FCB6
S214135C8000006724B0B11800661E2F094EB9001421
S214135C9029D6D482D48242B22800588F70004CEE94
S214135CA0040CFFF44E5E4E7552827608B68266CCAE
S214135CB070FF60EA4E56FFF8220023C10015110C40
S214135CC04EB900135BAA10390014F8184A0067106F
S214135CD04EB900135BB620390015110C6000032C67
S214135CE0203900151108D0802240D3C041F9001581
S214135CF0243820718800203C0000800420300800DF
S214135D004A80667E203900151108D0802240D3C001
S214135D1041F900152438203188004A8067642039F9
S214135D2000151108D0802240D3C041F9001524383D
S214135D3020718800203C0000800472012181080035
S214135D40203900151108D0802240D3C041F9001520
S214135D50243820718800203C00008014203008006E
S214135D6023C000151104203900151108D0802240D5
S214135D70D3C041F900152438207188002010600024
S214135D80028A42AEFFFC2D7900151108FFF852AEB9
S214135D90FFFC203900151108528023C00015110886
S214135DA02039001511087208B280660642B900152C
S214135DB011087008B0AEFFFC6C2A4EB900135BC214
S214135DC048790014E36D4EB900144362588F207956
S214135DD00014FC36202800082F004EB900143E2E5F
S214135DE0588F60FE203900151108D0802240D3C08A
S214135DF041F900152438203188004A8067902039ED
S214135E0000151108D0802240D3C041F9001524385C
S214135E1020718800203C00008004203008007202A5
S214135E20B2806700FF6A203900151108D08022401F
S214135E30D3C041F90015243820718800203C000097
S214135E408004203008007201B280667C202EFFF892
S214135E50D0802240D3C041F9001524382031880061
S214135E604A80671C202EFFF8D0802240D3C041F909
S214135E70001524382071880020390015110C208055
S214135E80203900151108D0802240D3C041F90015DF
S214135E90243820718800203C00008014203008002D
S214135EA023C0001511044EB900135BB62039001534
S214135EB01108D0802240D3C041F900152438207130
S214135EC08800201060000144203900151108D08086
S214135ED02240D3C041F90015243820718800203C95
S214135EE000008004203008004A80660000CE203967
S214135EF000151108B0AEFFF8662A4EB900135BC240
S214135F0048790014E3914EB900144362588F2079F0
S214135F100014FC36202800082F004EB900143E2E1D
S214135F20588F60FE202EFFF8D0802240D3C041F950
S214135F3000152438203188004A80671C202EFFF86D
S214135F40D0802240D3C041F9001524382071880030
S214135F5020390015110C2080203900151108D08027
S214135F602240D3C041F90015243820718800203C04
S214135F7000008004720121810800203900151108E1
S214135F80D0802240D3C041F90015243820718800F0
S214135F90203C000080142030080023C00015110494
S214135FA0203900151108D0802240D3C041F90015BE
S214135FB0243820718800201060504EB900135BAA55
S214135FC02239001511082039001511042F012F004E
S214135FD048790014E3B84EB90014428C4FEF000C06
S214135FE020790014FC36202800082F004EB9001420
S214135FF03E2E588F20790014FC362028000C2F00D4
S2141360004EB900143E2E588F60FE4E5E4E754E5699
S21413601000002F032F02206E0008242E000C262EBD
S2141360200010720012280014E149484142417000E2
S2141360301028001548404240828070001028001631
S214136040E1888081802800174A80670C20028083AD
S2141360506706428053839580720012280020E14918
S2141360604841424170001028002148404240828037
S214136070700010280022E1888081802800232F00DA
S21413608042A72F032F024EB90014C6D84FEF0010A5
S2141360902001242EFFF8262EFFFC4E5E4E754E561C
S2141360A00000206E0008226E000C70003028000CD2
S2141360B07200122900FEE189822900FF0C4100209C
S2141360C0630C72003228002C4841424180814E5E98
S2141360D04E754E560000222E000C2001E688206EC8
S2141360E00008D1C07007C2807001E3A881104E5E0D
S2141360F04E754E5600002F02202E000C2200E68905
S214136100206E0008123018000281000000FF74078A
S214136110C082010157C04400241F4E5E4E754E5672
S21413612000002F0A2F02206E00087000102800208F
S214136130E148484042407400142800214842424235
S2141361408082740014280022E18A84808428002325
S21413615048780010486800684878FFFF45F9001330
S214136160425E4E92E68A2F022F2E000C2F004E927E
S214136170242EFFF8246EFFFC4E5E4E754E5600001E
S21413618048E72030246E0008266E000C7400142A8C
S21413619000FEE18A842A00FF082A00020066673898
S2141361A02F2E00102F0A4EB90013611E508F082A87
S2141361B000020066672AB06B001866200C42004087
S2141361C0661E42404840B06B003857C044004CEE41
S2141361D00C04FFF44E5E4E75700060D2420060EE03
S2141361E0700160EA4E5600002F032F02206E00083F
S2141361F0242E000C262E0010720012280014E149DB
S21413620048414241700010280015484042408280A1
S214136210700010280016E1888081802800174A80B5
S214136220670C200280836706428053839580720032
S21413623012280020E14948414241700010280021ED
S214136240484042408280700010280022E1888081F6
S214136250802800232F0042A72F032F024EB90014C5
S214136260C1784FEF00102001242EFFF8262EFFFCD6
S2141362704E5E4E754E56000048E73C20246E0008CE
S2141362807200122A0020E149484142417000102A48
S21413629000214840424082807000102A0022E18884
S2141362A080812F2E000C802A00232F004EB9001455
S2141362B0B488508F260074007200122A0014E14925
S2141362C0484142417000102A0015484042408280DF
S2141362D07000102A0016E1888081802A00174A80F1
S2141362E056C01200488148C120015BC028022A0309
S2141362F09A819980200422054CEE043CFFEC4E5EF6
S2141363004E754E56000048E72030246E0008266E61
S214136310000C7400142A00FEE18A842A00FF082A5F
S2141363200002006667322F2E00102F0A4EB9001394
S214136330611E508F082A0002006667123740001845
S2141363400C420040660842404840374000384CEE46
S2141363500C04FFF44E5E4E75700060D84E56FFC8A0
S21413636048E73F3C262E0008204324680014240ADE
S2141363705C822F2E00102F2E000C2F024EB9001306
S21413638061E44FEF000C2E002F2E00102F2E000C62
S2141363902F024EB90013600E4FEF000C2C0049EE7F
S2141363A0FFE22F0C2F072F0A4EB90013C5EC2E0051
S2141363B04FEF000C6646266EFFF22A137800700025
S2141363C0102A0104E188802A01050C40002063048A
S2141363D0282B00202F052F047AD2DA8E2F052F2A8A
S2141363E000024EB900135B522E004FEF00104BF90C
S2141363F00013CFB867122F0C4E95588F20074CEE0C
S2141364003CFCFFA04E5E4E752F2EFFDE2F0B2F0289
S2141364104EB90013617C4FEF000C4A0066524EB91A
S214136420001300AE08000000674648790014E3E640
S21413643048790014D914283C0014428C20444E90FA
S214136440487800B848790014D91720444E902F2E58
S214136450FFFA48790014E34220444E902079001442
S214136460FC362F2800084EB900143E2E4FEF001CA2
S2141364702006E688D0AEFFDE7207CC8120400D9052
S2141364802F2EFFDE2F0B2F024EB9001363022F2E73
S214136490FFDA4EB900135AF22F052F2A00024EB90F
S2141364A000137FBC2E004FEF00186600FF4A7200E1
S2141364B0122A001EE149484142417000102A001F6B
S2141364C04840424082807000102A0020E188808174
S2141364D0802A0021283C00000400E1AC7000102A3A
S2141364E0015EE148484042407C001C2A015F484652
S2141364F0424680867C001C2A0160E18E8C807200E6
S214136500122A0012E149484142417A001A2A00131E
S2141365104845424582857A001A2A0014E18D8A81FD
S2141365202006802A01612205822A0015428552819F
S214136530D1852A0142454845E04D154500122A01EA
S21413654042454845154500132A01E08D15450014AC
S21413655015410015220042414841E0491541015EAC
S2141365602200424148411541015F2200E08915414E
S21413657001601540016120432F2800102F024EB9E9
S2141365800013455E7A09EAAC2D44FFCE42AEFFCA2D
S214136590282EFFCA92AEFFCE91842F012F002043E0
S2141365A02F2800102F024EB9001346222043117CC9
S2141365B00001001C2F022F0B4EB90013609E528051
S2141365C03740000C7200122A0104E189822A010561
S2141365D04FEF00200C4100206308424048403740EC
S2141365E0002C1D7C0001FFFE2F2E00102F2E000CFA
S2141365F02F2A00024EB900135B5E2E004FEF000CDD
S2141366006708422EFFFE6000FDEE487800012F2E2D
S21413661000102F2E000C206A00022F2800144EB9EB
S2141366200013EFEC2F0C4E952E004FEF0014600066
S214136630FDCC4E56FFA048E73F3C206E00082A6864
S2141366400014260D5C832F2E00102F2E000C2F0304
S21413665045F9001361E44E924FEF000C2C00202EE8
S214136660000C222E00104282538191822A2E00148F
S2141366707800D285D1842F012F002F034E924FEF2F
S214136680000C2840082D000100686650B086674C41
S2141366904EB9001300AE0800000067404879001496
S2141366A0E3E648790014D91445F90014428C4E9247
S2141366B0487800FE48790014D9174E922F062F0CEF
S2141366C048790014E3F44E9222790014FC362F29ED
S2141366D000084EB900143E2E4FEF00202E2E001445
S2141366E02D6E000CFFC22D6E0010FFC6B9C664587F
S2141366F07A00242E000C262E0010780045F900137D
S2141367005B5EB8AE0014660003482F042F2E0010ED
S2141367102F2E000C206D00022F2800144EB90013E4
S214136720EFEC4FEF00104A87670000984878015B3C
S21413673048790014E42C48790014D8E44EB90014B0
S214136740428C4FEF000C60FE486EFFE22F062F0DB3
S2141367504EB90013C5EC2A004FEF000C6664246E86
S214136760FFF22F2EFFC62F2EFFC22F034EB9001394
S214136770600E4FEF000C28002D52FFCE42AEFFCA1C
S2141367807000102D0104E188802D01050C400020B7
S21413679063062D6A0020FFCA2F2EFFCE2F2EFFCAA8
S2141367A0486EFFD22F2D00024EB900135B522A00FB
S2141367B04FEF00106718486EFFE24EB90013CFB8BC
S2141367C0588F20054CEE3CFCFF784E5E4E752F2EF0
S2141367D0FFDE2F0A2F034EB90013617C4FEF000C18
S2141367E04A00664C4EB9001300AE0800000067401E
S2141367F048790014E3E648790014D91447F90014CD
S214136800428C4E934878011D48790014D9174E933D
S2141368102F2EFFFA48790014E3424E932279001480
S214136820FC362F2900084EB900143E2E4FEF001CDD
S2141368307200122D001EE149484142417000102D8E
S214136840001F4840424082807000102D0020E188CF
S2141368508081802D0021223C00002000E1A9200128
S21413686090842407B087640224002F022F042F2E4F
S214136870FFDE4EB900132EE42F2EFFDE2F0A2F0352
S2141368804EB9001363022F2EFFDA4EB900135AF2D5
S2141368909E822D42FFBE42AEFFBA202EFFBA222E94
S2141368A0FFBED3AEFFC6282EFFC2D9802D44FFC22B
S2141368B0486EFFD22F2D00024EB900137FBC2A005C
S2141368C04FEF00246600FEF07200122D001EE14901
S2141368D0484142417000102D001F484042408280BC
S2141368E07000102D0020E1888081802D0021223C2D
S2141368F000000400E1A926417000102D015EE14856
S214136900484042407200122D015F48414241808147
S2141369107200122D0160E18982807A001A2D00120E
S214136920E14D484542457000102D00134840424043
S2141369308A807000102D0014E1888085822D0161F5
S2141369402D41FFB2802D00152D40FFB6202EFFB22D
S214136950222EFFB6282EFFBAD2AEFFBED184280150
S21413696042444844E04C1B44001228014244484425
S2141369701B4400132801E08C1B4400141B41001514
S214136980220042414841E0491B41015E2200424138
S21413699048411B41015F2200E0891B4101601B40F7
S2141369A00161206E00082F2800102F034EB9001324
S2141369B0455E2D40FFA22D41FFA6200B7209E2A8CB
S2141369C02F022F004EB90014B488508F2D40FFAEFF
S2141369D042AEFFAA202EFFA2222EFFA6282EFFAA23
S2141369E092AEFFAE91842F012F00206E00082F2841
S2141369F000102F034EB900134622206E0008117C98
S214136A000001001C2F032F0A4EB90013609ED0827C
S214136A103540000C7200122D0104E189822D010508
S214136A204FEF00200C410020630842404840354099
S214136A30002C1D7C0001FFFE486EFFE24EB90013CA
S214136A40CFB82A00588F6600FCAA52866000FC9EB8
S214136A502F032F022F2D00024E922A0042805283BC
S214136A60D5804FEF000C4A856600FD5852846000AF
S214136A70FC924E56FF9848E73F3C286E00082C2E93
S214136A80000C2E2E001042AEFFCE246C0014240AE7
S214136A905C822F072F062F024EB9001361E44FEFC7
S214136AA0000C28002F072F062F0247F90013600E3D
S214136AB04E934FEF000C2D40FFA24BEEFFE22F0D2F
S214136AC02F042F0A4EB90013C5EC2E004FEF000CFF
S214136AD0660005922C2EFFF22F022F064EB90013D6
S214136AE0609E508F4A806700053C7200122A00266B
S214136AF0E149484142417000102A0027484042406D
S214136B0082807000102A0028E188808147F90014DB
S214136B10B4882F2EFFFA802A00292F004E93508F09
S214136B202D40FFBA42AEFFB67600162A001AE14B86
S214136B30484342437000102A001B48404240868058
S214136B407000102A001CE1888083802A001D4A806A
S214136B5056C31203488148C120015BC0204022411E
S214136B60202EFFB6222EFFBA2608928991832F0174
S214136B702F002F024EB90013600E4FEF000C2600A5
S214136B8020462D50FFCA42AEFFC67000102A0104DD
S214136B90E188802A01050C40002063062D6800203A
S214136BA0FFC62F2EFFCA2F2EFFC67AD2DA8E2F05D8
S214136BB0206C00142F2800024EB900135B522E00CF
S214136BC04FEF0010670C2F0D4EB90013CFB86000AF
S214136BD001BA2F2EFFDE2F062F024EB90013617C4B
S214136BE04FEF000C4A00664C4EB9001300AE080077
S214136BF00000674048790014E3E648790014D91476
S214136C0047F90014428C4E9348780196487900143D
S214136C10D9174E932F2EFFFA48790014E3424E935A
S214136C2020790014FC362F2800084EB900143E2E87
S214136C304FEF001C266EFFA2B68B63022643262E4A
S214136C40FFDE2F0B2F034EB9001360F2508F4A004E
S214136C50670000A42F0B2F034EB9001360D22F2EFC
S214136C60FFDE2F2EFFF22F024EB9001363022F2ED4
S214136C70FFDA4EB900135AF22F05206C00142F2892
S214136C8000024EB900137FBC2E004FEF00206600A3
S214136C90FF367200122A001AE14948414241700039
S214136CA0102A001B4840424082807000102A001CA5
S214136CB0E1888081802A001D4A806702528B720009
S214136CC0122A0026E149484142417000102A002743
S214136CD04840424082807000102A0028E188808154
S214136CE02F04802A00292F004EB90014B488508F21
S214136CF0D7C06000015C2F042F024EB90013741C1A
S214136D002040703FD08B72C0C0812248508FB0880D
S214136D1064022240260B52832E2EFFDEB3C362700C
S214136D20486EFFCE2F082F0B2F074EB900132F5682
S214136D304FEF001047F90013CFB8263C00137FBC63
S214136D404A80660002CA2F2EFFCE2F2EFFDE4EB9C4
S214136D50001360D22F2EFFDE2F2EFFF22F024EB916
S214136D60001363022F2EFFDA4EB900135AF22F05C3
S214136D70206C00142F28000220434E902E004FEF55
S214136D800020670002262F0D4E93588F600002D600
S214136D902F032F072D48FF9A2D49FF9E4EB9001338
S214136DA060F2508F206EFF9A226EFF9E4A00670095
S214136DB001F42F032F074EB9001360D22F2EFFDED8
S214136DC02F062F024EB9001363022F2EFFDA4EB989
S214136DD000135AF22F05206C00142F2800024EB908
S214136DE000137FBC2E004FEF00206600FDDA720002
S214136DF0122A001AE149484142417000102A001B2A
S214136E004840424082807000102A001CE18880812E
S214136E10802A001D4A80670252837200122A0026B7
S214136E20E149484142417000102A00274840424039
S214136E3082807000102A0028E18880812F04802A1F
S214136E4000292F004EB90014B488508F2640D7C39C
S214136E507200122A001EE149484142417000102A6E
S214136E60001F4840424082807000102A0020E188AC
S214136E708081802A0021263C00000400E1AB7000CC
S214136E80102A015EE148484042407A001A2A015F00
S214136E904845424580857A001A2A0160E18D8A802A
S214136EA07000102A0012E148484042407800182A21
S214136EB000134844424480847800182A0014E18C56
S214136EC088802005802A01612204822A00154284C4
S214136ED053819184280142444844E04C15440012DF
S214136EE0280142444844154400132801E08C1544F5
S214136EF0001415410015220042414841E04915414E
S214136F00015E2200424148411541015F2200E0899B
S214136F1015410160154001612F2C00102F024EB948
S214136F200013455E7809E8AB2D43FFAA42AEFFA6D1
S214136F30262EFFA6282EFFAAD881D7802F042F032C
S214136F402F2C00102F024EB900134622197C000175
S214136F50001C286EFFF22F022F0C4EB90013609EF2
S214136F6053803940000C7200122A0104E189822AE8
S214136F7001054FEF00200C410020630842404840B3
S214136F803940002C1D7C0001FFFE486EFFE24EB90F
S214136F900013CFB82E00206E00144290214B00042D
S214136FA06000FDE852836000FD74266EFFCE72000B
S214136FB0122A001AE149484142417000102A001B68
S214136FC04840424082807000102A001CE18880816D
S214136FD0802A001D4A806702528B7200122A0026EE
S214136FE0E149484142417000102A00274840424078
S214136FF082807000102A0028E18880812F04802A5E
S21413700000292F004EB90014B4886000FCE22F0547
S214137010206C00142F28000220434E902E00508F11
S2141370206600FD642F0D4EB90013CFB82E00588F8F
S21413703066322F024EB90013735C2D40FFB62F0035
S2141370402044486800014EB90014B5382A404FEF63
S214137050000C2D6EFFB6FFC647EEFFE24AAEFFC624
S214137060660E7E1C20074CEE3CFCFF704E5E4E7583
S2141370702F0B2F0D2F2C00144EB90013C5EC2E001A
S2141370804FEF000C66DE262EFFF22F022F034EB9AB
S2141370900013609E508F4A806700024E20432D5087
S2141370A0FFC242AEFFBE7000102A0104E188802A98
S2141370B001050C40002063062D680020FFBE2F2E0E
S2141370C0FFC22F2EFFBE486EFFD2206C00142F284F
S2141370D000024EB900135B522E004FEF00106706E6
S2141370E02F0B6000FAE42F2EFFDE2F032F024EB96C
S2141370F00013617C4FEF000C4A0066524EB9001322
S21413710000AE08000000674648790014E3E64879A5
S2141371100014D914283C0014428C20444E9048780E
S21413712001FC48790014D91720444E902F2EFFFAED
S21413713048790014E34220444E9020790014FC361C
S2141371402F2800084EB900143E2E4FEF001C720075
S214137150122A0026E149484142417000102A0027AE
S2141371604840424082807000102A0028E1888081BF
S2141371702F0D802A00292F004EB90014B488508F83
S2141371802D40FFB242AEFFAE7200122A001AE1493A
S214137190484142417000102A001B484042408280FA
S2141371A07000102A001CE1888081802A001D4A8006
S2141371B056C01200488148C120015BC0282EFFAE7E
S2141371C02A2EFFB29A8199802F052F042F024EB9CB
S2141371D00013600E4FEF000C2C002F0D2F024EB92C
S2141371E00013741C2E002F052F042F024EB9001304
S2141371F0600E4FEF000C486EFFCE2F07B08663026B
S2141372002C002F062F2EFFDE4EB900132F564FEFEE
S2141372100018283C0013CFB82A3C00137FBC4A80C2
S214137220660000AE2F2EFFCE2F2EFFDE4EB90013B4
S21413723060D22F2EFFDE2F032F024EB900136302E8
S2141372402F2EFFDA4EB900135AF2486EFFD2206C77
S21413725000142F28000220454E902E004FEF0020DA
S214137260670A2F0B20444E906000FB20266EFFCE3D
S2141372707200122A001AE149484142417000102A4E
S214137280001B4840424082807000102A001CE18890
S2141372908081802A001D4A806702528B7200122A50
S2141372A00026E149484142417000102A0027484011
S2141372B0424082807000102A0028E18880812F0DBA
S2141372C0802A00292F004EB90014B4886000FA20D3
S2141372D0486EFFD2206C00142F28000220454E90D3
S2141372E02E00508F6600FF7C2F0B4EB90013CFB8BD
S2141372F02E00588F6600FD6E2F2EFFB6486D0001C8
S2141373004EB90014B538508F2A4053AEFFC66000EE
S214137310FD4C4E56000048E73030242E0008262E2B
S214137320000C47F90014B53845F90014B4ACB6820E
S214137330622667182F032F024E93508F4A806618C3
S2141373402F032F024E92508F240060E270014CEEF2
S2141373500C0CFFF04E5E4E75700060F24E56000039
S21413736048E73E00206E0008700010280150E148E0
S21413737048404240720012280151484142418081E0
S214137380720012280152E1898280740014280004C6
S214137390E14A4842424270001028000548404240E5
S2141373A08480700010280006E188808224018428D7
S2141373B00153260086280007720012280020E14990
S2141373C048414241700010280021484042408280C4
S2141373D0700010280022E1888081802800232A006C
S2141373E078002F002F042F032F024EB90014C178F4
S2141373F04FEF00102C012F052F042F032F024EB929
S2141374000014C6D84FEF00102400848167025286FA
S21413741020064CEE007CFFEC4E5E4E754E5600007A
S21413742048E73020246E00082F0A4EB90013735C09
S214137430588F7400142A0020E14A484242427200D0
S214137440122A00214841424184817200122A0022E6
S214137450E1898282822A00237600162A0004E14BF1
S214137460484342437400142A000548424242868227
S2141374707400142A0006E18A8483842A0007538042
S214137480B0AE000C62102F002F014EB90014B48852
S214137490508F2202928020014CEE040CFFF44E5EB5
S2141374A04E754E56000048E73020246E00082F0A0B
S2141374B04EB90013735C588F7400142A0028E14ADF
S2141374C0484242427200122A0029484142418481AE
S2141374D07200122A002AE1898282822A002B760001
S2141374E01612E14B484342437400142A00014842E3
S2141374F0424286827400142A0002E18A8483842A14
S21413750000035380B0AE000C62102F002F014EB94B
S2141375100014B488508F2202928020014CEE040C83
S214137520FFF44E5E4E754E5600002F0A246E000C66
S214137530082A000200666736487803FC2F0A487844
S214137540FFFF4EB90013425E220042414841E04914
S214137550154103FC220042414841154103FD220018
S214137560E089154103FE154003FF4FEF000C4878E2
S21413757004002F0A4878040042A72F2E00084EB99D
S21413758000138482246EFFFC4E5E4E754E5600002A
S214137590487804002F2E000C4878040042A72F2E9C
S2141375A000084EB9001386504E5E4E754E560000B8
S2141375B02F032F02206E0008700010280038E18871
S2141375C0802800390C40EF536600018E72001210AB
S2141375D0E1494841424170001028000148404240AA
S2141375E08280700010280002E188808180280003C2
S2141375F04A8067000164700010280150E148484033
S2141376004240720012280151484142418081720063
S21413761012280152E1898280740014280004E14A7A
S2141376204842424270001028000548404240848079
S214137630700010280006E1888082240184280153F4
S214137640260086280007200280836700010C72003C
S21413765012280020E14948414241700010280021B9
S214137660484042408280700010280022E1888081C2
S214137670802800234A80670000E072001228002842
S214137680E1494841424170001028002948404240D1
S214137690828070001028002AE18880818028002BC1
S2141376A04A80670000B4700010280058E1888028CC
S2141376B000590C40007F630000A07200122800548B
S2141376C0E149484142417000102800554840424065
S2141376D08280700010280056E18880818028005729
S2141376E0720AB28064727000102800FEE188802847
S2141376F000FF0C40004062600828000200666754D2
S2141377000C280001017566507000102803FCE14830
S214137710484042407400142803FD48424242808287
S2141377207400142803FEE18A8480842803FF4878B3
S21413773003FC2F084878FFFF4EB90013425E4FEF45
S214137740000CB08257C04400242EFFF8262EFFFCF0
S2141377504E5E4E75700160F0420060EC4E560000AF
S2141377602F0A2F02242E00087001B08264500802DC
S2141377700000674E487800072F0245F9001373126E
S2141377804E92508F4A806632487800052F024E92EA
S214137790508F4A806624487800032F024E92508FEB
S2141377A04A8056C0488048C0448002000001242EF8
S2141377B0FFF8246EFFFC4E5E4E75700160EC700190
S2141377C060EC420060E84E560000202E000C206E3F
S2141377D00008082800000067670C2D4000084E5E5E
S2141377E04EF90013775C70014E5E4E754E560000D0
S2141377F048E73838246E0008262E000C7200122A2A
S2141378000018E149484142417000102A00194840C7
S214137810424082807000102A001AE1888081802AF4
S214137820001B223C00000400E1A920017200122A6A
S21413783000FEE189822A00FF0C41002064027220B8
S21413784049F90014B4AC3F0142672F004E94508F91
S21413785026407000102A0104E14848404240740054
S214137860142A01054842424280827400142A0106F3
S214137870E18A8480842A01072F0B2F034E94508F9E
S2141378807800182A00637210C8816704B0826436C1
S2141378902F032F0A4EB9001377C6508F4A00674E30
S2141378A02F0A4EB90013735C588F4A84660C2F0B3D
S2141378B0487308FF4E94508F240020024CEE1C1C75
S2141378C0FFE84E5E4E752F002F0B4EB90014B4888A
S2141378D0508FB083671C22005281B283671441F322
S2141378E008FFB68857C2488248C2448260CC7400E8
S2141378F060C8740160C44E56FDD448E73C3C242E41
S21413790000082F0248790014E45D45F90014428CF0
S2141379104E922F02240E0682FFFFFED42F024EB97C
S21413792000133F502F0247F900133FD24E932840BF
S2141379304FEF0014260E0683FFFFFDD52A3C0014D6
S2141379404C8C283C0014E4574BF90014E5C4B8FCDF
S214137950000066142F024EB900133FC6588F4CEE24
S2141379603C3CFDB44E5E4E757000102C00062F0086
S214137970486C00082F0320454E907000102C00060C
S21413798043F608004229FDD5102C00074FEF000CD4
S2141379900C00000762260280000000FFD080D08013
S2141379A0203508002F032F0048790014E4644E9204
S2141379B02F024E9328404FEF00106092200460E48D
S2141379C04E56FFFC4EB900135BC24878FFFF4EB904
S2141379D00013009C588F48790014E46C4EB90014B9
S2141379E04362588F4EB90013118823C000152ABA64
S2141379F042AEFFFC48790014E4744EB90014436297
S214137A00588F203900152ABA48790014E4802F00BD
S214137A104EB900133AA6508F2D40FFFC4E7148798D
S214137A200014E4894EB900144362588F42A748796C
S214137A300014E48F48790014E4804EB900133B70A9
S214137A404FEF000C2D40FFFC4AAEFFFC67204EB9EB
S214137A5000144C5A204020AEFFFC48790014E491E1
S214137A604EB900144278588F202EFFFC60084EB98A
S214137A7000135BD270004E5E4E754E56FED448E72A
S214137A80203023FC002000000015255823FC00029C
S214137A9000000015255C23FC0014E497001529B696
S214137AA048790014E4C1487900152ABE45F9001434
S214137AB04C624E9248790014E4C64879001529BAE8
S214137AC04E9248790014E4CF4879001524584E9204
S214137AD048790014E4C14EB9001378F648790015B6
S214137AE0245848790014E4D447F90014428C4E9372
S214137AF04FEF00202EBC0015245845F900133EBC4A
S214137B004E922400588F67264EB900144C5A2040C4
S214137B10208248790014E4E54EB900144278588F51
S214137B2074FF20024CEE0C04FEC84E5E4E75487968
S214137B3000152ABE48790014E4EB4E9348790015D5
S214137B402ABE4E92240070FDC0824FEF000C671CB5
S214137B504EB900144C5A2040208248790014E4E5AC
S214137B604EB900144278588F74FE60B648790015E3
S214137B7029BA48790014E4FC4E934879001529BABB
S214137B804E92240070FDC0824FEF000C671E4EB954
S214137B9000144C5A2040208248790014E4E54EB96C
S214137BA000144278588F74FD6000FF7848790014EB
S214137BB0E50D4EB90014436248790014E4C145EE4E
S214137BC0FED42F0A4EB900133F5024004FEF000C7B
S214137BD0671E4EB900144C5A204020824879001470
S214137BE0E51C4EB900144278588F74FC6000FF34BD
S214137BF02F0A4EB900133FC6588F6000FF264E5605
S214137C00000048E72030242E00082F02487900147D
S214137C10E5254EB90014428C47F900144C5A4E937E
S214137C202040208248790014E53C45F90014427838
S214137C304E9248790014E5434EB9001443624879CE
S214137C400014E48F4EB900133E1824004FEF0014AF
S214137C5067104E932040208248790014E54B4E92CD
S214137C60588F48790014E48F4EB900133D6A2400E8
S214137C70588F67104E932040208248790014E551A0
S214137C804E92588F60FE4E5600002F0A4879001405
S214137C90E55845F9001443624E924EB9001379C065
S214137CA0588F4A8067082F004EB900137BFE4EB9D3
S214137CB00013E5464EB9001342084EB9001312D00E
S214137CC04EB90013E5644EB900137A7A4A8066D625
S214137CD048790014E5664E922F3900151104487939
S214137CE00014E5774EB90014428C20790014FC3644
S214137CF02F2800084EB900143E2E4FEF001060FEDA
S214137D004E560000226E0008205120680010B0FC6A
S214137D10000067262F094E90588F4A80671C4878B4
S214137D20003848790014E5E448790014D8E44EB9CD
S214137D300014428C4FEF000C60FE4E5E4E754E568E
S214137D400000226E0008205120680014B0FC0000CA
S214137D5067262F094E90588F4A80671C4878004133
S214137D6048790014E5E448790014D8E44EB90014B1
S214137D70428C4FEF000C60FE4E5E4E754E56FFFC67
S214137D802F0A246E00082F0A4EB900137D002052C6
S214137D902F2E00182F2E00142F2E00102F2E000C0F
S214137DA02F0A206800044E90205252A8002C2F0A47
S214137DB02D40FFFC4EB900137D3E202EFFFC246E93
S214137DC0FFF84E5E4E754E56FFFC2F0A246E0008C3
S214137DD02F0A4EB900137D0020522F2E00182F2E77
S214137DE000142F2E00102F2E000C2F0A20680008C8
S214137DF04E90205252A800302F0A2D40FFFC4EB949
S214137E0000137D3E202EFFFC246EFFF84E5E4E754B
S214137E104E5600002F0A246E0008B4FC0000661CA1
S214137E204878005B48790014E5E448790014D8E4F0
S214137E304EB90014428C4FEF000C60FE2052B0FC7B
S214137E400000661C4878005C48790014E5E448791D
S214137E500014D8E44EB90014428C4FEF000C60FEA9
S214137E602250B2FC000067124AA8000C670C4AA8FE
S214137E70000467064AA80008661C4878006048791C
S214137E800014E5E448790014D8E44EB90014428C83
S214137E904FEF000C60FE2028002867105280214008
S214137EA000287000246EFFFC4E5E4E752F0A4E910E
S214137EB0588F4A8066EE205272012141002860E4F2
S214137EC04E560000226E0008206E000CB2FC000016
S214137ED06706B0FC0000661C4878007248790014E8
S214137EE0E5E448790014D8E44EB90014428C4FEFF9
S214137EF0000C60FE234800142149001470004E5EE7
S214137F004E754E5600002F0A2F02246E0008242E9C
S214137F10000C20522F2800182F024EB90014B53823
S214137F20508F4A80671C4878007B48790014E5E434
S214137F3048790014D8E44EB90014428C4FEF000C65
S214137F4060FE254200182F0242A72F2A00102F2A60
S214137F50000C4EB90014C1784FEF00102540001CDA
S214137F6025410020242EFFF8246EFFFC4E5E4E752E
S214137F704E560000226E0008B2FC0000661C4878BD
S214137F80008348790014E5E448790014D8E44EB920
S214137F900014428C4FEF000C60FE2051202800285E
S214137FA06714538021400028660C2D490008226868
S214137FB0000C4E5E4ED170004E5E4E754E5600004F
S214137FC02F0A206E0008226E000CB0FC0000670615
S214137FD0B2FC0000661C4878011048790014E5E4EA
S214137FE048790014D8E44EB90014428C4FEF000CB5
S214137FF060FE4AA90008661C4878011148790014E7
S214138000E5E448790014D8E44EB90014428C4FEFD7
S214138010000C60FE24504AAA002867162D49000C4F
S2141380202D6800140008246EFFFC4E5E4EF90013F4
S214138030F3C87005246EFFFC4E5E4E754E56000058
S21413804048E73F20246E0008242E000C282E00102C
S2141380502A2E00142E2E0018B4FC000067044A8241
S214138060661C4878011F48790014E5E44879001423
S214138070D8E44EB90014428C4FEF000C60FE2C2A45
S21413808000182052262800182F032F064EB9001466
S214138090B4AC588F2E872F004EB90014B488508F67
S2141380A02D4000182F052F042F0642A74EB9001493
S2141380B0C0844FEF000C2E8342A7262A0004D2AAB0
S2141380C00008D1832F012F004EB90014C1784FEF4B
S2141380D000102D4000102D4100142D42000C2D4A87
S2141380E000084CEE04FCFFE44E5E4EF900137D7C54
S2141380F04E56000048E73F20246E0008242E000C3E
S214138100282E00102A2E00142E2E0018B4FC000061
S21413811067044A82661C4878012D48790014E5E402
S21413812048790014D8E44EB90014428C4FEF000C73
S21413813060FE2C2A00182052262800182F032F061C
S2141381404EB90014B4AC588F2E872F004EB90014B6
S214138150B488508F2D4000182F052F042F0642A7E2
S2141381604EB90014C0844FEF000C2E8342A7262A64
S2141381700004D2AA0008D1832F012F004EB9001491
S214138180C1784FEF00102D4000102D4100142D42E2
S214138190000C2D4A00084CEE04FCFFE44E5E4EF92C
S2141381A000137DC64E56000048E72030206E0008A8
S2141381B0246E000C7003C0927203B280670E7400B4
S2141381C020024CEE0C04FFF44E5E4E752668001427
S2141381D0487800012F2A00082F2A00042F2A000CA3
S2141381E02F084EB9001380F024004FEF00146726B3
S2141381F0206A0046B0FC000067C6177C0001001812
S2141382002F2A004A2F002F0A2F0B4E90422B0018AE
S2141382104FEF001060AA4A2A00206712206B002234
S214138220B1CA6628276A00420022422A002070FD3F
S214138230C192206A0046B0FC00006782177C0001DA
S21413824000182F2A004A42A760BC2040202800426C
S214138250B08A66F6216A0042004260CE4E56FFF0A0
S21413826048E72030246E00082F2E00102F2E000C07
S21413827047EEFFF02F0B2F2A00144EB90013F064AD
S2141382804FEF00104A8067282F002F0A4EB90013AD
S21413829081A424002F0B2F2A00144EB90013F3C801
S2141382A04FEF001020024CEE0C04FFE44E5E4E75AA
S2141382B0740060F04E56000048E7303C246E000809
S2141382C0206A00144A28001866000098117C0001E2
S2141382D0001849F90013F6EE4BF90013EA9E243CF6
S2141382E0001381A4263C0013EABE206A00144AA891
S2141382F0001E663A70006024082B00010003660E09
S2141383002F0B2F2A001420434E90508F60DC2F0023
S2141383102F0A20424E90508F4A8067E4206A00143A
S214138320422800184CEE3C0CFFE84E5E4E752F08A4
S2141383304E94588F4A0067BC2F2A00144E95264039
S214138340588F4A8066B2487800C748790014E5E427
S21413835048790014D8E44EB90014428C4FEF000C41
S21413836060FE700060BE4E56FFFC48E73030246E49
S2141383700008266E000C202E0010222E0014B4FCCB
S21413838000006706B6FC0000661C487800DB4879D8
S2141383900014E5E448790014D8E44EB90014428C6E
S2141383A04FEF000C60FE20524AA80028674C242A80
S2141383B0001C262A0020968195806342268027413A
S2141383C000042F0A4EB9001382B4588F4A806620D1
S2141383D0486EFFFF2F0B2F2A00144EB90013F0EA36
S2141383E04FEF000C4A8066084AAB000C6602700C0E
S2141383F04CEE0C0CFFEC4E5E4E75700560F270067C
S21413840060EE4E56000048E73830266E0008246E9D
S214138410000C242E0010262E00142F032F022F0AD2
S2141384202F0B4EB90013836628004FEF0010663CDF
S214138430206A000808280000000366304878000108
S2141384402F032F022F2A000C2F0B4EB90013803C3C
S21413845028004FEF001467202F0A2F2B00144EB955
S2141384600013F3C8429242AA0004508F20044CEE25
S2141384700C1CFFEC4E5E4E75206A0008700181904E
S21413848060EA4E56FFF848E73F3C246E0008282E55
S214138490000C2A2E00102C2E00142E2E0018B4FCBE
S2141384A0000067044A86661C4878013F4879001422
S2141384B0E5E448790014D8E44EB90014428C4FEF23
S2141384C0000C60FE26524AAB00286700017822078C
S2141384D07000D285D184242A000C262A0010968197
S2141384E09580641A48790014E5FE4EB90014436269
S2141384F0588F70164CEE3CFCFFD04E5E4E75286BB4
S21413850000182F0C42A7202A0004222A0008D2851E
S214138510D1842F012F004EB90014C1784FEF0010ED
S21413852024002601200C5380C0852A40676099C01A
S214138530BE8C64022847487800012F032F022F2B86
S21413854000242F0A4EB900137D7C4FEF00144A8087
S21413855066A220522F0C2F06DBE800242F0D4EB9EF
S21413856000144C8C487800012F032F0220522F281A
S21413857000242F0A4EB900137DC64FEF00204A8001
S2141385806600FF72DC8C9E8C42815283D58120520A
S2141385902F2800182F074EB90014B4AC508F26405E
S2141385A04A8067402F002F032F022F062F0A4EB93B
S2141385B000137DC64FEF00144A806600FF38205222
S2141385C02F2800182F0B4EB90014B488508FDC8058
S2141385D09E802D4BFFFC42AEFFF8202EFFF8D6AE42
S2141385E0FFFCD5804A876762487800012F032F0265
S2141385F020522F2800242F0A4EB900137D7C4FEFEC
S21413860000144A806600FEEE20522F072F062F28EE
S21413861000244EB900144C8C4FEF000C72012D4100
S21413862000182D4200102D43001420522D680024EC
S214138630000C2D4A00084CEE3CFCFFD04E5E4EF963
S21413864000137DC670056000FEAC70006000FEA6C9
S2141386504E56000048E73F3C246E0008242E0014B4
S214138660262E0018B4FC000067044A82661C48785D
S214138670018848790014E5E448790014D8E44EB923
S2141386800014428C4FEF000C60FE26524AAB0028B3
S2141386906700014622037000282E000CD2AE00108D
S2141386A0D184282A000C2A2A00109A819980641EE5
S2141386B048790014E6064EB900144362588F367C88
S2141386C00016200B4CEE3CFCFFD84E5E4E75286B06
S2141386D000182F0C42A7202E000C222E0010282A3A
S2141386E00004D2AA0008D1842F012F004EB900141B
S2141386F0C1784FEF001028002A01200C5380C0AE1B
S21413870000102A40674699C0B68C640228434878FE
S21413871000012F052F042F2B00242F0A4EB9001308
S2141387207D7C26404FEF00144A80669620522F0C0D
S214138730DBE800242F0D2F024EB900144C8CD48C7A
S214138740968C42805285D9804FEF000C20522F28EA
S21413875000182F034EB90014B4AC508F28404A802B
S21413876067382F002F052F042F022F0A4EB9001338
S2141387707D7C26404FEF00144A806600FF46205249
S2141387802F2800182F0C4EB90014B488508FD4809D
S21413879096802E0C7C00DA87D9864A8367424878FF
S2141387A000012F052F0420522F2800242F0A4EB91C
S2141387B000137D7C26404FEF00144A806600FF04AA
S2141387C020522F032F2800242F024EB900144C8C4E
S2141387D04FEF000C6000FEEC367C00056000FEE4F4
S2141387E097CB6000FEDE4E5600002F0B2F0A246E2A
S2141387F0000847F9001381A4206A001420280022D9
S214138800670C2F002F0A4E93508F4A8067EA246E08
S214138810FFF8266EFFFC4E5E4E754E5600002F0375
S2141388202F02206E000C2208D2AE0010302E000A43
S21413883043F90014E60EB2886608241F261F4E5E00
S2141388404E753400E04A760016180280000000FFCA
S214138850B780D08030310800B54060DA4E5600003D
S214138860222E0008E0594841E059202E000CE0580B
S2141388704840E0584E5E4E754E560000202E0008B7
S214138880E0584840E0584E5E4E754E56FFFC48E79B
S214138890203C226E00082A6E000C266D0008286DF8
S2141388A0000CB6FC0000662C264C246D0010242DFC
S2141388B00014B6FC00006704274A0010B4FC00003E
S2141388C067000178BBEA000866000168254B0008BC
S2141388D0600000A0B8FC000067D0202C00086600DB
S2141388E00130266C000C246C0010242C0014B6FCEB
S2141388F000006704274A0010B4FC0000670001203C
S214138900B9EA000866000110254B0008BBEC0010FE
S2141389106602244C48780010486D0008486C00081E
S2141389202D49FFFC4EB900144C8C206D00104FEFF0
S214138930000C226EFFFCB0FC0000670000F0BBE8E2
S2141389400008660000E0214C0008206D0008214C4A
S2141389500010206D000CB0FC00006704214C0010C2
S214138960B4FC0000670C204A20680010B0FC00001E
S21413897066F64A826600017AB6FC000067084AABC0
S214138980001466000168B7D16700015C206A00080E
S214138990B7C86600017C206A000C7001B0A80014EA
S2141389A0663C42A800142540001426680008254B90
S2141389B0000C6704274A0010202A001021400010DC
S2141389C067000084266A0010B5EB00086672274815
S2141389D00008214A000825480010206A000C266863
S2141389E000082868000CB6FC000067064AAB0014A3
S2141389F06658B8FC000067064AAC0014664C700153
S214138A0021400014202A0010264A24406000FF6AE2
S214138A1028406000FEC6254B000C6000FEF0228B3B
S214138A206000FEEA214C000C6000FF20228C6000E0
S214138A30FF1A254B000C6000FF3A228B6000FF34B0
S214138A402748000C608C22886088B8FC00006706F4
S214138A504AAC00146644B6FC0000670442AB00142C
S214138A60700121400014286B000C214C0008670489
S214138A7029480010202800102740001067000084A3
S214138A8028680010B1EC00086672294B00082748C6
S214138A90000C214B0010206A000C216A00140014ED
S214138AA042AA00142068000CB0FC0000670442A819
S214138AB00014206A000C26680008254B000C670477
S214138AC0274A0010202A001021400010673E266A0D
S214138AD00010B5EB0008662E27480008214A000848
S214138AE0254800102651B6FC0000670442AB00145C
S214138AF0200D4CEE3C04FFE84E5E4E75294B000CE1
S214138B00608C228B60882748000C60D0228860CC4B
S214138B107001B0A80014663C42A800142540001447
S214138B202668000C254B00086704274A0010202AE5
S214138B3000102140001067000086266A0010B5EB6F
S214138B400008667427480008214A000C25480010C0
S214138B50206A000826680008B6FC000067644AAB63
S214138B600014675E4AAB00146772216A001400147F
S214138B7042AA001420680008B0FC0000670442A84C
S214138B800014206A00082668000C254B00086704AA
S214138B90274A0010202A0010214000106700009A70
S214138BA0266A0010B5EB0008660000862748000802
S214138BB0214A000C6000FF2A2748000C608A22888E
S214138BC060862868000CB8FC00006700FE324AACCA
S214138BD000146700FE2AB6FC000066882668000CA0
S214138BE0B6FC0000670442AB001470012140001469
S214138BF0286B0008214C000C670429480010202815
S214138C00001027400010672428680010B1EC0008F5
S214138C106614294B000827480008214B0010206AC9
S214138C2000086000FF46294B000C60EA228B60E6C2
S214138C302748000C6000FF7A22886000FF744E56A7
S214138C400000206E00080CA801FFFFFF0026631A21
S214138C502228004A0801001C66180801001B661625
S214138C60700C0801001967046004700C59804E5E7E
S214138C704E75701060F8700E60E84E56000048E7A8
S214138C800038266E0008246B00242F2B000449F9A5
S214138C90001388784E942540003E2EAB000C4E945D
S214138CA0588F2540003A157C000104224CEE1C0018
S214138CB0FFF44E5E4E754E5600002F0B2F0A206E95
S214138CC00008226E000C2468001CB4FC0000670623
S214138CD025680020002026680020268AB2FC0000A3
S214138CE0671E2469002C214A001C670847E8001CED
S214138CF0254B00202348002C45E9002C214A002050
S214138D0021490008245F265F4E5E4E754E560000BE
S214138D10226E00082069000CB0FC0000662620694D
S214138D200010B0FC00006722B3E80008671C206937
S214138D300010B0FC00006712B3E8000C660C224863
S214138D4060EC20402028000866F820084E5E4E751A
S214138D504E560000206E0008720012280004E149E7
S214138D604841424170001028000548404240828026
S214138D70700010280006E1888081802800070C8088
S214138D8001FFFFFF633C720012280028E1494841A7
S214138D9042417000102800294840424082807000EB
S214138DA01028002AE18880818028002B0800001BE9
S214138DB0660C0800001C670A70034E5E4E75700240
S214138DC060F8700060F44E5600002F0A2F02246ECF
S214138DD0000C242E00107022D0AE00082F004EB9BF
S214138DE000138D50588F4A80671E41F900138878F8
S214138DF07202B280661E2F024E90588F3200E049E0
S214138E001541000415400005242EFFF8246EFFFCC0
S214138E104E5E4E752F024E90588F220042414841A7
S214138E20E0491541000C2200424148411541000D0E
S214138E302200E0891541000E1540000F60CA4E56F9
S214138E4000002F0A2F02246E00082F0A4EB90013B3
S214138E508D50588F4A8067787000102A00FCE148BE
S214138E60484042407400142A00FD48424242808221
S214138E707400142A00FEE18A8480842A00FF422AA2
S214138E8000FC422A00FD422A00FE422A00FF4878D0
S214138E9004002F0A4878FFFF4EB90013425E2202E1
S214138EA042414841E049154100FC220242414841F3
S214138EB0154100FD2202E089154100FE154200FF10
S214138EC04FEF000C242EFFF8246EFFFC4E5E4E75FB
S214138ED0700060F04E56000048E73C30266E0008DF
S214138EE0246E000C182A000C162A000D7000102A87
S214138EF00010E148484042407400142A00114842CA
S214138F00424280827400142A0012E18A8480842AE2
S214138F1000132F2B002E4EB9001388782A00422AEE
S214138F20000C422A000D422A0010422A0011422A3F
S214138F300012422A001370102E80486B0052487895
S214138F40FFFF47F90013425E4E932F052F0A2F009B
S214138F504E931544000C1543000D2202424148411E
S214138F60E0491541001022024241484115410011C3
S214138F702202E08915410012154200134CEE0C3CF8
S214138F80FFE84E5E4E754E56000048E73038286EA2
S214138F900008266E000C2F2C002E4EB9001388786E
S214138FA0260045F308FC70001012E1484840424082
S214138FB07400142A00014842424280827400142A24
S214138FC00002E18A8480842A00034212422A0001A6
S214138FD0422A0002422A000370102E80486C005268
S214138FE04878FFFF49F90013425E4E942F032F0B68
S214138FF02F004E94220242414841E0491481220236
S21413900042414841154100012202E0891541000200
S214139010154200034CEE1C0CFFEC4E5E4E754E567E
S214139020FFFC48E7203C226E00082A6E000C206DD9
S214139030001CB0FC00006706216D00200020246D84
S21413904000202488266D000C286D0010B6FC000046
S214139050662C264C246D0014242D0018B6FC000034
S2141390606704274A0014B4FC00006700017EBBEABD
S214139070000C6600016E254B000C600000A0B8FCC7
S214139080000067D0202C000C66000132266C0010FE
S214139090246C0014242C0018B6FC00006704274A1E
S2141390A00014B4FC000067000122B9EA000C660045
S2141390B00112254B000CBBEC00146602244C4878B6
S2141390C00010486D000C486C000C2D49FFFC4EB97F
S2141390D000144C8C206D00144FEF000C226EFFFC16
S2141390E0B0FC0000670000F4BBE8000C660000E468
S2141390F0214C000C206D000C214C0014206D001028
S214139100B0FC00006704214C0014B4FC0000670C8C
S214139110204A20680014B0FC000066F64A826600F7
S2141391200186B6FC000067084AAB00186600017497
S214139130B7E9002067000166206A000CB7C866000E
S2141391400192206A00107001B0A80018663C42A86D
S2141391500018254000182668000C254B00106704DD
S214139160274A0014202A0014214000146700008A9E
S214139170266A0014B5EB000C66782748000C214AC3
S214139180000C25480014206A00102668000C286876
S2141391900010B6FC000067064AAB00186660B8FC01
S2141391A0000067064AAC0018665470012140001888
S2141391B0202A0014264A24406000FF6828406000D6
S2141391C0FEC4254B00106000FEEE234B002060000B
S2141391D0FEE6214C00106000FF1C234C00206000AC
S2141391E0FF14254B00106000FF34234B0020600053
S2141391F0FF2C274800106086234800206080B8FCA8
S214139200000067064AAC00186644B6FC0000670404
S21413921042AB0018700121400018286B0010214C37
S214139220000C670429480014202800142740001453
S2141392306700008C28680014B1EC000C667A294B82
S214139240000C27480010214B0014206A0010216AD6
S2141392500018001842AA001820680010B0FC00007E
S214139260670442A80018206A00102668000C254BD5
S21413927000106704274A0014202A00142140001403
S214139280674A266A0014B5EB000C663A2748000CAA
S214139290214A000C2548001426690020B6FC00005D
S2141392A0670442AB00182D4D00084CEE3C04FFE853
S2141392B04E5E4EF9001429D6294B00106084234BBA
S2141392C000206000FF7E2748001060C4234800205B
S2141392D060BE7001B0A80018663C42A8001825406E
S2141392E0001826680010254B000C6704274A001444
S2141392F0202A00142140001467000086266A0014F2
S214139300B5EB000C66742748000C214A001025485C
S2141393100014206A000C2668000CB6FC0000676672
S2141393204AAB001867604AAB00186774216A0018C6
S214139330001842AA00182068000CB0FC000067044E
S21413934042A80018206A000C26680010254B000C53
S2141393506704274A0014202A0014214000146700CB
S214139360009E266A0014B5EB000C6600008A274898
S214139370000C214A00106000FF1C27480010608A6A
S21413938023480020608428680010B8FC000067009B
S214139390FE1A4AAC00186700FE12B6FC000066867A
S2141393A026680010B6FC0000670442AB0018700174
S2141393B021400018286B000C214C00106704294824
S2141393C0001420280014274000146724286800146B
S2141393D0B1EC000C6614294B000C2748000C214BEB
S2141393E00014206A000C6000FF44294B001060EA4A
S2141393F0234B002060E4274800106000FF762348C4
S21413940000206000FF6E4E56000048E73C00202EFA
S214139410000C222E0010206E000820680020B0FCDE
S2141394200000660A20084CDF003C4E5E4E75241082
S2141394302628000428002A019A839982621028009D
S2141394402A019A83998264DC2068000C60D0206815
S214139450001060CA4E56000048E73C00226E000C0F
S214139460206E00082050B0FC0000660A20084CDF6F
S214139470003C4E5E4E752411262900042010222827
S214139480000428022A039A819980621028022A036C
S2141394909A81998064D62068000860CA2068000CF8
S2141394A060C44E56000048E72038266E0008246E27
S2141394B0000C2F2B002E49F9001388784E94588FE2
S2141394C02400486B00224EB900138D50588F4A80E3
S2141394D067342F0A2F0B4EB900138F862F004E9426
S2141394E0220042414841E049158128FC22004241AE
S2141394F04841158128FD2200E089158128FE158034
S21413950028FF4FEF000C4CEE1C04FFF04E5E4E751A
S2141395104E56000042A72F2E00102F2E000C202E82
S214139520000858802F004EB90013DBBC4E5E4E75F4
S2141395304E56FFF848E70038246E00084A2A0422DD
S214139540670000D2266A0018486EFFF842A72F0A53
S2141395504EB9001395104FEF000C4A80660000AC0E
S21413956049EA00222F0C4EB900138D50588F4A80AB
S21413957067342F0C4EB900138E3E2F004EB90013CE
S2141395808878220042414841E0491541011E2200D5
S214139590424148411541011F2200E089154101202F
S2141395A015400121508F487804002F0C7200122B9F
S2141395B0001EE149484142417000102B001F4840ED
S2141395C0424082807000102B0020E1888081802B1F
S2141395D00021223C00000400E1A92F2EFFFC2F2EB1
S2141395E0FFF82F0142A74EB90014C0844FEF000CAA
S2141395F02E812F002F2B00024EB9001384824FEFBB
S21413960000144A806604422A04224CEE1C00FFEC27
S2141396104E5E4E75700060F24E5600002F0A2F02F3
S214139620206E0008246E000C2410486E00102F2E97
S21413963000142F084EB9001395104FEF000C4A80F4
S21413964066222F2E00142F2E00102F0A2F024EB92B
S214139650001384024FEF00104A806608206A000841
S214139660720C8390242EFFF8246EFFFC4E5E4E750C
S2141396704E5600002F0A2F02206E0008246E000C90
S2141396802410486E00102F2E00142F084EB9001306
S21413969095104FEF000C4A8066222F2E00142F2EA3
S2141396A000102F0A2F024EB9001383664FEF0010D7
S2141396B04A806608206A000872048390242EFFF8F6
S2141396C0246EFFFC4E5E4E754E56FFE848E73F3C51
S2141396D02E2E00082A2E000C78E8D88E487800180C
S2141396E042A72F044EB900144CFC204524102628FC
S2141396F000042D42FFE82D43FFEC206800084FEFCF
S214139700000C0CA80013A16E0046661C2068004AC5
S214139710B0FC00006712BEA80014660C70004CEE76
S2141397203CFCFFC04E5E4E754878002C487800010E
S21413973047F9001428464E932A40508F4A806700F4
S214139740034224472C2A001C2F032F022F064EB940
S214139750001394064FEF000C24404A8067762F07B9
S2141397602F004EB900138CB6508F264A42AD0024F4
S214139770206B00282B480028208D41ED0024274815
S21413978000282B4B00182B470014487800102F0581
S214139790486D00044EB900144C8C2245206900080D
S2141397A052A80018217C0013A16E0046214D004AD2
S2141397B0244752AA000C226A00202B49001C4FEFA4
S2141397C0000C6600026643ED001C28472949002456
S2141397D0600002604878002C487800014E932640BB
S2141397E0508F4A8067000292268227430004274739
S2141397F0000842AB002449EB0024274C00282247DC
S2141398002069002C2748001C670849EB001C214CD4
S21413981000202047214B002C702CD0872740002097
S2141398202246206900207000B0FC00006664274AB8
S214139830001442AB001042AB000C72012741001813
S214139840B4FC0000677E72FFB2806672254B000C74
S214139850244B206A0014B0FC0000676E7001B0A899
S21413986000186666226800142029000CB08866006B
S214139870010C20290010676072012840B2AC001852
S214139880665642AC001842A8001823410018244913
S21413989060C02250246800042009220A9283918211
S2141398A0650001E62009220A928391826300FEBEB8
S2141398B02228000C70FF244820416000FF6C254BC3
S2141398C00010608C2046214B002022462069002081
S2141398D042A800186000FE96B5E800106638202AE5
S2141398E0000C214000106706284029480014202841
S2141398F0001425400014676C202800142840B1EC8F
S214139900000C6658294A000C2548000C214A0014FE
S214139910200A2448204042A800187001234000184B
S2141399202069000C202800102340000C67062840EE
S21413993029490014202900142140001467362029D1
S21413994000142840B3EC000C66222948000C214969
S214139950001023480014224A6000FF342840294A86
S214139960001060A42846294A0020609C28402948F5
S214139970001060DA28462948002060D24A80670C17
S21413998072012840B2AC00186700FEF8B5E8000C68
S2141399906638202A00102140000C67062840294804
S2141399A0001420280014254000146766202800148D
S2141399B02840B1EC000C6652294A000C25480010CA
S2141399C0214A0014200A2448204042A80018700197
S2141399D023400018206900102028000C2340001094
S2141399E06706284029490014202900142140001432
S2141399F06730202900142840B3EC000C661C294855
S214139A00000C2149000C6000FF4A2840294A001028
S214139A1060AA2846294A002060A228402948001038
S214139A2060E028462948002060D845ED001C234AEC
S214139A3000202447254D00207020D0872B4000207F
S214139A4072038390387C00282F04487478004EB92C
S214139A5000139454508F24006700FCC22F004874E0
S214139A6078004EB90013888A2F024EB9001429D6EF
S214139A704FEF000C6000FCA62F0D4EB9001429D62C
S214139A80588F700C6000FC9822280010700160003C
S214139A90FE264E56FFE848E73C38266E0008242E6E
S214139AA0000C262E001045EEFFE84878001842A753
S214139AB02F0A4EB900144CFC2D42FFE82D43FFEC41
S214139AC02F0A486B00284EB90013945424404FEFC6
S214139AD000144A80670C70004CEE1C3CFFCC4E5EA4
S214139AE04E7548780018487800014EB90014284679
S214139AF02040508F4A80670001FA208221430004D9
S214139B00226B00287000B2FC00006664214A001025
S214139B1042A8000C42A800087A0121450014B4FCA0
S214139B200000677E72FFB2806672254800082268BE
S214139B300010B2FC0000676E7801B8A900146666C0
S214139B4024690010286A0008B9C9660000FA286A52
S214139B50000CB8FC0000675A7801B8AC00146652C3
S214139B6042AC001442A9001425440014204A60BED7
S214139B7020112229000428022A039A819980620060
S214139B80017828022A039A8199806400FF4A2229C1
S214139B90000870FF244922416000FF6C2548000C22
S214139BA0608C27480028206B002842A80014600009
S214139BB0FF26B1E9000C663428680008234C000C15
S214139BC067042949001020290010214000106764FB
S214139BD028690010B3EC0008665429480008214988
S214139BE000082348001020082049224042A90014E8
S214139BF07A0125450014226A00082869000C254CB2
S214139C0000086704294A0010202A00102340001079
S214139C10672E286A0010B5EC0008661E294900084E
S214139C20234A000C2549001024486000FF402948A9
S214139C30000C60AA2748002860A42949000C60E09D
S214139C402749002860DAB8FC000067187001B0AC2A
S214139C500014661042AC001442A9001425400014E8
S214139C606000FF0AB1E9000866342868000C234C2C
S214139C70000867042949001020290010214000100D
S214139C80675E28690010B3EC0008664E2948000882
S214139C902149000C2348001020082049224042A9DD
S214139CA00014720125410014226A000C286900086A
S214139CB0254C000C6704294A0010202A0010234064
S214139CC000106728286A0010B5EC000866182949A2
S214139CD00008234A00086000FF4C2948000C60B0B7
S214139CE02748002860AA2949000C60E6274900285F
S214139CF060E0700C6000FDE22229000C7001600029
S214139D00FE944E56000048E73020246E0008242E9A
S214139D10000C262E00102F032F022F2A001C4EB9DC
S214139D20001394064FEF000C20404A806726B5E8D0
S214139D300008661022680028226900042251B3E83E
S214139D40002467102F032F022F0A4EB900139A927E
S214139D504FEF000C70004CEE040CFFF44E5E4E7585
S214139D604E56FFFC48E73F3C266E0008246E000C58
S214139D70142E0013206B00242D680018FFFC286A8D
S214139D8000204BF900137FBC7A001A022C3C0013F8
S214139D90A2CC2E3C001429D6B8FC00006700008C19
S214139DA0262C001C282C00184A026720226C000C54
S214139DB042A9004642A9004A70FCC191486C0004AF
S214139DC0206EFFFC2F2800024E95508F206C002427
S214139DD0B0FC00006740216C00280028226C002885
S214139DE0228842A72F052F042F0A2F0B20464E90AA
S214139DF0206C001C4FEF0014B0FC00006724216C8D
S214139E0000200020226C002022882F0C20474E9022
S214139E10588F28436082226C0018236C0028002871
S214139E2060BA256C0020002460DA206A00287400CB
S214139E30B0FC000066342A3C00138D0C7828D88AB0
S214139E404BF90013888A49F9001429D64A826722E7
S214139E502F0220454E9026002E822F044E952F0259
S214139E604E944FEF000C240360E224082068000889
S214139E7060BE206A002C49F90013901EB0FC000047
S214139E8067162428001CB5E8000866082F082F0B51
S214139E904E94508F204260E42D4A00084CEE3CFC52
S214139EA0FFD44E5E4EF9001429D64E56FFD048E71F
S214139EB03F3C266E00081D6E000FFFD31D6E001369
S214139EC0FFD27EE0DE8E76F0D68E246B0018B4FCBE
S214139ED000006700012E202A000C667E226A0030DE
S214139EE0B2FC0000676C236A00340034206A003426
S214139EF02089242A0004D4AA0008274200042A6BC7
S214139F0000242F2D003249F9001388784E94588F69
S214139F102800B08262102F2D00364E94588F9880EA
S214139F20948427420004201252802740000C42A734
S214139F302F0A2F0B4EB900139D602F0B4EB900132B
S214139F408C7A4FEF00104A2EFFD26700FF7E600018
S214139F5000B2276A0034001C6092B0AA0014665E32
S214139F60242A0004D4AA0008274200042A6B0024DB
S214139F702F2D003249F9001388784E94588F2800F5
S214139F80B08262102F2D00364E94588F988094848A
S214139F9027420004201252802740000C226A003009
S214139FA0B2FC00006710236A00340034206A0034C1
S214139FB020896000FF7A276A0034001C60EE4A2E60
S214139FC0FFD36648262A0004274300042A6B00247E
S214139FD02F2D003249F9001388784E94588F240099
S214139FE0B08362102F2D00364E94588F948096822D
S214139FF0274300042752000C2F0B4EB900138C7AFC
S21413A000588F4CEE3CFCFFA84E5E4E752A6A001C19
S21413A010206D0024286800182F2D00144EB9001444
S21413A02029C22400588F661C4878053548790014D1
S21413A030E82D48790014D8E44EB90014428C4FEF3B
S21413A040000C60FE282A00202C3C00137FBC4A8498
S21413A0506700010E22442D69001CFFD420690018E6
S21413A0602F2800042F102F07206C00022F2800140F
S21413A0704EB90013F0642A004FEF001067182045FE
S21413A080082800000003670E224420690018B5E86C
S21413A0900008670000B04878001042A72F034EB997
S21413A0A000144CFC20442D50FFDC42AEFFD82F2E5C
S21413A0B0FFDC2F2EFFD82F032F2D00244EB90013AD
S21413A0C096184FEF001C4A80671C48780545487958
S21413A0D00014E82D48790014D8E44EB90014428CC5
S21413A0E04FEF000C60FE2F2D00142F2EFFFC2F02B7
S21413A0F04EB900144C8C2F032F2C000222464E917F
S21413A100487800012244206900182F2800042F10D5
S21413A1102F022F2C00024EB9001380F04FEF0024AD
S21413A1202E842F002F05206C00022F2800144EB902
S21413A1300013A16E4FEF00104A856616282EFFD423
S21413A1406000FF0C2F052F2C00024EB9001381A4BC
S21413A150508F2F072F2C000220464E90508F60DC16
S21413A1602F024EB9001429D6588F6000FDDA4E56CA
S21413A170000048E7303C2A6E000C202E0010286E94
S21413A1800014246C0014242C0018266A001C262B9A
S21413A19000184A80670425400018226C001CB2FC85
S21413A1A0000067000100236C00200020206C0020B4
S21413A1B02089226C0024B2FC0000670000F2236C96
S21413A1C000280028206C0028208942A742A72F02C7
S21413A1D02F0A2F0B4EB90013A2CC4FEF00142042B8
S21413A1E0B5E80008660EBAFC0000670842AD0046E4
S21413A1F042AD004A2F0C4EB9001429D6202A00145B
S21413A200528025400014588FB0AA000C660000B484
S21413A210B68A660000AE242A0004D4AA0008274291
S21413A2200004262B002420432F2800324BF900135A
S21413A23088784E95588F2840B082621220432F2874
S21413A24000364E95588F99C0948C274200042012DE
S21413A25052802740000C206A0030B0FC0000675A7A
S21413A260216A00340034226A0034228842A72F0A57
S21413A2702F0B4EB900139D6042A742A72F0B4EB962
S21413A28000139EAA2F0B4EB900138C7A4FEF001CA7
S21413A2902D6B002400084CEE3C0CFFE84E5E4EF986
S21413A2A000139530256C002000246000FF00204228
S21413A2B0216C002800286000FF0C276A0034001C5D
S21413A2C060A44CEE3C0CFFE84E5E4E754E56FFE017
S21413A2D048E73E3C2A2E0008246E0010102E001766
S21413A2E01C2E001B222A0008B2AE000C6600014288
S21413A2F0224520690024286800184A00662E206A22
S21413A300002445F90013A16EB0FC0000670001227B
S21413A310242800242F0842A742A7206C00022F28C7
S21413A32000144E924FEF0010204260DC78E0D88E77
S21413A3304878001042A72F0447F900144CFC4E939C
S21413A3404BEEFFF04878001042A72F0D4E93206A6D
S21413A35000282068000426504FEF0018B6FC0000B3
S21413A360670000CE4A06660000D22F2A00042F127A
S21413A3702F0D2F2C00024EB9001383664FEF0010DB
S21413A3804A80671C4878062648790014E82D4879D1
S21413A3900014D8E44EB90014428C4FEF000C60FE44
S21413A3A0261374002F032F022F0420452F28002472
S21413A3B04EB9001396184FEF00104A80671C487862
S21413A3C0062A48790014E82D48790014D8E44EB9C3
S21413A3D00014428C4FEF000C60FE22452F29001408
S21413A3E02F2EFFEC2F2EFFFC4EB900144C8C2F2B68
S21413A3F000142F0A4EB900138CB6206EFFF8217C7A
S21413A4000013A16E0046214B004A226EFFE8700827
S21413A4108191720383902F042F2C000245F90013A9
S21413A4207FBC4E922F0D2F2C00024E924FEF00241E
S21413A4304CEE3C7CFFBC4E5E4E752F2B00142F0A41
S21413A4404EB900138CB6508F60E64E56000048E7A0
S21413A4503838246E0008206E000C282A00082604BC
S21413A4605283254300085290286A00242F2C00326A
S21413A47047F9001388784E93588F2400B0836210E0
S21413A4802F2C00364E93588F9480968225430008BF
S21413A490202A0008B0AA0004663A487800014878D3
S21413A4A000012F0A4EB900139EAA4FEF000C202A64
S21413A4B00008B0AA0004661C487805C8487900143A
S21413A4C0E82D48790014D8E44EB90014428C4FEFA7
S21413A4D0000C60FE20044CEE1C1CFFE84E5E4E750E
S21413A4E04E56FFF048E7203C206E000820680024F4
S21413A4F028680018206E000C2068002045EEFFF038
S21413A5004BF900144C8C47F900137FBCB0FC0000C9
S21413A51067202428001C48780010486800042F0A77
S21413A5204E952F0A2F2C00024E934FEF0014204205
S21413A53060DA4CEE3C04FFDC4E5E4E754E56000061
S21413A54048780038487800014EB900142846204051
S21413A550508F4A80671C216E0008001C70FF214034
S21413A560001042A8001842A8002043E80020214902
S21413A570002420084E5E4E754E56FF6C48E73F3C4F
S21413A580246E00082A2E000C2D6A0008FF7620453C
S21413A59020AA00104878001042A7486EFFA449F975
S21413A5A000144CFC4E944878001042A7486EFFB433
S21413A5B04E94206A00242D680018FF8422452069D3
S21413A5C000242068000426504FEF00184BEEFFDCE3
S21413A5D07628D685283C001394542C3C0013901EE2
S21413A5E0B6FC0000673E206B002020680004241091
S21413A5F04878001842A72F0D4EB900144CFC2E2B8A
S21413A600001820472010222800042D40FFDC2D417F
S21413A610FFE0226B000C4FEF000C0829000100032B
S21413A6206700027C22452669002042AEFF9C74FF19
S21413A63099CC42AEFF9842AEFF9042AEFF882205F9
S21413A64050812D41FF7AB6FC000067000B8E2D6BF0
S21413A650001CFF724878001842A7486EFFC44EB914
S21413A66000144CFC262B001820432010222800042C
S21413A6702D40FFC42D41FFC82A6B000C4FEF000C72
S21413A680082D00010003670002CA262B00102A6A51
S21413A690002420452D50FFA0486D00224EB900130C
S21413A6A08D50588F4A806700036E2F2D002E4EB99B
S21413A6B000138878240070102E80486D0052487856
S21413A6C0FFFF4BF90013425E4E9548780004486E20
S21413A6D0FFA02F004E952F022F032F004E95280014
S21413A6E04FEF0024226B001074001411E14A484205
S21413A6F04242700010290001484042408480700096
S21413A70010290002E1888082802900032D40FF8CE7
S21413A7104203243C001388784AAEFF98660000CEA6
S21413A7202F2EFF7A2F0A4EB90013A44A2D40FF98F6
S21413A7302F0042A7486EFFA42F2A00244EB90013F9
S21413A74096702C004FEF0018660001302D6EFFB088
S21413A750FF9C226EFF9C12BCFF98137C00390001ED
S21413A760137C003B0002137CFFC00003137C000124
S21413A77000044229000542290006422900072845FD
S21413A7802F1420424E90220042414841E049226E47
S21413A790FF9C13410008220042414841134100091F
S21413A7A02200E0891341000A1340000B387C000C8A
S21413A7B0D9C92A6A00147022D0AA00242E804EB952
S21413A7C000138D50588F4A806600028A4BEDFFF4B3
S21413A7D02D4DFF9020454AA800046606216EFF986B
S21413A7E00004226EFFAC700B819176012D6B000472
S21413A7F0FF942D6B0008FF7E20452028000C538005
S21413A800B0AEFF8857C044001D40FF834A03671A43
S21413A810487800107052D0AA00242F00486EFFEA22
S21413A8204EB900144C8C4FEF000C2A6A00242F0DDF
S21413A8304EB900138C3E588F2E002C2EFF909C8002
S21413A8406A00021A48790014E8464EB900144362A7
S21413A850588F2F2EFF9C2F2A00244EB9001394A234
S21413A860486EFFA4206A00242F104EB900137FBC35
S21413A8702C004FEF00106700FEA8721CB28667000C
S21413A8800924256EFF760008487800012F052F0A45
S21413A8904EB900139D604FEF000C60000908206B43
S21413A8A00024B0FC000067000094216B00280028E9
S21413A8B0286B0028288842A9004642A9004A2F0D73
S21413A8C02F0320444E90508F4A8056C0488048C06D
S21413A8D044802F00487800012F072F052F0A4EB902
S21413A8E00013A2CC206B00184FEF0014BAA8000870
S21413A8F0660A2F082F0A22464E91508F284553ACCE
S21413A900000C486B0004206EFF842F2800024EB9FB
S21413A91000137FBC226B001C508FB2FC000067280C
S21413A920236B00200020206B002020892F0B4EB9AC
S21413A930001429D6588F26426000FCA62847296B98
S21413A940002800286000FF6A2845296B0020002491
S21413A95060D4206B0024B0FC0000670000A4216BB9
S21413A96000280028226B0028228842AD004642ADFC
S21413A970004A486EFFC42045486800284EB90013A5
S21413A9809454508F4A8056C0488048C044802F0045
S21413A990487800012F032F052F0A4EB90013A2CCB7
S21413A9A0226B00184FEF0014BAA90008660C2F0983
S21413A9B02F0A4EB90013901E508F224553A9000C30
S21413A9C0486B0004206EFF842F2800024EB9001334
S21413A9D07FBC2A6B001C508FBAFC0000672E2B6BB3
S21413A9E000200020226B0020228D2F0B4EB900145E
S21413A9F029D6588F28022404266EFF726000FC485E
S21413AA002243236B002800286000FF5A2245236B3D
S21413AA100020002460CE0CAD01FFFFFF0026632E3E
S21413AA20282D004A0284010000006700FCB82F2D71
S21413AA30002E4EB9001388782E802F032F024EB99E
S21413AA400013421C28004FEF000C6000FC9878009F
S21413AA506000FC924BEDFFF06000FD760CAD01FF3D
S21413AA60FFFF00266300023A082D0004004A670021
S21413AA7002304878001042A72F0C4EB900144CFC35
S21413AA802F2EFF7E20424E90220042414841E0493D
S21413AA901881220042414841194100012200E089F1
S21413AAA019410002194000034FEF00100CAD01FFCF
S21413AAB0FFFF00266334082D0001004A672C2F2E53
S21413AAC0FF9422424E91588F220042414841E0495A
S21413AAD01941000822004241484119410009220049
S21413AAE0E0891941000A1940000B4A036700014E1A
S21413AAF0700FB0866D0A48790014E84F6000FD4C5D
S21413AB0048780010486EFFEA200CD0872F0072108A
S21413AB10DE814EB900144C8C4FEF000C2F042F0C13
S21413AB202F0D4EB900138DC64FEF000C4A2EFF8320
S21413AB30675C7200122C0004E149484142417000E0
S21413AB40102C00054840424082807000102C0006EE
S21413AB50E1888081802C00072F004BF9001388783A
S21413AB604E95720882802E814E95588F2200424150
S21413AB704841E04919410004220042414841194125
S21413AB8000052200E08919410006194000070CAEA3
S21413AB9098393BC0FF8C665C7200122C0004E149A6
S21413ABA0484142417000102C0005484042408280C4
S21413ABB07000102C0006E1888081802C00072F007F
S21413ABC04BF9001388784E95720182802E814E952C
S21413ABD0588F220042414841E0491941000422009F
S21413ABE042414841194100052200E08919410006F7
S21413ABF0194000072F2EFF7A2F0A4EB90013A44AC6
S21413AC0024002F0042A7486EFFB42F2A00244EB903
S21413AC10001396702C004FEF0018670001CA206EC1
S21413AC20FFAC70FCC190486EFFA4206A00242F105E
S21413AC304EB900137FBC508F6000FC407200122C7C
S21413AC400004E149484142417000102C0005484079
S21413AC50424082807000102C0006E1888081802C90
S21413AC6000072F00243C0013887820424E9072026F
S21413AC7082802E8120424E90588F220042414841B6
S21413AC80E049194100042200424148411941000598
S21413AC902200E08919410006194000076000FE7E75
S21413ACA04878000C42A72F0C4EB900144CFC2F2EDC
S21413ACB0FF7E20424E90220042414841E0491881CF
S21413ACC0220042414841194100012200E0891941FE
S21413ACD00002194000034FEF00100CAD01FFFFFFF9
S21413ACE000266334082D0001004A672C2F2EFF948C
S21413ACF022424E91588F220042414841E049194161
S21413AD000008220042414841194100092200E08907
S21413AD101941000A1940000B4A03670000A0700F80
S21413AD20B0866D0A48790014E8586000FB1E487810
S21413AD300010486EFFEA200CD0872F007210DE81B9
S21413AD404EB900144C8C4FEF000C2F042F0C2F0D04
S21413AD504EB900138DC64FEF000C4A2EFF8367269D
S21413AD607200122C0006E189822C00072401E18A66
S21413AD703001E0488042004000083200E059194094
S21413AD800006194100070CAE98393BC0FF8C6600CD
S21413AD90FE647200122C0006E189822C000724013F
S21413ADA0E18A3001E0488042004000013200E05959
S21413ADB019400006194100076000FE3A7200122C73
S21413ADC00006E189822C00072401E18A3001E0485D
S21413ADD08042004000023200E05919400006194133
S21413ADE000076000FF662A6EFFC02F2A00142F2B61
S21413ADF000102F0D4EB900144C8C4FEF000C0CAEF8
S21413AE0098393BC0FF8C660E4215422D0001422D29
S21413AE100002422D0003226EFFBC720B8391486E14
S21413AE20FFB4226A00242F114BF900137FBC4E95F2
S21413AE302C00508F6718206EFFAC70FCC190486EC4
S21413AE40FFA4206A00242F104E956000FDEA268288
S21413AE50D9C79FAEFF9052AEFF886000FB9A760468
S21413AE60600003DE264820680008600003DC327C9E
S21413AE70FFEC600004B27008B08366202F2B00042A
S21413AE802F134EB90013885C508F2A802B41000471
S21413AE90DBC39483266EFF9C600003C62F2B00042F
S21413AEA04EB900138878588F2A8060E42845242CDE
S21413AEB0001C486C00082F024EB90013A44A2F003A
S21413AEC042A7486EFFDC20422F2800244EB90013F9
S21413AED096702C004FEF00186600F9A0286EFFE856
S21413AEE018BCFF98197C00390001197C003B00023E
S21413AEF0197CFFC00003197C00020004422C0005D5
S21413AF00422C0006422C000722452F114BF9001342
S21413AF1088784E95588F220042414841E04919419E
S21413AF200008220042414841194100092200E089E5
S21413AF301941000A1940000B2042262800242243F8
S21413AF400CA901FFFFFF0026634008290000004AF2
S21413AF506738197C0001000C197C0004000D20458D
S21413AF602F2800104E95588F220042414841E04941
S21413AF701941001022004241484119410011220094
S21413AF80E08919410012194000137C22DC832F0636
S21413AF90283C00138D5022444E91588F4A806744A4
S21413AFA0422C000C422C000D2F0620444E90588F36
S21413AFB04A80670001182F0C2F034EB900138ED446
S21413AFC0508F220042414841E049194100102200A7
S21413AFD042414841194100112200E08919410012EB
S21413AFE019400013206EFFE4700B8190486EFFDC4F
S21413AFF02242206900242F10243C00137FBC2842D1
S21413B0004E94508F4A806600042252AA001022459E
S21413B01020690028B0FC0000660000B8283C001326
S21413B0208D0C49F9001394062C3C0013F0642E3C47
S21413B0300013A16EB6FC0000670000A22F0B22447B
S21413B0404E9126002EAB00042F132F0A4E944FEF6B
S21413B050000C4A806770224020690028206800048C
S21413B0602650B6FC0000675E4878001042A7486E6C
S21413B070FFDC4EB900144CFC206B00182F2800047C
S21413B0802F10486EFFDC206A002420502F2800144F
S21413B09020464E902F0B42A72F00206A00242050E4
S21413B0A02F2800142D40FF6E22474E914FEF002C91
S21413B0B0202EFF6E6710486EFFDC206A00242F10C8
S21413B0C020424E90508F26436000FF6A7000600047
S21413B0D0FEF22648206800086000FF3A2845222C16
S21413B0E0000C4AAA0018660000C82C01266A002421
S21413B0F049F900138C7A2045262800044A81676094
S21413B100254300042F2B00324E95588F2400B0830E
S21413B11062102F2B00364E95588F948096822543B7
S21413B120000422452551000C2F0A4E942F2A002482
S21413B1304EB900139530284542AC0030206A001CE7
S21413B1402948003420857030D0852540001C2F05F3
S21413B1502F0A4EB90013A4E04FEF0010600002C68A
S21413B160D6A80008254300042F2B00324E95588F7F
S21413B1702400B08362102F2B00364E95588F948080
S21413B1809682254300042045201052802540000C4B
S21413B1902F0A4E9442A72F052F0A4EB900139D600F
S21413B1A04FEF001020064CEE3CFCFF444E5E4E75EF
S21413B1B042AC0030206A001C2948003420857030C9
S21413B1C0D0852540001C2C0167DA2F052F0A4EB9AF
S21413B1D00013A4E0508F6000024C4AAEFF98672E0F
S21413B1E02F2EFF9C2F2A00244EB9001394A222451B
S21413B1F023420010486EFFA4206A00242F104EB975
S21413B20000137FBC2C004FEF00106600F66E4878D4
S21413B210001042A7486EFFDC47F900144CFC4E930F
S21413B220206A00244FEF000C0CA801FFFFFF002636
S21413B2306300FC2C08280001004A6700FC227608ED
S21413B2402845206C002897CBB0FC00006600FC163F
S21413B2507C009BCD78007400200550802D40FF980D
S21413B260B6FC00006700013A2F0B4EB900138D0C85
S21413B270588F2D40FF9C2E3C001394A24A846600E0
S21413B28000C02F2EFF982F0A4EB90013A44A280089
S21413B2902F0042A7486EFFDC2F2A00244EB9001356
S21413B2A096702C004FEF00186600F5D0286EFFE856
S21413B2B018BCFF98197C00390001197C003B00026A
S21413B2C0197CFFC00003197C00050004422C0005FE
S21413B2D0422C0006422C000720452F104EB90013AF
S21413B2E08878220042414841E0491941000822006B
S21413B2F042414841194100092200E0891941000AD8
S21413B3001940000B4BEC0010242A00147022D0AA0C
S21413B31000242E804EB900138D50588F4A80660035
S21413B320FB4E327CFFF0D3C2240920454AA8000402
S21413B330660421440004226EFFE4700B81912C0CEA
S21413B340B6826F00FB32222A001492822F014EB966
S21413B35000138878220042414841E04920461141B3
S21413B360000C2200424148411141000D2200E089A1
S21413B3701141000E1140000F2E862F2A002422475B
S21413B3804E91486EFFDC206A00242F104EB900132E
S21413B3907FBC2C004FEF00106700FEE86000F4DC63
S21413B3A04A84675E4A866734222A001492822F01E3
S21413B3B04EB900138878588F220042414841E0491D
S21413B3C020461141000C2200424148411141000D14
S21413B3D02200E0891141000E1140000F2F062F2A7C
S21413B3E000244EB9001394A2486EFFDC206A002492
S21413B3F02F104EB900137FBC2C004FEF00106600C1
S21413B400F47A22454AA900206600FAA24AA900281F
S21413B4106600FA9A42A72F052F0A4EB900139D60AD
S21413B4204FEF000C7C006000FD7C2C006000F44C99
S21413B4304E560000222E000C2001E688206E0008CF
S21413B440D1C07007C2807001E3A881104E5E4E759E
S21413B4504E5600002F0A2F02242E00080802000062
S21413B460674C4EB9001300AE0800000867404879D1
S21413B4700014E86148790014D91445F90014428C75
S21413B4804E924878008E48790014D9174E92487910
S21413B4900014E86B4EB90014436220790014FC368E
S21413B4A02F2800084EB900143E2E4FEF001808023E
S21413B4B00001674C4EB9001300AE08000008674041
S21413B4C048790014E86148790014D91445F9001432
S21413B4D0428C4E924878009048790014D9174E92B1
S21413B4E048790014E8774EB90014436220790014A3
S21413B4F0FC362F2800084EB900143E2E4FEF0018C6
S21413B50044C2664C4EB9001300AE080000086740EC
S21413B51048790014E86148790014D91445F90014E1
S21413B520428C4E924878009248790014D9174E925E
S21413B53048790014E8804EB9001443622079001449
S21413B540FC362F2800084EB900143E2E4FEF001875
S21413B55044C26A4C4EB9001300AE08000008674098
S21413B56048790014E86148790014D91445F9001491
S21413B570428C4E924878009448790014D9174E920C
S21413B58048790014E8884EB90014436220790014F1
S21413B590FC362F2800084EB900143E2E4FEF001825
S21413B5A008020004674C4EB9001300AE08000008EA
S21413B5B0674048790014E86148790014D91445F9AE
S21413B5C00014428C4E924878009648790014D91786
S21413B5D04E9248790014E8944EB9001443622079C9
S21413B5E00014FC362F2800084EB900143E2E4FEFD9
S21413B5F0001808020006674C4EB9001300AE080088
S21413B6000008674048790014E86148790014D91493
S21413B61045F90014428C4E924878009848790014E5
S21413B620D9174E9248790014E89C4EB90014436219
S21413B63020790014FC362F2800084EB900143E2E2D
S21413B6404FEF00184A026C4C4EB9001300AE0800B8
S21413B6500008674048790014E86148790014D91443
S21413B66045F90014428C4E924878009A4879001493
S21413B670D9174E9248790014E8A44EB900144362C1
S21413B68020790014FC362F2800084EB900143E2EDD
S21413B6904FEF001808020008674C4EB9001300AEAF
S21413B6A008000008674048790014E86148790014D8
S21413B6B0D91445F90014428C4E924878009C487968
S21413B6C00014D9174E9248790014E8AA4EB90014FC
S21413B6D0436220790014FC362F2800084EB9001454
S21413B6E03E2E4FEF001808020009674C4EB90013A0
S21413B6F000AE08000008674048790014E8614879EE
S21413B7000014D91445F90014428C4E924878009EC2
S21413B71048790014D9174E9248790014E8AE4EB9FA
S21413B7200014436220790014FC362F2800084EB903
S21413B73000143E2E4FEF00180802000A674C4EB94D
S21413B740001300AE08000008674048790014E8614B
S21413B75048790014D91445F90014428C4E9248784F
S21413B76000A048790014D9174E9248790014E8B609
S21413B7704EB90014436220790014FC362F280008B3
S21413B7804EB900143E2E4FEF00180802000C674CFB
S21413B7904EB9001300AE080000086740487900143D
S21413B7A0E86148790014D91445F90014428C4E9276
S21413B7B0487800A248790014D9174E924879001495
S21413B7C0E8BF4EB90014436220790014FC362F28C4
S21413B7D000084EB900143E2E4FEF00180802000D55
S21413B7E0674C4EB9001300AE08000008674048794E
S21413B7F00014E86148790014D91445F90014428CF2
S21413B8004E92487800A448790014D9174E92487976
S21413B8100014E8C74EB90014436220790014FC36AE
S21413B8202F2800084EB900143E2E4FEF00180802BA
S21413B830000E674C4EB9001300AE080000086740B0
S21413B84048790014E86148790014D91445F90014AE
S21413B850428C4E92487800A648790014D9174E9217
S21413B86048790014E8D14EB90014436220790014C5
S21413B870FC362F2800084EB900143E2E4FEF001842
S21413B8804A426C584EB9001300AE08000008674CC5
S21413B89048790014E86148790014D91445F900145E
S21413B8A0428C4E92487800A848790014D9174E92C5
S21413B8B048790014E8DA4EB9001443624FEF0014C7
S21413B8C020790014FC362D6800080008242EFFF893
S21413B8D0246EFFFC4E5E4EF900143E2E242EFFF807
S21413B8E0246EFFFC4E5E4E754E5600002F0A2F0236
S21413B8F0242E000808020000674C4EB9001300AE51
S21413B90008000008674048790014E8614879001475
S21413B910D91445F90014428C4E92487800BD4879E4
S21413B9200014D9174E9248790014E8E64EB900145D
S21413B930436220790014FC362F2800084EB90014F1
S21413B9403E2E4FEF001808020001674C4EB9001345
S21413B95000AE08000008674048790014E86148798B
S21413B9600014D91445F90014428C4E92487800BF3F
S21413B97048790014D9174E9248790014E8F34EB953
S21413B9800014436220790014FC362F2800084EB9A1
S21413B99000143E2E4FEF001844C2664C4EB90013E7
S21413B9A000AE08000008674048790014E86148793B
S21413B9B00014D91445F90014428C4E92487800C1ED
S21413B9C048790014D9174E9248790014E8FE4EB9F8
S21413B9D00014436220790014FC362F2800084EB951
S21413B9E000143E2E4FEF001844C26A4C4EB9001393
S21413B9F000AE08000008674048790014E8614879EB
S21413BA000014D91445F90014428C4E92487800C39A
S21413BA1048790014D9174E9248790014E9084EB99C
S21413BA200014436220790014FC362F2800084EB900
S21413BA3000143E2E4FEF001808020004674C4EB950
S21413BA40001300AE08000008674048790014E86148
S21413BA5048790014D91445F90014428C4E9248784C
S21413BA6000C548790014D9174E9248790014E91284
S21413BA704EB90014436220790014FC362F280008B0
S21413BA804EB900143E2E4FEF001808020005674CFF
S21413BA904EB9001300AE080000086740487900143A
S21413BAA0E86148790014D91445F90014428C4E9273
S21413BAB0487800C748790014D9174E92487900146D
S21413BAC0E91B4EB90014436220790014FC362F2864
S21413BAD000084EB900143E2E4FEF00180802000659
S21413BAE0674C4EB9001300AE08000008674048794B
S21413BAF00014E86148790014D91445F90014428CEF
S21413BB004E92487800C948790014D9174E9248794E
S21413BB100014E9254EB90014436220790014FC364C
S21413BB202F2800084EB900143E2E4FEF00180802B7
S21413BB300008674C4EB9001300AE080000086740B3
S21413BB4048790014E86148790014D91445F90014AB
S21413BB50428C4E92487800CB48790014D9174E92EF
S21413BB6048790014E9314EB9001443622079001461
S21413BB70FC362F2800084EB900143E2E4FEF00183F
S21413BB8008020009674C4EB9001300AE08000008FF
S21413BB90674048790014E86148790014D91445F9C8
S21413BBA00014428C4E92487800CD48790014D91769
S21413BBB04E9248790014E9374EB90014436220793F
S21413BBC00014FC362F2800084EB900143E2E4FEFF3
S21413BBD000180802000A67584EB9001300AE080092
S21413BBE00008674C48790014E86148790014D914A2
S21413BBF045F90014428C4E92487800CF48790014C9
S21413BC00D9174E9248790014E9404EB9001443628E
S21413BC104FEF001420790014FC362D680008000836
S21413BC20242EFFF8246EFFFC4E5E4EF900143E2EB3
S21413BC30242EFFF8246EFFFC4E5E4E754E56FFF410
S21413BC4048E73C38246E0008266A0014082B0002C6
S21413BC50006C670000AE260B5C837400142B005E2A
S21413BC60E18A842B005F2D6A0018FFF82F2A001034
S21413BC704EB9001348282D40FFFC2F2A00102F031F
S21413BC804EB9001343CE2A0042A72F2A00102F03C3
S21413BC9049F90013440E4E9448780010486B006E12
S21413BCA04878FFFF47F90013425E4E934FEF002488
S21413BCB048780004486EFFF82F004E934878000427
S21413BCC0486EFFFC2F004E932F022F2A00102F00D2
S21413BCD04E934FEF00202E852F2A00102F032D4052
S21413BCE0FFF44E944FEF000C202EFFF40C4200800E
S21413BCF0660602800000FFFF4CEE1C3CFFD84E5E2B
S21413BD004E75700060F24E56FFE848E73F3C246ECF
S21413BD100008242E000C286E00102A6E00141D6EC8
S21413BD20001BFFEC266A00142F2A0010486B00062F
S21413BD304EB900134AC8508F260086816612429465
S21413BD4042AC000470004CEE3CFCFFC04E5E4E75D9
S21413BD50082B0006006967722F3C000800002F2A84
S21413BD6000104EB900134B92508F4A00675C42A7DF
S21413BD70200D72004601C0812F00486EFFF04878F0
S21413BD8000012F022F0A4EB900141F6C4FEF001834
S21413BD904A8066B228AEFFF0296EFFF40004262E02
S21413BDA0FFF086AEFFF4669E4A2EFFEC6698487840
S21413BDB0056348790014E94E48790014D8E44EB95F
S21413BDC00014428C4FEF000C60FE226A0010700BBA
S21413BDD0B08265162F022F094EB9001349AA2940BF
S21413BDE000044294508F6000FF5C41EB040E760112
S21413BDF02E027C0020182218928791866200008EED
S21413BE0052837204B28366EC70056000FF3AD281E7
S21413BE10D281206EFFFC2A30180078002F032F2BB8
S21413BE20000220464E90508F4A806600FF1A220466
S21413BE3082856700FF0AB5EEFFEC67462F2A0004DB
S21413BE402F122F0242A74EB90014C6D84FEF001078
S21413BE5024012F222F222F012F004E954FEF001073
S21413BE602F052F042F032F2B00022D41FFE8204709
S21413BE704E904FEF0010222EFFE84A806790600026
S21413BE80FEC62884294500046000FEBC2C03538696
S21413BE902006E78845F308002E2A040A2F062F09E2
S21413BEA04EB900134A2A2A007800508F2004808542
S21413BEB06700FE8C94874BF90014C1782F2A042A46
S21413BEC02F2A04262F0242A74E954FEF0010E78B1A
S21413BED0244345EA041E45F3A80041EB04262D48E7
S21413BEE0FFEC76F0D68E2E3C00135B522C3C0013E0
S21413BEF07FBC6000FF6C4E56FFFC48E7203C246E68
S21413BF000008206E000C266E00107200122A0064C1
S21413BF10E149484142417000102A006548404240BA
S21413BF2082807000102A0066E1888081802A00676C
S21413BF300800000A675A2A4E2B08342B001E426B41
S21413BF40001E48780010486A00684878FFFF49F9D1
S21413BF500013425E4E94487800042F0D2F004E9423
S21413BF607200122A00FEE189822A00FF0C4100208B
S21413BF70640272203F0142672F0B2F004E94374204
S21413BF80001E4FEF00244CEE3C04FFE84E5E4E7549
S21413BF900800000467762A4E2B0848780010486A73
S21413BFA000682F3C0000FFFF49F90013881A4E94CF
S21413BFB0487800042F0D3F0042674E944878001EC1
S21413BFC02F0B3F0042674E944FEF00244A2A00631C
S21413BFD06CB47200122A00FEE189822A00FF0C411B
S21413BFE000206402722002810000FFFF307C0020D4
S21413BFF0B288639220414868FFE0486B00203F00F8
S21413C00042674E944FEF000C6000FF7C4240600086
S21413C010FF764E560000206E0008B0FC0000661C2B
S21413C0204878008048790014E94E48790014D8E41B
S21413C0304EB90014428C4FEF000C60FE317C0001A9
S21413C04000404A106614486800062F2800024EB9AE
S21413C05000137526508F4E5E4E75700060F84E5660
S21413C060000048E7303C266E0008262E000CB6FC6F
S21413C070000067044A83661C487800D44879001485
S21413C080E94E48790014D8E44EB90014428C4FEFA9
S21413C090000C60FE4AAB0052660A20434210700042
S21413C0A06000032E45F9001300AE4E9208000008F8
S21413C0B0674048790014E86148790014D91449F99F
S21413C0C00014428C4E94487800DB48790014D91734
S21413C0D04E9448790014E9624EB9001443622079ED
S21413C0E00014FC362F2800084EB900143E2E4FEFCE
S21413C0F000182F2B00664BF90013B4504E954E9232
S21413C100588F08000008674048790014E86148799A
S21413C1100014D91449F90014428C4E94487800DE62
S21413C12048790014D9174E9448790014E9884EB903
S21413C1300014436220790014FC362F2800084EB9E9
S21413C14000143E2E4FEF0018242B00620802000046
S21413C15067484E9208000008674048790014E86163
S21413C16048790014D91449F90014428C4E9448782F
S21413C17000AD48790014D9174E9448790014E9ACE9
S21413C1804EB90014436220790014FC362F28000899
S21413C1904EB900143E2E4FEF0018080200016748F0
S21413C1A04E9208000008674048790014E861487901
S21413C1B00014D91449F90014428C4E94487800AFF1
S21413C1C048790014D9174E9448790014E9B94EB932
S21413C1D00014436220790014FC362F2800084EB949
S21413C1E000143E2E4FEF001844C266484E920800C5
S21413C1F00008674048790014E86148790014D91498
S21413C20049F90014428C4E94487800B148790014CA
S21413C210D9174E9448790014E9C74EB900144362EF
S21413C22020790014FC362F2800084EB900143E2E31
S21413C2304FEF001844C26A484E9208000008674041
S21413C24048790014E86148790014D91449F90014A0
S21413C250428C4E94487800B348790014D9174E94FC
S21413C26048790014E9D34EB90014436220790014B8
S21413C270FC362F2800084EB900143E2E4FEF001838
S21413C2800802000467484E92080000086740487981
S21413C2900014E86148790014D91449F90014428C43
S21413C2A04E94487800B548790014D9174E944879B7
S21413C2B00014E9DC4EB90014436220790014FC36EE
S21413C2C02F2800084EB900143E2E4FEF0018080210
S21413C2D0000567484E920800000867404879001426
S21413C2E0E86148790014D91449F90014428C4E9425
S21413C2F0487800B748790014D9174E944879001433
S21413C300E9E94EB90014436220790014FC362F284D
S21413C31000084EB900143E2E4FEF00184E92080038
S21413C3200008674048790014E86148790014D91466
S21413C33049F90014428C4E94487800E14879001469
S21413C340D9174E9448790014E9F34EB90014436292
S21413C35020790014FC362F2800084EB900143E2E00
S21413C3604FEF00182F2B006A49F90013B8E84E94C4
S21413C370242B00660242FC29588F4A82675C4E9231
S21413C38008000008674048790014E86148790014EB
S21413C390D91445F90014428C4E92487800E948792E
S21413C3A00014D9174E9248790014EA164EB90014A1
S21413C3B0436220790014FC362F2800084EB9001467
S21413C3C03E2E4FEF00182F024E95588F7079460069
S21413C3D04CEE3C0CFFE84E5E4E75242B006A024270
S21413C3E0FB844A826700FCB44E920800000867403C
S21413C3F048790014E86148790014D91445F90014F3
S21413C400428C4E92487800F348790014D9174E920E
S21413C41048790014EA4C4EB900144362207900148C
S21413C420FC362F2800084EB900143E2E4FEF001886
S21413C4302F024E94204310BC0001588F6000FC60FE
S21413C4404E56FFF848E73F3C246E0008202E000C9B
S21413C450222E00101D41FFFEB4FC000067044A8024
S21413C460661C4878004448790014E94E487900144D
S21413C470D8E44EB90014428C4FEF000C60FE2540F2
S21413C48000021481260A5C832F032F004EB9001373
S21413C490758C2400508F660001442F034EB9001389
S21413C4A075AC588F747946024A00670001307200E3
S21413C4B0122A001EE149484142417000102A001F0B
S21413C4C04840424082807000102A0020E188808114
S21413C4D0802A00212C3C00000400E1AE0C860001EB
S21413C4E0000062000104486EFFFE2F0A4EB90013C7
S21413C4F0C05E2400508F660000E44A2EFFFE6704D9
S21413C50014BC0001E48E42AA0406257C0000000C2D
S21413C510040A42AA0426257C00000001042A47EADE
S21413C520040641EA041E2D48FFFA2A0678004BF942
S21413C5300014C084284B2F2B00242F2B00202F05EC
S21413C5402F044E954FEF0010274000282741002C4C
S21413C550508B2C142E2C0004DE81DD802686274774
S21413C5600004B7EEFFFA66CC082A00010041674CB8
S21413C5704EB9001300AE080000086740487900144F
S21413C580E86148790014D91447F90014428C4E9385
S21413C5904878006D48790014D9174E9348790014DB
S21413C5A0EA7F4EB90014436220790014FC362F2814
S21413C5B000084EB900143E2E4FEF00184A12661CA0
S21413C5C0357C000200402F032F2A00024EB90013B9
S21413C5D075262400508F6604526A003A20024CEEE9
S21413C5E03CFCFFD04E5E4E75740660F04E56FF98B8
S21413C5F048E73F3C266E00082C2E000C246E0010D5
S21413C6007E001E2B001EE14F484742477000102B3A
S21413C610001F484042408E807000102B0020E18897
S21413C6208087802B0021223C00000400E1A97000C3
S21413C630102B0104E188802B01050C4000206402B6
S21413C64070204BF90014B4AC3F0042672F012D48FD
S21413C650FF9C2D49FF984E95508F28402E0B5C87D4
S21413C6602F002F064E95508F2A40082B0004006982
S21413C670672C7200122B010AE149484142417000AF
S21413C680102B010B4840424080817200122B010C84
S21413C690E1898280822B010DB28D630004C474007D
S21413C6A0142B001AE14A484242427200122B001B16
S21413C6B04841424182827000102B001CE188808121
S21413C6C0802B001D4BF50801224D91C87600162BC2
S21413C6D00104E18B862B01052F092F082F0A2F2B18
S21413C6E000024EB900135B522D40FFD44FEF0010DB
S21413C6F0660004602F0C2F064EB90014B538508F01
S21413C7000C430020640276203F0342672F004EB985
S21413C7100014B488508F286A000CD9C0254C00101A
S21413C720254B001425460018422A001C082B00022D
S21413C730006C67602F0C2F062F074EB90013BEF63A
S21413C7404FEF000CB06C001E674A4EB9001300AED4
S21413C75008000008673E48790014E8614879001419
S21413C760D9144BF90014428C4E95487802554879E3
S21413C7700014D9174E952F0648790014EAB34E9530
S21413C78020790014FC362F2800084EB900143E2ECC
S21413C7904FEF001C082C000100136700051C2A6AC3
S21413C7A000142E0D5C87206A00107000102D005E9A
S21413C7B0E188802D005F2D40FFA07200122D001E11
S21413C7C0E149484142417800182D001F484442442D
S21413C7D082847800182D0020E18C8881882D002112
S21413C7E07400142D002EE14A484242427000102D68
S21413C7F0002F4840424084807000102D0030E1889E
S21413C8008082802D00312D40FFA42D50FFDC42AED8
S21413C810FFD87000102D0104E188802D01050C400F
S21413C820002063062D680020FFD82D680004FFD073
S21413C83042AEFFCC0C40002063062D680024FFCCCC
S21413C8402D680008FFEC42AEFFE80C40002063069C
S21413C8502D680028FFE82F2A00182F074EB900135B
S21413C86062742D41FFBC7400142D0104E18A842DDB
S21413C87001057000102D0066E148484042407600DE
S21413C880162D00674843424380837600162D0068B2
S21413C890E18B8680862D00692D43FFB82F2EFFDC93
S21413C8A02F2EFFD8486EFFF0206A00142F280002A0
S21413C8B04EB900135B4626004FEF0018660002823F
S21413C8C0203C00000400E9A82D40FFC02F0042A71B
S21413C8D02F2EFFFC4EB900144CFC2F2A00182F07DE
S21413C8E04EB9001377C616004FEF0014082E000437
S21413C8F0FFBB6754282A00180C42002064027420D9
S21413C9003F0242672F2EFFC04EB90014B4AC508FAF
S21413C9107A001A2D010AE14D484542457400142D3C
S21413C920010B4842424284857200122D010CE189A4
S21413C9308282822D010D2F012F004EB90014B48868
S21413C940508FB880640002E44A036600029E282AC9
S21413C95000182F072A3C0013735C20454E90538013
S21413C960588F7C001C2D00267600162D002772008B
S21413C970122D00287400142D00292042B08466005E
S21413C98002BE7000102D000AE1484840424078006D
S21413C990182D000B4844424488807400142D000C54
S21413C9A0E18A8484842D000D7000102D001AE1484E
S21413C9B0484042407800182D001B48444244888063
S21413C9C07000102D001CE1888084802D001D280225
S21413C9D09880E14E48464246484342438C8324019E
S21413C9E0E18A8486200884802F0720454E902F02E4
S21413C9F053802F004EB90014B488240494804FEF4C
S21413CA00000C262EFFB8028300000200282A001806
S21413CA102F2EFFDC2F2EFFD82F074EB9001361E4FD
S21413CA204FEF000CB08466000572222EFFDC92AE28
S21413CA30FFBC2F012F2EFFFC4EB90013B430508FBE
S21413CA40282A00182F2EFFD02F2EFFCC2F074EB9D3
S21413CA50001361E44FEF000CB084660005482C2EDB
S21413CA60FFD09CAEFFBC2F062F2EFFFC4EB9001333
S21413CA70B430508F2F2EFFA42F2EFFA04EB90014C4
S21413CA80B488588F2EAEFFC02F004EB90014B4AC26
S21413CA90508F2D40FFB442AEFFB0282EFFB02A2E83
S21413CAA0FFB4202EFFE8DAAEFFECD9804BF9001363
S21413CAB061E4202EFFE8222EFFEC92859184650018
S21413CAC00198282EFFC0E78CB4846C382A2EFFFCFE
S21413CAD026025E8372F8C6814BF90013B430B68211
S21413CAE0620001BCB4846C1C9882E6842F044878D8
S21413CAF000FFE6822045487028004EB900144CFC0F
S21413CB004FEF000C2F2EFFF84EB900135AF22F2EAC
S21413CB10FFFC2F2A00102F074EB900136302157C53
S21413CB200001001C486EFFF0206A00142F28000234
S21413CB304EB900137FBC26004FEF00186700016E36
S21413CB402F0A2F2B00024EB900137FBC508F2D4394
S21413CB50FFD4202EFFD44CEE3CFCFF704E5E4E7579
S21413CB602F062F074EB9001377C63A407200122BC2
S21413CB700026E149484142417000102B00274840E7
S21413CB80424082807000102B0028E1888081802B21
S21413CB9000292F0642A72F0042A74EB90014C084BF
S21413CBA07400142B001AE14A484242427600162BB0
S21413CBB0001B4843424386827400142B001CE18AF0
S21413CBC08483842B001D26027400D283D182360DF3
S21413CBD07A001A03780024002601D685D5842042CD
S21413CBE022434FEF00186000FAE42F2A00182F078D
S21413CBF04EB9001377EC7200122D00D4E189822D02
S21413CC0000D5204041F018012608508F7800243CA8
S21413CC100013B430B6846700FD362F042F2EFFFCA6
S21413CC2020424E905284508F60EA2F042F074EB93D
S21413CC30001377EC0283000000FFD68060CCE14E31
S21413CC40484642464843424386862401E18A848303
S21413CC50200884806000FDAC2C2A00182F2EFFECD1
S21413CC602F2EFFE82F074E954FEF000CB086660069
S21413CC70033E222EFFEC92AEFFBC2F012F2EFFFC9D
S21413CC804EB90013B430508F42807201D3AEFFEC0E
S21413CC902C2EFFE8DD802D46FFE86000FE162F02DF
S21413CCA02F054E955282508F6000FE34026CFFFDA6
S21413CCB00012157C0001001C082C000000136700EE
S21413CCC0FE922A6A0014282A001020442D680004B5
S21413CCD0FFC842AEFFC47000102D0104E188802DFA
S21413CCE001050C40002063062D680024FFC42F2E78
S21413CCF0FFC82F2EFFC47AF0DA8E2F052F2D0002D1
S21413CD00243C00135B4620424E902D40FFD44FEF39
S21413CD100010660000E47200122D001EE14948411F
S21413CD2042417000102D001F484042408280700020
S21413CD30102D0020E1888081802D00212C3C0000DE
S21413CD400400E1AE7200122D002EE1494841424123
S21413CD507400142D002F4842424282827400142D10
S21413CD600030E18A8481842D003126025E832003FD
S21413CD70E6882F0042A72F2EFFFC41F900144CFC27
S21413CD802D48FF9C4E902E06E78F4FEF000C70F841
S21413CD90C6802C3C0013B430B6826272B487641E0D
S21413CDA02C079C82E68E2F06487800FFE68AD4AEC0
S21413CDB0FFFC2F024EB900144CFC4FEF000C2F2E25
S21413CDC0FFF84EB900135AF22F2EFFFC2F04486DAE
S21413CDD000064EB90013530A157C0001001C2F05DC
S21413CDE0206A00142F2800024EB900137FBC2D4072
S21413CDF0FFD44FEF001867282F0A206A00142F2835
S21413CE0000024EB900137FBC508F6000FD462F0200
S21413CE102F2EFFFC20464E905282508F6000FF7AD2
S21413CE20302C001232000241FFFE3941001244C07A
S21413CE30670000EA2A6A0014262A00107400142DCC
S21413CE40001EE14A484242427000102D001F48401F
S21413CE50424084807000102D0020E1888082802D4F
S21413CE600021283C00000400E1AC7000102D005E89
S21413CE70E1882C3C0014B4AC802D005F2F002F04E7
S21413CE8020464E90508F24002F2A0018486D000617
S21413CE904EB9001374A22E002F022F0020464E9078
S21413CEA0508F2C002F022F074EB90014B5384FEFB2
S21413CEB000104A806702528620432D680008FFE45C
S21413CEC042AEFFE07000102D0104E188802D0105AD
S21413CED00C40002063062D680028FFE02D46FFACAB
S21413CEE042AEFFA8242EFFA8262EFFAC4280538303
S21413CEF09580222EFFE0D6AEFFE4D5814BF90013C2
S21413CF005AF22E3C00137FBC202EFFE0222EFFE4A5
S21413CF10928391826310006C00040012157C00014A
S21413CF20001C6000FC2E2F2EFFE42F2EFFE02F0593
S21413CF30206A00142F2800024EB900135B462C00FB
S21413CF404FEF0010663E2F0442A72F2EFFFC4EB95C
S21413CF5000144CFC2F2EFFF84E952F05206A001454
S21413CF602F28000220474E902C004FEF001866140F
S21413CF7042807201D3AEFFE42C2EFFE0DD802D46F7
S21413CF80FFE060842F0A2F2B00024EB900137FBCDC
S21413CF90508F2D46FFD46000FBBA4A836700FA8C85
S21413CFA06000FA9E4A836700FAB66000FAC84A839E
S21413CFB06600FCD66000FCBC4E5600002F0A246E9A
S21413CFC000084A2A001C672C2F2A00102F2A001844
S21413CFD0202A00145C802F004EB90013BEF6206A78
S21413CFE000103140001E2F2A00084EB900135AF2C3
S21413CFF04FEF00102F0A206A00142F2800024EB994
S21413D00000137FBC246EFFFC4E5E4E754E56FFDC3F
S21413D01048E73F3C246E0008266E00101D6E00176E
S21413D020FFE12A6A002E286E000C538C74E2D48E0D
S21413D0302F0241F90014B4AC2F0D2F0C2D48FFDC32
S21413D0404E90588F2E802F0A4EB90013C5EC26002B
S21413D0504FEF000C66000148206EFFF22A280008E6
S21413D06078007000102A0104E188802A01050C401C
S21413D07000206304282800282F024EB90013CFB8C7
S21413D0802600588F660001187200122A001EE14906
S21413D090484142417000102A001F48404240828097
S21413D0A07000102A0020E1888081802A0021243C09
S21413D0B000000400E1AA2F0D2F0C4EB90014B5384A
S21413D0C0508F7200322A005E2F012F004EB90014C3
S21413D0D0B488508F28402F022F004EB90014B4ACDA
S21413D0E0508F2E007C0020062207D285D1842F0174
S21413D0F02F002F0B2F2A00024EB900135B52260067
S21413D1004FEF00106600009820025380220CC08157
S21413D110D0AB000C27400010276E000C0018274ACF
S21413D1200014422B001C4A2EFFE16772082A0002E5
S21413D130006C676A2F00486A00064EB9001343CE88
S21413D14024002F0B4EB90013BC3C4FEF000CB082DB
S21413D150674C4EB9001300AE0800000867404879C4
S21413D1600014E86148790014D91445F90014428C68
S21413D1704E924878030C48790014D9174E922F2BE9
S21413D180001848790014EAFA4E9220790014FC36F7
S21413D1902F2800084EB900143E2E4FEF001C200314
S21413D1A04CEE3CFCFFB44E5E4E754E56000048786F
S21413D1B000012F2E00102F2E000C2F2E00084EB914
S21413D1C00013D00C4E5E4E754E5600002F0B2F0AD2
S21413D1D0246E00084A2A001C6734266A0014082B9B
S21413D1E00002006C671C2F0A4EB90013BC3C2F00BC
S21413D1F02F2A0010486B00064EB90013440E4FEF4B
S21413D20000102F2A00084EB900135AF2588F2F0A0F
S21413D210206A00142F2800024EB900137FBC246E18
S21413D220FFF8266EFFFC4E5E4E754E56000048E71E
S21413D2302030266E0008246E000C242A00102F02BD
S21413D240486B00064EB900134AAA508F0C80000094
S21413D250400067080C80000080006628082B000634
S21413D2600069671A2F3C000800002F024EB90013FE
S21413D2704C282F0A4EB90014027A4FEF000C157C77
S21413D2800001001C4CEE0C04FFF44E5E4E754E5619
S21413D29000002F02222E00085381303C80007406B3
S21413D2A0B481650CD28141F90014EB343030180088
S21413D2B002800000FFFF241F4E5E4E754E56FFFC85
S21413D2C048E73C3C266E0008286E000C282E0010FB
S21413D2D03A2B005E7002B08457C2488248C244821A
S21413D2E02F02486EFFFC2F0B4EB9001355CA2600AB
S21413D2F04FEF000C662A42A72F0C2F2EFFFC2F0B86
S21413D3004EB90013D00C26004FEF0010671E2F02E5
S21413D3102F2EFFFC2F0B4EB9001353644FEF000C48
S21413D32020034CEE3C3CFFDC4E5E4E75246C001026
S21413D3303F05426742A72F0A4BF900144CFC4E9543
S21413D3404FEF000C203C000041FF7202B284671AB4
S21413D350203C0000A1FF7207B284670E2F044EB95B
S21413D3600013D28E588F004001B6240B5C822F0018
S21413D3702F0A2F024EB9001342FC42A72F0A4EB9AA
S21413D3800013454642A72F0A4EB90013435A42A725
S21413D3902F0A4EB9001345164FEF0020429742A7A7
S21413D3A02F0A4EB90013437242A72F0A4EB9001321
S21413D3B0444E42A72F0A4EB90013448042A72F0AA1
S21413D3C04EB9001344B24FEF002042972F0A4EB9BE
S21413D3D0001344E442A742A72F0A2F024EB90013A4
S21413D3E0462242A72F0A4EB9001347F64FEF001CEA
S21413D3F042972F0A4EB90013485A508F0C45008097
S21413D40063167000302B01642F002F0A2F024EB9BB
S21413D4100013488C4FEF000C4878003C42A7486A2C
S21413D42000284E95197C0001001C6000FEF04E5635
S21413D430FFC448E73F3C246E0008266A0014082BF6
S21413D440000600696600016042A72F2A001049F9FA
S21413D45000134A2A4E942E007C00508F2006808795
S21413D460660001DA7200122B001EE1494841424160
S21413D4707000102B001F4840424082807000102B13
S21413D4800020E1888081802B00212C3C00000400C2
S21413D490E1AEE48E2D46FFCC487800012F2A00100B
S21413D4A04E9426007400508F20028083675E2F03ED
S21413D4B02F024BEEFFE02F0D2F2B00024EB9001359
S21413D4C05B522C004FEF00106600026C7E00BEAE5F
S21413D4D0FFCC660001942F0D2F2B00024EB90013BC
S21413D4E07FBC2F032F022F0A4EB90013635C2C0048
S21413D4F04FEF00146600024042A7487800012F2A17
S21413D50000104EB900134A6A4FEF000C4878000219
S21413D5102F2A00104E942D40FFDC42AEFFD8508FBA
S21413D520262EFFD886AEFFDC670000942F2EFFDC76
S21413D5302F2EFFD849EEFFE02F0C2F2B00024BF9AE
S21413D54000135B524E952C004FEF0010660001E857
S21413D550740076F0D68E283C0013635C2A3C0013C6
S21413D5607FBCB4AEFFCC660001422F0C2F2B0002FB
S21413D5704EB900137FBC2F2EFFDC2F2EFFD82F0A99
S21413D5804EB90013635C2C004FEF0014660001A81D
S21413D59042A7487800022F2A00104EB900134A6A91
S21413D5A04FEF000C60182F3C000800002F2A0010C5
S21413D5B04EB900134B92508F4A006700FE8C157CB1
S21413D5C00001001C240B5C822F022F2A00104EB978
S21413D5D0001348BE508F26008681672A2F012F001E
S21413D5E02F0A4EB90013635C2C004FEF000C660035
S21413D5F0014642A742A72F022F2A00104EB9001346
S21413D60049364FEF0010487840002F2A00102F029B
S21413D6104EB900134B724FEF000C41F900135364CD
S21413D6204A006700015A487800012F2A00182F0B6A
S21413D6304E902C004FEF000C600000FC2F072F06B7
S21413D6402F0A4EB90013635C2C004FEF000C6600D4
S21413D65000E642A742A72F2A00104EB900134A6AC3
S21413D6604FEF000C6000FDFE2007D087D080226E9F
S21413D670FFEC2A31080078002004808567262F05E2
S21413D6802F042F0A4EB90013635C2C004FEF000CC7
S21413D69067122F0D2F2B00024EB900137FBC508F2D
S21413D6A06000009452876000FE262002D082D0804D
S21413D6B0206EFFEC2D700800FFD442AEFFD0202E54
S21413D6C0FFD080AEFFD4670000B02F2EFFD42F2ECE
S21413D6D0FFD02F032F2B00024E952C004FEF001078
S21413D6E067042F0C60AE7E002007D087D080206E94
S21413D6F0FFFC2D700800FFC842AEFFC4202EFFC4E7
S21413D70080AEFFC8673C2F2EFFC82F2EFFC42F0AEC
S21413D71020444E902C004FEF000C67262F032F2B20
S21413D720000245F900137FBC4E922F0C2F2B0002DC
S21413D7304E924FEF001020064CEE3CFCFF9C4E5EC4
S21413D7404E755287BEAEFFCC669E2F032F2B00025C
S21413D75020454E902F2EFFD42F2EFFD02F0A204475
S21413D7604E902C004FEF0014670E2F0C2F2B000239
S21413D77020454E906000FF2852826000FDE642A7C7
S21413D7806000FEA84E56FFD048E73F3C246E0008C4
S21413D790266A0014280B5C842F2A00102F044EB917
S21413D7A000134C80508F4A00661A48790014EB24F5
S21413D7B04EB900144362588F70164CEE3CFCFFA80B
S21413D7C04E5E4E752F2A00102F044EB900134AC80A
S21413D7D02C002E01508F202E000C222E0010928724
S21413D7E091866700008C202E000C222E0010928744
S21413D7F09186630848790014EB2C60B42F3C000024
S21413D800A0002F2A00102F044EB900134B724FEFAF
S21413D810000C4A0067604280723B92879186655679
S21413D8202F2A00102F044EB90013455E508F2A007E
S21413D8308A816642307C0028D1EA00107C3C9CAE7C
S21413D84000102F0642A7242E000C262E0010487018
S21413D85038004EB900144CFC2F032F022F2A001049
S21413D8604EB900134372157C0001001C4FEF0018CD
S21413D87070006000FF462F2A00102F044EB90013C5
S21413D8804AAA22000241BFFF508F0C8100002000DD
S21413D89067080C800000C000662C206A001042281F
S21413D8A00028422800294228002A4228002B422812
S21413D8B0002C4228002D4228002E4228002F157CCB
S21413D8C00001001C60AA7200122B001EE149484199
S21413D8D042417000102B001F484042408280700067
S21413D8E0102B0020E1888081802B0021223C000031
S21413D8F00400E1A926017400202E000C222E00102D
S21413D90042845381918449F90014C1782F032F025E
S21413D91028002A01DA83D9822F052F044E944FEF5D
S21413D92000102A0170FF72FFD283D1822F032F02B9
S21413D93024002601D687D5862F032F024E944FEF49
S21413D940001092852D41FFD0082B00060069665003
S21413D95078004BEEFFF0B8AEFFD067602604D6858E
S21413D960286A0014082C000600696700008A2F3CFA
S21413D970000800002F2A00104EB900134B92508F48
S21413D9804A0067724878044148790014E94E48798A
S21413D9900014D8E44EB90014428C4FEF000C60FE0E
S21413D9A02F3C000800002F2A00104EB900134B928C
S21413D9B0508F4A00679A4AAEFFD066202F2E00106B
S21413D9C02F2E000C2F2A00104EB900134372157C0D
S21413D9D00001001C4FEF000C6000FE964878FFFF16
S21413D9E02F052F0A4EB9001416804FEF000C4A80ED
S21413D9F067CA6000FDC6226A00107C0BBC836552A2
S21413DA002F032F092D49FFD44EB9001349AA2D40D1
S21413DA10FFE442AEFFE0508F226EFFD42E2EFFE0BF
S21413DA208EAEFFE4670000F042A72F032F094EB90E
S21413DA30001349EA2F2EFFE42F2EFFE02F0A4EB9CC
S21413DA400013635C4FEF00184A80670000CA60003B
S21413DA50FD6A41EC040E74012D43FFDC42AEFFD881
S21413DA602C2EFFD82E2EFFDC201822189E819D8088
S21413DA70650000CC52827204B28266E470056000C0
S21413DA80FD3A2F2EFFEC2F2EFFE82F0D2F2C000222
S21413DA902D41FFD44EB900135B524FEF0010222EC8
S21413DAA0FFD44A806600FD14D281D281206EFFFC1B
S21413DAB0D1C12D50FFEC42AEFFE87001B082660C68
S21413DAC042902F2EFFF820474E90588F2F0D2F2C55
S21413DAD0000220464E90508F4A806600FCDE53822A
S21413DAE0673A2F2B00042F132F0342A74EB90014A7
S21413DAF0C6D84FEF001026012F232F232F012F00F8
S21413DB004EB90014C1784FEF0010202EFFE880AEF8
S21413DB10FFEC6600FF6E52846000FE3C222EFFE888
S21413DB2082AEFFEC67F02F2EFFEC2F2EFFE82F0AA6
S21413DB304EB90013635C4FEF000C6000FF0C20021D
S21413DB4053802200E78947F4180096AB040A2F0087
S21413DB502F094EB900134A2A2D40FFEC42AEFFE8B8
S21413DB602F2B042A2F2B04262F0342A74EB900145B
S21413DB70C1782002E788264047EB041E47F4B80016
S21413DB804FEF00182E3C00135AF22C3C00137FBCA8
S21413DB906000FF784E560000206E000822680014BE
S21413DBA02F29002E2028001853802F004EB900145A
S21413DBB0B4AC508F220070004E5E4E754E56000069
S21413DBC07000102E00172F0042A72F2E00102F2E96
S21413DBD0000C2F2E00084EB90013BD064E5E4E7570
S21413DBE04E56FFD448E73F3C286E0008266E000CBE
S21413DBF0246C00144BEA0006429342AB00042F2C0D
S21413DC0000102F0D4EB900134AC82C002E017200B7
S21413DC10122A001EE149484142417000102A001F93
S21413DC204840424082807000102A0020E18880819C
S21413DC30802A0021223C00000400E1A92A01780072
S21413DC402F012F042F072F064EB90014C1784FEF5C
S21413DC5000102F052F042F072F062D41FFD64EB980
S21413DC600014C6D84FEF0018206EFFD62800888100
S21413DC7067025288B0FC0000673C42A72F0B486827
S21413DC80FFFF2F0C4EB90013DBBC4FEF00104A807A
S21413DC90661A28132A2B00042204828567184281E9
S21413DCA07401D485D3842681274200044CEE3CFCB1
S21413DCB0FFAC4E5E4E757000102A002EE1484840A9
S21413DCC042407800182A002F484442448084780043
S21413DCD0182A0030E18C8880882A003141F9001414
S21413DCE0B4AC2F04202C001853802F002D48FFD6D9
S21413DCF04E90508F2E007000102A001EE1484840A8
S21413DD0042407A001A2A001F4845424580857A0009
S21413DD101A2A0020E18D8A808A2A00217CE2DC8E72
S21413DD202F062F072F2C00144EB90013C5EC4FEFF8
S21413DD30000C4A806600FF76286EFFF22F0D4EB950
S21413DD400013735C2D6C0008FFDE42AEFFDA720020
S21413DD50122A0104E189822A0105588F0C410020FA
S21413DD6063062D6C0028FFDA7200122A005EE18922
S21413DD705380822A005F2A4149F90014B488B08779
S21413DD80634E2F042F014E94508F2E00283C000014
S21413DD900400EBAC2F042F004EB90014B4AC508F14
S21413DDA0260074005384C887670642815283D58140
S21413DDB0202EFFDA222EFFDED283D1822680274141
S21413DDC000042F064EB90013CFB8588F6000FEDE3E
S21413DDD07E001E2A0006E14F484742477200122A69
S21413DDE000074841424182877E001E2A0008E18FC1
S21413DDF08E818E2A00092F002F044E94508F9E80FA
S21413DE002F072F0D4E9460804E5600004878000161
S21413DE10487800012F2E00102F2E000C2F2E0008EE
S21413DE204EB90013BD064E5E4E754E56FF9848E724
S21413DE303F3C246E0008206A001449F900134AC8B0
S21413DE40082800060069670000FA2F3C0008000047
S21413DE502F2A00104EB900134B92508F4A006700BA
S21413DE6000E2266A00142F2A0010486B00064E9410
S21413DE707A001A2B001EE14D484542457800182BB0
S21413DE80001F484442448A847800182B0020E18CF3
S21413DE908885882B00212A3C00000400E9AD26055E
S21413DEA0740028002A01DA83D9822F032F0270FF09
S21413DEB072FFD285D1842F012F004EB90014C1787A
S21413DEC04FEF0010206E0010208142A74878000103
S21413DED0486EFFF0487800012F012F0A4EB9001440
S21413DEE01F6C2C004FEF0020664C206E000C20AEEB
S21413DEF0FFF0216EFFF40004202EFFF080AEFFF437
S21413DF00661C4878068148790014E94E487900144F
S21413DF10D8E44EB90014428C4FEF000C60FE2F0568
S21413DF202F042F2A00104EB900134372157C0001DC
S21413DF30001C4FEF000C20064CEE3CFCFF704E5EB0
S21413DF404E75266A00142F2A0010486B00064E944E
S21413DF502D40FFB02D41FFB47200122B001EE14975
S21413DF60484142417000102B001F484042408280B7
S21413DF707000102B0020E1888081802B0021223C2A
S21413DF8000000400E1A92D41FFAC42AEFFA82F2EDE
S21413DF90FFAC2F2EFFA82F2EFFB42F2EFFB04EB997
S21413DFA00014C6D84FEF0018240084816722242E4D
S21413DFB0FFB0262EFFB42C2EFFA8D6AEFFACD58608
S21413DFC02C022E039E819D802D46FFB02D47FFB455
S21413DFD0486EFFC02F0A4EB90013DBE02C00508F9B
S21413DFE06600FF54486EFFC82F2EFFC42F2EFFC0A7
S21413DFF02F0A4EB900136A722C004FEF00106600FA
S21413E000FF362D6EFFCCFF9C266A0014082B0006E5
S21413E01000696600008A2F2EFFAC2F2EFFA82F2E26
S21413E020FFB42F2EFFB04EB90014C1784FEF001077
S21413E0302D41FFA422417E0BBE81650000822F2E48
S21413E040FF9C2F2EFFA42F2A00104EB9001349EA67
S21413E050157C0001001C4FEF000C202EFFB0222E63
S21413E060FFB4242EFFA8D2AEFFACD1822F012F000F
S21413E0702F2A00104EB900134372157C0001001CA2
S21413E080202EFFC8222EFFCC206E000C20802141AC
S21413E0900004206E001020AEFFA46000FE962F3CF6
S21413E0A0000800002F2A00104EB900134B92508F11
S21413E0B07E7946074A006700FF5E2C07602041EB17
S21413E0C0040E740178002A09201822189285918468
S21413E0D0620001C052827204B28266E87C052F2E5B
S21413E0E0FFCC2F2EFFC82F0A4EB90013635C6000B7
S21413E0F0FE422F2EFFA042A72F2EFFFC4EB9001470
S21413E1004CFC2F2EFFF84EB900135AF22F0C2F2B60
S21413E11000024EB900137FBC2E004FEF0018669A0C
S21413E1202D6EFFD0FFB82D6EFFD4FFBC2002E788FC
S21413E130284049EC041E49F3C8004BEEFFE0283C88
S21413E14000135AF22F2EFFBC2F2EFFB82F0D2F2B96
S21413E15000024EB900135B522E004FEF00106600FC
S21413E160FF5AD683D683206EFFECD1C32D50FFBC47
S21413E17042AEFFB87E01BE8267000218202EFFB89B
S21413E18080AEFFBC660000C4486EFFD82F0A4EB997
S21413E1900013DBE02E00508F67122F0D2F2B00027B
S21413E1A04EB900137FBC508F6000FF10486EFFD02F
S21413E1B02F2EFFDC2F2EFFD82F0A4EB900136A72AC
S21413E1C02E004FEF001066D22F2EFFD42F2EFFD027
S21413E1D0486EFFF02F2B00024EB900135B462E003D
S21413E1E04FEF001066B42F2EFFA042A72F2EFFFC72
S21413E1F04EB900144CFC2F2EFFF820444E90486E58
S21413E200FFF02F2B000241F900137FBC2D48FF9817
S21413E2104E902E004FEF0018206EFF98670C2F0DB0
S21413E2202F2B00024E906000FF7E206EFFEC21AE77
S21413E230FFD438002F2EFFE820444E902D6EFFD0CB
S21413E240FFB82D6EFFD4FFBC588F2F0D2F2B000257
S21413E2504EB900137FBC2E00508F6600FE5E5382AD
S21413E2606700FDF82F2C00042F142F0542A74EB974
S21413E2700014C6D84FEF00102A012F242F242F0185
S21413E2802F004EB90014C1784FEF0010260160001E
S21413E290FEB47200122B001EE14948414241700041
S21413E2A0102B001F4840424082807000102B002025
S21413E2B0E1888081802B0021223C00000400E1A924
S21413E2C02D41FFA0280253842004E78849F3080051
S21413E2D02A2EFFA49AAC040A2F042F2A00104EB934
S21413E2E000134A2A2D40FFBC42AEFFB82F2C042A37
S21413E2F02F2C04262F0542A74EB90014C1782601E9
S21413E3004FEF0018202EFFB880AEFFBC6600FE1E2F
S21413E310486EFFE02F0A4EB90013DBE02E00508F35
S21413E3206600FD98486EFFD02F2EFFE42F2EFFE0D9
S21413E3302F0A4EB900136A722E004FEF00106600B4
S21413E340FD7A2F2EFFD42F042F2A00104EB9001358
S21413E3504A6A157C0001001C2F2EFFD42F2EFFD0E7
S21413E36049EEFFF02F0C2F2B00024EB900135B461D
S21413E3702E004FEF001C6700FD7A2F2EFFD42F2E92
S21413E380FFD02F0A4EB90013635C4FEF000C6000EA
S21413E390FD2A20AEFF9C2F2EFFE820444E906000EF
S21413E3A0FEA84E56000048E72030246E00082F2A99
S21413E3B000104EB90013452E340052423F024267F6
S21413E3C02F2A001047F9001345464E93206A00146F
S21413E3D04FEF000C082800050065673C48781000CE
S21413E3E02F2A00104EB900134B92508F4A006728FD
S21413E3F00C42000163220C42FDE762060C42000247
S21413E4006616487800012F2A00104E93206A0014CF
S21413E410702081A8006A508F4CEE0C04FFF44E5EF9
S21413E4204E75000048E74080222F000C202F001066
S21413E430206F00144E404CDF01024E7548E74080B3
S21413E440222F000C202F0010206F00144E4048403F
S21413E450300148404CDF01024E7548E76080222F9A
S21413E4600010202F0014242F0018206F001C4E407D
S21413E4704840300148404CDF01064E7554686973B6
S21413E480206120746573742061736D002F01720010
S21413E490202F00084E40221F4E752F017201202F89
S21413E4A000084E40221F4E752F0172084E40221F41
S21413E4B04E7548E77080206F0018262F001C7400D6
S21413E4C07200B4836C00001010186700000A4E40E8
S21413E4D052826000FFEE20024CDF010E4E7548E7B5
S21413E4E07080206F0018262F001C74007201B483EE
S21413E4F06C00001010186700000A4E40528260002D
S21413E500FFEE200248E76080206F0014242F0018C7
S21413E510720870004A82670000204E400C00000DFF
S21413E520670000160C00000A6700000E10C0538226
S21413E53052AF00106000FFDE10BC0000202F00104A
S21413E5404CDF01064E754E5600004E7A8801217C2C
S21413E55000135A8000844E5E4E754E5600007000AF
S21413E5604E5E4E754E5600002F0A42B900152BBE4E
S21413E57091C845F90014EBCF2248D3FC00152BC2E3
S21413E580129213790014EBD0000141E80051B0FC4D
S21413E59007E966E47000245F4E5E4E754E56FFFC28
S21413E5A048E7203C226E00082A6E000C266D0032C7
S21413E5B0286D0036B6FC0000662C264C246D003AF7
S21413E5C0242D003EB6FC00006704274A003AB4FC2C
S21413E5D0000067000178BBEA003266000168254B2D
S21413E5E00032600000A0B8FC000067D0202C003278
S21413E5F066000130266C0036246C003A242C003E4C
S21413E600B6FC00006704274A003AB4FC0000670013
S21413E6100120B9EA003266000110254B0032BBEC2C
S21413E620003A6602244C48780010486D0032486C55
S21413E63000322D49FFFC4EB900144C8C206D003A65
S21413E6404FEF000C226EFFFCB0FC0000670000F0DA
S21413E650BBE80032660000E0214C0032206D003229
S21413E660214C003A206D0036B0FC00006704214CA4
S21413E670003AB4FC0000670C204A2068003AB0FC4D
S21413E680000066F64A826600017AB6FC0000670848
S21413E6904AAB003E66000168B7D16700015C206A8A
S21413E6A00032B7C86600017C206A00367001B0A835
S21413E6B0003E663C42A8003E2540003E26680032D7
S21413E6C0254B00366704274A003A202A003A214091
S21413E6D0003A67000084266A003AB5EB0032667289
S21413E6E027480032214A00322548003A206A00366D
S21413E6F02668003228680036B6FC000067064AAB68
S21413E700003E6658B8FC000067064AAC003E664CEE
S21413E71070012140003E202A003A264A2440600019
S21413E720FF6A28406000FEC6254B00366000FEF0E8
S21413E730228B6000FEEA214C00366000FF20228CFC
S21413E7406000FF1A254B00366000FF3A228B6000EC
S21413E750FF3427480036608C22886088B8FC000097
S21413E76067064AAC003E6644B6FC0000670442AB3C
S21413E770003E70012140003E286B0036214C0032CB
S21413E78067042948003A2028003A2740003A6700D1
S21413E79000842868003AB1EC00326672294B0032C6
S21413E7A027480036214B003A206A0036216A003E7D
S21413E7B0003E42AA003E20680036B0FC0000670404
S21413E7C042A8003E206A003626680032254B0036E3
S21413E7D06704274A003A202A003A2140003A673E47
S21413E7E0266A003AB5EB0032662E27480032214AD5
S21413E7F000322548003A2651B6FC0000670442ABA7
S21413E800003E200D4CEE3C04FFE84E5E4E75294B41
S21413E8100036608C228B60882748003660D02288AA
S21413E82060CC7001B0A8003E663C42A8003E25406E
S21413E830003E26680036254B00326704274A003A06
S21413E840202A003A2140003A67000086266A003ADA
S21413E850B5EB0032667427480032214A0036254845
S21413E860003A206A003226680032B6FC000067645D
S21413E8704AAB003E675E4AAB003E6772216A003EB3
S21413E880003E42AA003E20680032B0FC0000670437
S21413E89042A8003E206A003226680036254B003216
S21413E8A06704274A003A202A003A2140003A6700B4
S21413E8B0009A266A003AB5EB0032660000862748AF
S21413E8C00032214A00366000FF2A27480036608A45
S21413E8D02288608628680036B8FC00006700FE327F
S21413E8E04AAC003E6700FE2AB6FC0000668826681F
S21413E8F00036B6FC0000670442AB003E70012140B0
S21413E900003E286B0032214C003667042948003A33
S21413E9102028003A2740003A67242868003AB1ECCA
S21413E92000326614294B003227480032214B003A36
S21413E930206A00326000FF46294B003660EA228BBD
S21413E94060E6274800366000FF7A22886000FF746E
S21413E9504E560000226E000820690026B0FC000008
S21413E96066262069002AB0FC00006722B3E800225E
S21413E970671C2069002AB0FC00006712B3E8002663
S21413E980660C224860EC20402028002266F82008F7
S21413E9904E5E4E754E56000048E73C00202E000C87
S21413E9A0222E0010206E00082068001AB0FC00000B
S21413E9B0660A20084CDF003C4E5E4E752428000481
S21413E9C02628000828002A019A83998262102800B4
S21413E9D02A019A83998264DA2068002260CE20681E
S21413E9E0002660C84E5600002F0A246E0008206EBC
S21413E9F0000C4A280020670E2252B3C8661024A8BB
S21413EA00004242280020245F4E5E4E752240202985
S21413EA100042B08866F623680042004260E44E5611
S21413EA20000048E73020246E0008262E000C242E03
S21413EA300010B4FC000067084A8367044A82661C09
S21413EA404878004948790014EB4248790014D8E412
S21413EA504EB90014428C4FEF000C60FE4878002627
S21413EA6042A72F0A4EB900144CFC248325420004F7
S21413EA7042AA000C42AA001070004CEE040CFFF4DD
S21413EA804E5E4E754E5600004878002642A72F2E2F
S21413EA9000084EB900144CFC70004E5E4E754E5670
S21413EAA00000206E00082068001E7000B0FC0000F6
S21413EAB066044E5E4E7520082068003260EE4E5691
S21413EAC0000048E7303C242E0008286E000C4AACA1
S21413EAD00018670000924EB9001300AE080000013C
S21413EAE0674A48790014EB5A48790014D91445F943
S21413EAF00014428C4E92487800A748790014D91710
S21413EB004E922F2C00182F2C00082F2C0004487917
S21413EB100014EB684E924FEF002020790014FC3659
S21413EB202F2800084EB900143E2E588F266C00224C
S21413EB302A6C0026B6FC0000663E264D246C002A7E
S21413EB40262C002EB6FC00006704274A002AB4FCC5
S21413EB5000006700018EB9EA00226600017E254B8D
S21413EB600022600000AA2F0C20424868001E4EB9EF
S21413EB700013E59C508F60B4BAFC000067BE202DCE
S21413EB8000226600012C266D0026246D002A262DF1
S21413EB90002EB6FC00006704274A002AB4FC0000C7
S21413EBA06700011CBBEA00226600010C254B0022FD
S21413EBB0B9ED002A6602244D48780010486C0022EE
S21413EBC0486D00224EB900144C8C206C002A4FEF6F
S21413EBD0000CB0FC0000670000F8B9E800226600DD
S21413EBE000E8214D0022206C0022214D002A206CC3
S21413EBF00026B0FC00006704214D002AB4FC000078
S21413EC00670C204A2068002AB0FC000066F64A8388
S21413EC1066000196B6FC000067084AAB002E660035
S21413EC2001842242B7E9001A67000174206A0022A1
S21413EC30B7C8660001CE206A00267001B0A8002E61
S21413EC40663C42A8002E2540002E22680022254945
S21413EC5000266704234A002A202A002A2140002A75
S21413EC6067000090226A002AB5E90022667E2348D0
S21413EC700022214A00222548002A206A00262268FC
S21413EC80002226680026B2FC000067064AA9002E5A
S21413EC90666AB6FC000067064AAB002E665E700115
S21413ECA02140002E202A002A264A24406000FF66B0
S21413ECB02A406000FECA254B00266000FEF422425E
S21413ECC0234B001A6000FEEA214D00266000FF1851
S21413ECD02042214D001A6000FF0E254B00266000CF
S21413ECE0FF2E2242234B001A6000FF2423480026DF
S21413ECF0608022422348001A6000FF78B6FC0000AA
S21413ED0067064AAB002E6646B2FC0000670442A9AB
S21413ED10002E70012140002E26690026214B00226A
S21413ED2067042748002A2028002A2340002A670061
S21413ED3000BA2668002AB1EB0022660000A627490F
S21413ED400022234800262149002A206A0026216A29
S21413ED50002E002E42AA002E20680026B0FC0000CB
S21413ED60670442A8002E206A00262268002225493E
S21413ED7000266704234A002A202A002A2140002A54
S21413ED806778226A002AB5E90022666823480022BB
S21413ED90214A00222548002A20422668001AB6FC7B
S21413EDA00000670442AB002E082C00010003671016
S21413EDB02F0C2642486B00224EB90013E9E4508FFD
S21413EDC02F2C000C45F9001429D64E922F0C4E9278
S21413EDD0204253A8000C508F4CEE3C0CFFE84E5EBE
S21413EDE04E75274900266000FF5A26422749001A07
S21413EDF06000FF5023480026609622422348001ADC
S21413EE00608E7001B0A8002E663C42A8002E2540E6
S21413EE10002E22680026254900226704234A002A6A
S21413EE20202A002A2140002A67000086226A002A28
S21413EE30B5E90022667423480022214A0026254895
S21413EE40002A206A002222680022B2FC00006768AB
S21413EE504AA9002E67624AA9002E6776216A002EF9
S21413EE60002E42AA002E20680022B0FC0000670481
S21413EE7042A8002E206A0022226800262549002276
S21413EE806704234A002A202A002A2140002A670002
S21413EE9000A2226A002AB5E900226600008E2348E3
S21413EEA00022214A00266000FEEC23480026608AD2
S21413EEB022422348001A608226680026B6FC000009
S21413EEC06700FDDC4AAB002E6700FDD4B2FC0000E1
S21413EED0668422680026B2FC0000670442A9002E4E
S21413EEE070012140002E26690022214B002667045C
S21413EEF02748002A2028002A2340002A6724266849
S21413EF00002AB1EB00226614274900222348002268
S21413EF102149002A206A00226000FF422749002662
S21413EF2060EA26422749001A60E22348002660005A
S21413EF30FF7222422348001A6000FF684E560000F4
S21413EF4048E7303C246E0008206A001A7400B0FCB0
S21413EF50000066324BF90013E95049F9001381A4F7
S21413EF6047F90013EABE4A8267242F024E952600FD
S21413EF702E822F2A00144E942F022F0A4E934FEFF1
S21413EF800010240360E024082068002260C04CEEC2
S21413EF903C0CFFE84E5E4E754E5600002F0A246E4C
S21413EFA00008206E000C42A8004642A8004A201013
S21413EFB00800000167184A2800206712226A0022F8
S21413EFC0B3C866182568004200224228002072FC47
S21413EFD0C2802081245F4E5E4E7522412229004254
S21413EFE0B28866F623680042004260DE4E56000082
S21413EFF048E73C38282E0008202E000C222E00103E
S21413F00074FF76FFD681D580226E001491C82A0825
S21413F010D689D5852F012F002F044EB90013E994F6
S21413F0204FEF000C244047F90013E95049F9001339
S21413F030EF98B4FC000067162F0A4E93588F2A00D9
S21413F040202A0004222A000892839182630A4CEE37
S21413F0501C3CFFE44E5E4E752F0A2F044E94508FC1
S21413F060244560CE4E56000048E73038266E00081A
S21413F070286E000C242E0010262E00142F032F02A9
S21413F0802F0B4EB90013E9944FEF000C24404A801F
S21413F090674C4AAA00186632202B00085280274075
S21413F0A00008254000142F0A486B001E4EB90013A3
S21413F0B0E59C508F082A00010003670E2F0A486B41
S21413F0C000224EB90013E9E4508F52AA0018288282
S21413F0D029430004294A0008296A000C000C200A58
S21413F0E04CEE1C0CFFEC4E5E4E754E56000048E779
S21413F0F03E3C286E00082C2E000C20462F280004B9
S21413F1002F102F062F0C4EB90013F06424404FEF28
S21413F11000104A806712246E0010421270004CEEE4
S21413F1203C7CFFDC4E5E4E752A462415262D0004C5
S21413F1302F2C00044EB9001429C22800588F6720BC
S21413F1404878004E487800014EB9001428462640E9
S21413F150508F4A80660E2F044EB9001429D6588F46
S21413F160700C60BA27420004274300082744000C9B
S21413F170274C001C206C001A7000B0FC0000666A56
S21413F180274A002A42AB002642AB00227A012745C3
S21413F190002EB4FC00006700008472FFB28066760F
S21413F1A0254B0022244B206A002AB0FC000067700F
S21413F1B07001B0A8002E66682268002A2029002253
S21413F1C0B08866000142202900266700009A78015D
S21413F1D02A40B8AD002E6600008E42AD002E42A81F
S21413F1E0002E2344002E244960BC20280004222825
S21413F1F0000828022A039A819980620001C2280215
S21413F2002A039A81998064202228002270FF2448BA
S21413F21020416000FF66254B00266088294B001AA4
S21413F220206C001A42A8002E202C000C5280294075
S21413F230000CB0AC001063042940001052AB001849
S21413F240202C00085280294000082740001420462E
S21413F250214B0008216B000C000C246E001014BC0C
S21413F26000016000FEB8B5E800266638202A0022A2
S21413F2702140002667062A402B48002A2028002A09
S21413F2802540002A676C2028002A2A40B1ED002268
S21413F29066582B4A002225480022214A002A200AB3
S21413F2A02448204042A8002E70012340002E2069D7
S21413F2B00022202800262340002267062A402B49D6
S21413F2C0002A2029002A2140002A67342029002AF0
S21413F2D02A40B3ED002266202B480022214900263F
S21413F2E02348002A224A6000FEFE2A402B4A0026A4
S21413F2F060A4294A001A609E2A402B48002660DC28
S21413F3002948001A60D64A80671A72012A40B2AD9D
S21413F310002E661042AD002E42A8002E2341002E6A
S21413F3206000FEC4B5E800226638202A0026214075
S21413F330002267062A402B48002A2028002A254048
S21413F340002A67662028002A2A40B1ED002266525A
S21413F3502B4A002225480026214A002A200A244840
S21413F360204042A8002E70012340002E206900265C
S21413F370202800222340002667062A402B49002A0D
S21413F3802029002A2140002A672E2029002A2A40F5
S21413F390B3ED0022661A2B48002221490022600092
S21413F3A0FF402A402B4A002660AA294A001A60A466
S21413F3B02A402B48002660E22948001A60DC2228DF
S21413F3C0002670016000FE484E56000048E7303CA9
S21413F3D0286E0008262E000CB8FC0000661C487821
S21413F3E0011248790014EB4248790014D8E44EB958
S21413F3F00014428C4FEF000C60FE2043201080A8B0
S21413F4000004661C4878011548790014EB424879C5
S21413F4100014D8E44EB90014428C4FEF000C60FE73
S21413F42026680008B6FC0000661C48780118487960
S21413F4300014EB4248790014D8E44EB90014428CF9
S21413F4404FEF000C60FE202B0018661C4878011B3B
S21413F45048790014EB4248790014D8E44EB90014E6
S21413F460428C4FEF000C60FE538027400018660056
S21413F47000DC206C001E93C9B0FC000066702749A0
S21413F480003A42AB003642AB003272012741003ECF
S21413F490B2FC0000670000D674FFB480660000C696
S21413F4A0234B0032244B206A003AB0FC000067005E
S21413F4B000C07001B0A8003E660000B62268003A8D
S21413F4C020290032B08866000152202900366700D2
S21413F4D000AA72012A40B2AD003E6600009E42ADFD
S21413F4E0003E42A8003E2341003E244960B8222B2A
S21413F4F0001420280014B081650001EC620001DAC4
S21413F50020137203C2807403B481662A206C00141D
S21413F5104AA80024670001AE720CC081660001A6DB
S21413F5204A2B00206610276C00220042294B00222B
S21413F530177C000100207009C0937201B280670C1B
S21413F5402F0B2F0C4EB90013EABE508F2043429058
S21413F55042A8000442A8000C70004CEE3C0CFFE8D6
S21413F5604E5E4E75234B00366000FF3A294B001E45
S21413F570206C001E42A8003E6086B5E8003666384A
S21413F580202A00322140003667062A402B48003ACC
S21413F5902028003A2540003A676C2028003A2A4073
S21413F5A0B1ED003266582B4A003225480032214A04
S21413F5B0003A200A2448204042A8003E7001234007
S21413F5C0003E2069003220280036234000326706AA
S21413F5D02A402B49003A2029003A2140003A673442
S21413F5E02029003A2A40B3ED003266202B48003219
S21413F5F0214900362348003A224A6000FEEE2A408C
S21413F6002B4A003660A4294A001E609E2A402B48C7
S21413F610003660DC2948001E60D64A80670C7201EB
S21413F6202A40B2AD003E6700FEB6B5E80032663833
S21413F630202A00362140003267062A402B48003A1B
S21413F6402028003A2540003A67662028003A2A40C8
S21413F650B1ED003266522B4A003225480036214A55
S21413F660003A200A2448204042A8003E7001234056
S21413F670003E2069003620280032234000366706F5
S21413F6802A402B49003A2029003A2140003A672E97
S21413F6902029003A2A40B3ED0032661A2B4800326E
S21413F6A0214900326000FF4E2A402B4A003660AADA
S21413F6B0294A001E60A42A402B48003660E22948D7
S21413F6C0001E60DC2F0B2F084EB9001381A474FBA9
S21413F6D0C593508F6000FE602228003270FF2248C8
S21413F6E020416000FD9422280036700160F04E56CB
S21413F6F00000206E00082010B0A8000C53C0440071
S21413F7004E5E4E754E560000206E0008720012288C
S21413F7100004E1898228000530010C41800063044F
S21413F720064080004E5E4E754E56FFF82F0B2F0A7E
S21413F730206E0008266E000C24680014082A0002A7
S21413F740006C67762D680018FFF82F2800104EB946
S21413F750001348282D40FFFC48780010486A006EB6
S21413F7604878FFFF45F90013425E4E92487800042E
S21413F770486EFFF82F004E9248780004486EFFFC40
S21413F7802F004E924FEF00287200122B0004E189CF
S21413F790822B0005204152882208D288D288D28133
S21413F7A0D2812F012F0B2F004E924FEF000C246E99
S21413F7B0FFF0266EFFF44E5E4E75700060F04E56E8
S21413F7C00000206E000C2028000880A8000C67128A
S21413F7D02F2800104EB900135AF2588F70004E5E41
S21413F7E04E75206E000810BC000160F04E560000E7
S21413F7F048E73F38226E0008246E000C206900107C
S21413F80074001428002EE18A8428002F760036020E
S21413F810C4FC002C47F22800206B0028B0FC000024
S21413F820670000EC266B0020B6FC0000670000E0C3
S21413F8304A83660C70004CEE1CFCFFDC4E5E4E7565
S21413F84047EB000CB7C866EC72001210E14948414A
S21413F85042417000102800014840424082807000E8
S21413F86010280002E1888081802800032203538138
S21413F8702041D1C1D1C1D1C8D1C891C1D1C8D1C835
S21413F88041F28800266800242C0042464846E04E83
S21413F890168628004244484472004601C88117441D
S21413F8A000012A00E08DCA81174500022E01CE8082
S21413F8B01747000347E9001C2F082F0B49F90013BD
S21413F8C0F7BE4E94508F4A806600FF6C45F228CCE4
S21413F8D07001B0836700FF5E700CD0AA0028B0AA30
S21413F8E0002C6600FF50205210861144000111456B
S21413F8F0000211470003486AFFDC2F0B4E94538314
S21413F90045EAFFD4508F4A8067C66000FF2A700509
S21413F9106000FF244E56000048E73F3C262E00109A
S21413F9202403D483D483D482D4829483D482D4827B
S21413F930246E000CD5C2206A002470001028000420
S21413F940E14848404240780018280005484442449D
S21413F9508084780018280006E18C888088280007A1
S21413F9607A001A280008E18D8A280009226A0020E6
S21413F970700010290002E1888029000322005281BA
S21413F9802001D081D081D080D08043F108F4B3C851
S21413F990671493C82F094868000C2F084EB9001433
S21413F9A044FE4FEF000C206A00207000102800025F
S21413F9B0E1888028000353403200E04911410002D9
S21413F9C0114000033A7C001CDBEE00082F0A2F0DB3
S21413F9D047F90013F7BE4E932840508F4A806600AF
S21413F9E000AA7C003C052E044EB9001300AE4A0054
S21413F9F06C7648790014EBA448790014D914283C83
S21413FA000014428C20444E9048780613487900140C
S21413FA10D91720444E90487800012F072F06206AE6
S21413FA20002472001210E149484142417000102828
S21413FA300001484042408280700010280002E1888E
S21413FA408081802800032F0048790014EBB22044ED
S21413FA504E904FEF002420790014FC362F28000810
S21413FA604EB900143E2E588F487800012F072F06E4
S21413FA702F2E00084EB900136632206E000C45F088
S21413FA8028204FEF00104A836E0C200C4CEE3CFCE3
S21413FA90FFD84E5E4E75206A0004700CD092B08864
S21413FAA066E872001210E14948414241700010287E
S21413FAB00001484042408280700010280002E1880E
S21413FAC0808180280003206AFFD8220042414841E3
S21413FAD0E0491081220042414841114100012200B1
S21413FAE0E0891141000211400003486AFFB42F0D4C
S21413FAF04E9345EAFFD4508F4A806604538360863C
S21413FB00284060864E56000048E73B302E2E0008ED
S21413FB10266E000C282E0010B6FC0000670000B8F6
S21413FB20202B00182200D280D280D281D2819280DC
S21413FB30D281D281D7C1246B0028B4FC00006700A1
S21413FB4000887200122A0008E149484142417000B9
S21413FB50102A00094840424082807000102A000A8A
S21413FB60E18880817200122A0006E1892C018C2A12
S21413FB7000072E008E2A000B70001012E148484032
S21413FB8042407200122A00014841424180817200AD
S21413FB90122A0002E1898280822A0003B881631642
S21413FBA098812604740020022203D287D1864CDF64
S21413FBB00CDC4E5E4E759284224191C820062207B5
S21413FBC024089289918260E6202B0008222B000CD1
S21413FBD02400848166D82D4700084CDF0CDC4E5E6B
S21413FBE04EF90013DB944E56000048E73C38246E5B
S21413FBF00008242E000C262E0010266E00182F0345
S21413FC002F022F0B206A00142F2800024EB9001360
S21413FC105B5228004FEF00106600015A206B000C51
S21413FC2070001010E188802800012A3C0014EBD0E5
S21413FC300C40F30A660000EE700010280006E188F8
S21413FC40802800072A3C0014EBDEB06E0016660010
S21413FC5000D4700010280004E188802800054A406C
S21413FC60670000BC720012280002E1898228000394
S21413FC70B2406200011C226A001408290002006CBC
S21413FC8067000090220052812001D081D081D0805D
S21413FC90D080720012300800E149484142417A0090
S21413FCA01A3008014845424582857A001A30080200
S21413FCB0E18D8A818A3008032F082F0A4EB9001364
S21413FCC0F728508FB085674A4EB9001300AE4A0026
S21413FCD06C4048790014EBA448790014D91445F9FC
S21413FCE00014428C4E92487802FB48790014D917B8
S21413FCF04E922F032F0248790014EC144E9220795B
S21413FD000014FC362F2800084EB900143E2E4FEF71
S21413FD10002020044CEE1C3CFFE44E5E4E752A3C3D
S21413FD200014EBF24EB9001300AE4A006C44487947
S21413FD300014EBA448790014D91449F90014428C22
S21413FD404E944878030448790014D9174E942F0319
S21413FD502F022F0548790014EC484E944FEF0020DD
S21413FD6020790014FC362F2800084EB900143E2EB6
S21413FD70588F7805201380AB000467962F0B206AE4
S21413FD8000142F2800024EB900137FBC508F6082D8
S21413FD902A3C0014EC01608C4E5600002F02206E95
S21413FDA00008222E000C2268001070001029002E66
S21413FDB0E1888029002FB280670000842068001431
S21413FDC043F90014B4AC74001428001EE14A4842E8
S21413FDD042424A81663872001228001F4841424147
S21413FDE08481720012280020E189828282280021F1
S21413FDF0203C00000400E3A84878000C2040486824
S21413FE00FFF44E91508F242EFFFC4E5E4E757200FB
S21413FE101228001F48414241848172001228002094
S21413FE20E189828282280021203C00000400E3A896
S21413FE304878000C20404868FFF44E9160C6700462
S21413FE4060C44E56000048E7383C282E0008266E3D
S21413FE50000C102E0013B6FC0000671C4A00662226
S21413FE60262B0018508B740049F900137FBC4BF9EE
S21413FE700013F728B4836F0E4CEE3C1CFFE44E5E63
S21413FE804E75760060DE201380AB00046764226B29
S21413FE9000080829000100036748226B0018700049
S21413FEA010290004E1888029000552802440D5C01B
S21413FEB0D5C0D5CAD5CA45F1A8002F092F044E952B
S21413FEC0220042414841E049148122004241484100
S21413FED0154100012200E089154100021540000378
S21413FEE0508F2F0B2044226800142F2900024E94A3
S21413FEF0508F528247EB002C6000FF7A4E56FFE479
S21413FF0048E73F3C286E000847EEFFF0487800109D
S21413FF1042A72F0B4EB900144CFC206E0010245031
S21413FF20206C00107628D68874001428002EE18AD8
S21413FF308428002F4FEF000CB4FC0000672642A75E
S21413FF402F0A2F0C4EB90013FE424FEF000CB4AA23
S21413FF50001C6F462F0A4EB9001429D6206E0010C7
S21413FF604290588F220254812001D081D081D080B4
S21413FF70D0809081D080D0802F00487800014EB971
S21413FF80001428462440508F4A806606700C600082
S21413FF9000E0200252802540001C254300204878AC
S21413FFA000102F0B486A00082A3C00144C8C20457E
S21413FFB04E902A4A4FEF000C280276002E3C00146F
S21413FFC0B4884A84660000B42643D7C3D7C3D7CBB6
S21413FFD0D7CB97C3D7CBD7CB47F2B80042AB0018D3
S21413FFE042AB002842AB0024206B00207000102880
S21413FFF00002E188802800034A80672A7418D48890
S21414000052802200D280D081D080D08041F008F473
S214140010260849F90014B488B483630001FE72F408
S214140020D28227410028206B0028B0FC00006738D5
S214140030720012280008E149484142417000102815
S214140040000948404240828070001028000AE18867
S21414005080818028000B720012280006E18982280D
S2141400600007268127400004206E0010208A7000A6
S2141400704CEE3CFCFFBC4E5E4E75206D002047E8EF
S2141400800018720012280002E189822800035281A7
S2141400902001D081D081D080D08043F008F4B7C935
S2141400A0630000E641EBFFF42B4800247200122B89
S2141400B0FFF8E149484142417000102BFFF94840CF
S2141400C0424082807000102BFFFAE1888081720013
S2141400D0122BFFFCE189822BFFFD2D41FFE8802BBC
S2141400E0FFFB2D40FFEC2AAEFFE82B6EFFEC00045E
S2141400F02B44001842AD002853845283206D0034DC
S214140100226D0038B0FC00006606B2FC00006714CE
S2141401102A2EFFE82C2EFFEC200822099C819B80B7
S214140120670000F0486EFFF02F042F2EFFEC2F2EE2
S214140130FFE82F0C4EB90013FBE64FEF00144A806D
S214140140661CB6826F0000AE486EFFF0206C00147A
S2141401502F2800024EB900137FBC508F700542A79B
S2141401602F0A2F0C2D40FFE44EB90013FE422F0A1F
S2141401704EB9001429D6206E001042904FEF00108E
S214140180202EFFE46000FEEA2009908BE4802F3CCA
S214140190AAAAAAAB2F002D49FFE420474E90508FF1
S2141401A020006A025280E2802040D1C0D1C0D1C85B
S2141401B0D1C841F3880070001010E148484042400E
S2141401C072001228000148414241828070001028B3
S2141401D00002E188808180280003226EFFE4B0AE1E
S2141401E0000C630843E8FFF46000FEB447E8000C14
S2141401F06000FEAC266EFFFC48780010486EFFF0D8
S214140200486D00344EB900144C8C2B4B004C4FEFF9
S214140210000C4BED002C6000FDAA20039082E480B5
S2141402202F3CAAAAAAAB2F004E94508F20006A0225
S2141402305280E2802040D1C0D1C0D1C8D1C8D1C22A
S21414024072001210E1494841424170001028000122
S214140250484042408280700010280002E188808165
S21414026080280003B0AE000C630876F4D6886000CD
S214140270FDA8740CD4886000FDA04E5600002F0A0A
S214140280246E00082F2A00104EB900134CC82040C4
S214140290422800064228000742280002422800038B
S2141402A042280008422800094228000A4228000B67
S2141402B010BCFFF3117C000A000142280004117CD4
S2141402C000040005157C0001001C588F246EFFFCEA
S2141402D04E5E4E754E56FF7448E73F3C266E000839
S2141402E0246E0010206E000C2D50FFDC42AEFFE092
S2141402F07800206B001076001628002EE18B8628D6
S214140300002F720032032D41FFD83A03CAFC002C8A
S2141403102D45FFE4286EFFDCD9C52A6C0028BAFCEC
S2141403200000674E70001012E148484042407200C8
S214140330122A00014841424180817200122A0002AA
S214140340E1898280822A00037A001A15E14D484515
S21414035042457000102D0001484042408A807000CB
S214140360102D0002E1888085802D0003B08167007F
S214140370058C082E000500176600014EBAFC000016
S214140380670001467200122D0008E14948414241B7
S2141403907000102D00094840424082807000102DD5
S2141403A0000AE18880817200122D0006E189822DF0
S2141403B000072D41FFC8802D000B2D40FFCC2F0DBC
S2141403C02E3C0013F70420474E90588F34007A00C2
S2141403D01A2A0008E14D484542457000102A0009C3
S2141403E0484042408A807000102A000AE1888085BE
S2141403F07200122A0006E189822A00072D41FFC0E6
S214140400802A000B2D40FFC4700030022D40FFA838
S21414041042AEFFA42A2EFFA42C2EFFA8202EFFC81F
S214140420DCAEFFCCDB80202EFFC0222EFFC49C81C6
S2141404309B8066327A001A2D0004E18D8A2D000501
S2141404400C4580006300010E2F0A20474E90588FEB
S2141404507200320202800000FFFFD2800C8100007E
S2141404607FFF6F00010E2F0A4EB90013F704588F42
S2141404703E007A003A002D45FF9842AEFF942A2E8D
S214140480FF942C2EFF98202EFFC0DCAEFFC4DB801A
S214140490202EFFC8222EFFCC92869185662A7A00DB
S2141404A01A2D0004E18D8A2D000502820000FFFF3C
S2141404B070003007D4800C458000630001940C82D1
S2141404C000007FFF6F000194206C0020700010283D
S2141404D00002E18880280003720012280004E189D3
S2141404E082280005B24067000FF8BAFC00006600C8
S2141404F0020A4BE8000C294D002802800000FFFF7A
S214140500220052812001D081D081D080D08043F047
S21414051008F42009908DE4802F3CAAAAAAAB2F00D9
S2141405202D48FF784EB90014B488508F220052819B
S214140530206EFF786A00021A48780523487900145A
S214140540EC7648790014D8E44EB90014428C4FEF78
S214140550000C60FE2F0A22474E91588F720032020A
S21414056002800000FFFFD2800C81000080006E0025
S214140570FEF672001215E149484142417000102DF2
S21414058000014840424082807000102D0002E1882D
S2141405908081802D000372003202D0817E001E12EC
S2141405A0E14F484742477200122A0001484142412F
S2141405B08E817200122A0002E1898287822A000341
S2141405C0B2806600FEA22F0A4EB90013F704588FA5
S2141405D0D0420C4580006304004080003200E0499D
S2141405E01B4100041B4000052F0C486B001C4EB921
S2141405F00013F7BE2A00508F660002FC294D00280F
S2141406007200122D0008E149484142417000102D35
S21414061000094840424082807000102D000AE1888C
S2141406208081802D000B7200122D0006E189822D28
S21414063000072881294000044AAEFFE0670002AC98
S2141406402F2EFFE04EB9001429D6588F6000029C56
S2141406500C82000080006E00FE707E001E12E14FB9
S214140660484742477400142A00014842424284878D
S2141406707200122A0002E1898282822A0003D08143
S21414068074001415E14A484242427E001E2D0001B1
S214140690484742478E827400142D0002E18A8487EC
S2141406A0842D0003B4806600FE202001424048409A
S2141406B0E0481A802001424048401B4000012001B7
S2141406C0E0881B4000021B4100032F0D263C00133C
S2141406D0F70420434E9034002E8A22434E91588FAE
S2141406E0D0423200E0491B4100041B4000050C4573
S2141406F080006200FEE46000FEF072001212E1490F
S214140700484142417400142A0001484242428282FF
S2141407107400142A0002E18A8481842A0003760075
S2141407201615E14B484342437200122D000148410E
S214140730424186817200122D0002E1898283822D45
S2141407400003B2826400FDB44BED000C6000FDACF7
S2141407504A8167242001D081D081D080D0802F0098
S2141407602F0D486D000C2D48FF784EB9001444FE2A
S2141407704FEF000C206EFF78700010280004E188FC
S21414078080280005220052812001D081D081D0809B
S214140790D08043F008F4B3CD6500016272001212E3
S2141407A0E149484142417000102A00014840424045
S2141407B082807000102A0002E1888081802A00035B
S2141407C0220042414841E0491A81220042414841F0
S2141407D01B4100012200E0891B4100021B4000035C
S2141407E07000102A0004E188802A00052200E0899F
S2141407F01B4100041B4000057200122A0008E14940
S214140800484142417000102A000948404240828004
S2141408107000102A000AE1888081802A000B72007A
S214140820122A0006E189822A00072400424248421E
S214140830E04A1B4200082400424248421B42000978
S2141408402400E08A1B42000A1B40000B2001E088AB
S2141408501B4000061B410007700010280002E188A8
S2141408608028000352403200E04911410002028001
S2141408700000FFFF1140000352802200D280D08176
S214140880D080D08041F008F4B1CD65702F2EFFDCF7
S2141408902F0B4EB90013F7EC2A00508F6700FD4A51
S2141408A04AAEFFDC671242A72F2EFFDC2F0B4EB981
S2141408B00013FE424FEF000C2004D084D084D08066
S2141408C0D0809084D080D080206EFFE045F008DC85
S2141408D049F9001366324BF90013FE4253846B0039
S2141408E0FD584AAEFFE066000BBA20054CEE3CFC01
S2141408F0FF4C4E5E4E757005B08566A47A0560A0F2
S2141409002D44FFE42250720012290002E189822944
S2141409100003700010290004E18880290005B04106
S2141409206200029C282EFFE4528441E8FFD4202E55
S214140930FFD8908472FFB28066C64878001042A72B
S214140940486EFFF04EB900144CFC206B001070007B
S2141409501028002EE1888028002F4FEF000C4A80C4
S21414096066142F0B4EB90013DB942D40FFB82D419F
S214140970FFBC588F603A720012280038E14948418B
S214140980424170001028003948404240828070006E
S2141409901028003AE188808172001228003CE18910
S2141409A08228003D2D41FFB88028003B2D40FFBC17
S2141409B042AEFFE842AEFFEC486EFFE82F2EFFBCB7
S2141409C02F2EFFB82F0B4EB900136A722A00242E4E
S2141409D0FFE8262EFFEC4FEF00102C028C836700E6
S2141409E002962F032F02486EFFF0206B00142F2858
S2141409F000024EB900135B462A004FEF001067182A
S214140A00487800012F032F022F0B4EB900136632BD
S214140A104FEF00106000FE8A4878003C7028D0AB78
S214140A2000102F002F2EFFFC4EB9001444FE2A6E21
S214140A30FFFC206B001070001028002EE188802820
S214140A40002F4FEF000C206B00147A001A28001E9B
S214140A50E14D484542454A80670001E6700010287B
S214140A60001F484042408A80700010280020E18809
S214140A70808580280021223C00000400E1A94878E3
S214140A80000C20414868FFF44EB90014B4AC508FE3
S214140A903200E0491B4100041B4000051ABCFFF35A
S214140AA01B7C000A00017000102D0004E188802DC4
S214140AB0000552802840D9C0D9C0D9CCD9CC49F524
S214140AC0C8002F0D2F0B4EB90013F72822004241F1
S214140AD04841E04918812200424148411941000129
S214140AE02200E0891941000219400003206B00100F
S214140AF04228002A117C0001002B20034240484063
S214140B00E048114000382003424048401140003964
S214140B102003E0881140003A1143003B3002E048BD
S214140B201140003C1142003D70001028002EE18850
S214140B308028002F508F4A80660A4228002C117C89
S214140B400004002D52403200E0491141002E11409D
S214140B50002F2F2EFFF84EB900135AF2177C0001FF
S214140B60001C486EFFF0206B00142F2800024EB9AC
S214140B7000137FBC4FEF000C2F2E000C72001212C5
S214140B80E149484142417000102A00014840424061
S214140B9082807000102A0002E1888081802A000377
S214140BA02F002F0B4EB90013FEFC2A004FEF000C3B
S214140BB06600FCEE286E000C2D54FFDC52874AAEFD
S214140BC0FFE4670008AE202EFFE4D080D0AEFFE42A
S214140BD0D080D08090AEFFE4D080D0802D40FFA08F
S214140BE02F00487800014EB9001428462D40FFE027
S214140BF0508F670008A4202EFFE453809E802D4754
S214140C00FFD4206B001070001028002EE188802876
S214140C10002F760036002D43FFB496872D43FFD859
S214140C204A876E5C487803FA48790014EC7648795B
S214140C300014D8E44EB90014428C4FEF000C60FE3A
S214140C4070001028001F484042408A807000102808
S214140C500020E188808580280021223C00000400C2
S214140C60E1A94878000C22414869FFF44EB90014F3
S214140C70B4AC6000FE1A4A806700FEFE6000FC22D8
S214140C80C0FC002C206EFFDCD1C022680028286827
S214140C9000207200122C0004E189822C00052041E9
S214140CA052882208D288D288D281D28141F418F48C
S214140CB0B1C9670001AE76001629000CE14B484313
S214140CC0424374001429000D48424242868274003E
S214140CD01429000EE18A84838429000F222EFFD85B
S214140CE0D281D2AEFFD8D281D28192AEFFD8D28131
S214140CF0D2812D41FF9C2A6EFFE0DBC1206EFFDC03
S214140D0041F0082026082D6EFFB4FFD078002A0282
S214140D1042454845E04D2D45FF8820024240484054
S214140D207C004606CC802D46FF842002E0887A009C
S214140D304605CA802D45FF807C004606CC822D468B
S214140D40FF7C2A2EFFD4BAAEFFD06F00013E2005DA
S214140D5053802A40DBC0DBC0DBCDDBCD9BC0DBCDB4
S214140D60DBCDDBEEFFDC286D0024B8FC0000672A20
S214140D7076001614E14B484342437000102C0001D1
S214140D804840424086807000102C0002E188808320
S214140D90802C0003B08267000742206D002070008C
S214140DA010280002E188802800037200122800042C
S214140DB0E18982280005B081670007207A001A129C
S214140DC0E14D484542457800182A000148444244FB
S214140DD088857600162A0002E18B8684862A00030C
S214140DE0226EFFE0282900082A29000CB8FC00000F
S214140DF06600049249E8000C2B4C002452812241D0
S214140E00D3C1D289D281D28143F018F4B3CC650011
S214140E1006CA52802200D280D081D080D08043F07F
S214140E2008F42009908CE4802F3CAAAAAAAB2F00C1
S214140E302D48FF784EB90014B488508F5280206E17
S214140E40FF786A000472487803D748790014EC7661
S214140E5048790014D8E44EB90014428C4FEF000CB5
S214140E6060FE72001212E149484142417400142A8D
S214140E7000014842424282827400142A0002E18A27
S214140E808481842A00036000FE5449EEFFF04878FB
S214140E90001042A72F0C4EB900144CFC7A001A12FC
S214140EA0E14D484542457000102A00014840424032
S214140EB08A807000102A0002E1888085802A000348
S214140EC02F002F2EFFDC2F0B4EB90013FB0442AE5F
S214140ED0FFE842AEFFEC486EFFE82F012F002F0B01
S214140EE04EB900136A722A002D6EFFE8FFAC2D6E01
S214140EF0FFECFFB04FEF00284A80660003382F2E11
S214140F00FFB02F2EFFAC2F0C206B00142F280002DE
S214140F104EB900135B462A004FEF00106600031606
S214140F20307CFFE0D1C32D48FF902A2EFFB4BAAE12
S214140F30FFD06600016E204322502068000872001D
S214140F4012290004E1898229000552812001D081EA
S214140F50D081D080D08043F108F42E099E882007D3
S214140F60E4802F3CAAAAAAAB2F002D48FF784EB9CE
S214140F700014B488508F2A00286EFFFC7C0CDC8C7E
S214140F80422C0002422C000342A72F0B4EB900132A
S214140F90FD98508F3200E0491941000419400005AD
S214140FA018BCFFF3197C000A0001422C0006422CE0
S214140FB00007206EFF784A85670000DC2F07486814
S214140FC0000C2F064EB9001444FE3005E0481940B4
S214140FD00002194500032243205170001028000215
S214140FE0E1888028000390453200E0491141000250
S214140FF0114000032F2EFF90486B001C4EB90013AF
S214141000F7BE2A004FEF00146600022A7A001A2C44
S2141410100014E14D484542457000102C0015484018
S21414102042408A807000102C0016E1888085802C3F
S21414103000177200122C0012E189822C00132A81E8
S2141410402B4000042B4600287000102C0006E18864
S214141050802C00072B40001842AD001C42AD002423
S2141410602B4C002048780010486EFFF0486D00089E
S2141410704EB900144C8C2F2EFFF84EB900135AF2AA
S2141410804FEF001053AEFFD052844BEDFFD470D404
S214141090D6806000FCAE429542AD000442AD0028F6
S2141410A060A6284322542E2C000472001229000431
S2141410B0E1898229000552812001D081D081D08017
S2141410C0D08043F108F493C72D49FF742009E480B7
S2141410D02F3CAAAAAAAB2F004EB90014B488508F7E
S2141410E02C00286EFFFC41EC000C2D48FF8C422C83
S2141410F00002422C00032F042F0B4EB90013FD9848
S214141100508F3200E049194100041940000518BCFC
S214141110FFF3197C000A00013004E0481940000669
S21414112019440007196EFF8B000C196EFF87000D0B
S214141130196EFF83000E196EFF7F000F222D0034E8
S214141140202D00382A0042454845E04D1945001028
S2141411502A0042454845194500112A00E08D1945D4
S2141411600012194000133001E048194000141941C8
S2141411700015422C0002197C000100034A86665AA8
S2141411807A001A2C0010E14D484542457000102C88
S2141411900011484042408A807000102C0012E188EA
S2141411A08085802C00137200122C0014E189822C86
S2141411B000152A812B4000047000102C0006E188CC
S2141411C0802C00072B40001842AD001C42AD0028AE
S2141411D02B6EFF8C00246000FE882F2EFF74204791
S2141411E04868000C486C00184EB9001444FE3006CB
S2141411F052403200E04919410002194000032243CC
S2141412002051700010280002E188802800039046C0
S2141412103200E04911410002114000032F2EFF90C6
S214141220486B001C4EB90013F7BE2A004FEF00148B
S2141412306700FF4E222EFFAC82AEFFB067184878C8
S21414124000012F2EFFB02F2EFFAC2F0B4EB900131C
S21414125066324FEF0010286EFFE0262EFF9C45F4F2
S2141412603808283C00137FBC49F9001366324BF942
S21414127000144CFC4AAEFFD86C000174282EFFE410
S2141412806000F61E7C001C14E14E484642467E0062
S2141412901E2C0001484742478E867C001C2C0002F8
S2141412A0E18E8C878C2C0003BC826400FB5049ECC6
S2141412B0000C6000FB484A8067242200D280D0814C
S2141412C0D080D0802F002F0C486C000C2D48FF784F
S2141412D04EB9001444FE4FEF000C206EFF78200227
S2141412E042404840E0481880200242404840194096
S2141412F000012002E088194000021942000320056C
S21414130042404840E0481940000420054240484006
S214141310194000052005E088194000061945000705
S2141413203004E048194000081944000970001028D9
S2141413300002E1888028000352403200E04911413F
S214141340000202800000FFFF1140000352802200BA
S214141350D280D081D080D08041F008F4B1CC650022
S214141360017A2F0D486B001C4EB90013F7BE2A00E5
S214141370508F6600FEE2B6826500015A2B4C00249C
S2141413807400142C0004E14A484242427000102CA7
S21414139000054840424084807000102C0006E18806
S2141413A08082802C00077200122C0008E189822C9F
S2141413B000092A812B4000047401206EFFE0226E7F
S2141413C0FFA049F098D42E2EFFD4DEAEFFE42007FB
S2141413D0D087D087D080D0809087D080D080206E61
S2141413E0FFDC4BF008D476D4D6AEFFE0607A241235
S2141413F0262A00042C028C8367282F0A206B0014DC
S2141414002F28000220444E90487800012F032F0204
S2141414102F0B4E944878001042A72F0A4E954FEF84
S214141420002453AEFFD845EAFFD46000FE484A02B3
S2141414306748487800012F0D2F0B4EB90013FE4253
S2141414404878002C2F0C2F0D4EB900144C8C48786D
S214141450002C42A72F0C4EB900144CFC4FEF00245E
S21414146049ECFFD44BEDFFD4B68C66C276FF2D4301
S214141470FFE4282EFFE46000EE7A202C000880ACEF
S214141480000C67DC487800012F0C2F0B4EB90013A4
S214141490FE424FEF000C60C8282EFFE47A0C600062
S2141414A0F400240A51822012222A0004260086817F
S2141414B0671A487800012F012F002F0B4E94487896
S2141414C000012F022F0B4E954FEF001C45EAFFD458
S2141414D06000F40A42026000FEE27A056000FD78BD
S2141414E07E003E03226EFFDC286EFFE441F1C82026
S2141414F042AEFFE46000F40E4E56FFEC48E73F3C65
S214141500286E00082C2E0010206C0010760016286A
S214141510002EE18B8628002FC6FC002C206E000CB3
S2141415202650D7C32A6B002870001015E14848408F
S21414153042407400142D00014842424280827400D6
S214141540142D0002E18A8480842D00032F0D4EB9D9
S2141415500013F704588F3A0045EC001CBC8266460C
S214141560082E0002001767327000102D0004E18860
S214141570802D0005004080003200E0491B41000425
S2141415801B4000052F0B2F0A4EB90013F7BE508FC1
S2141415904CEE3CFCFFC44E5E4E75E0481B40000407
S2141415A01B45000560DE7200122D0008E149484113
S2141415B042417800182D0009484442448284780039
S2141415C0182D000AE18C8881882D000B7E001E2DB4
S2141415D00006E18F8E2D000730069042082E00017B
S2141415E00017660000943200E0491B4100041B40BB
S2141415F000052F0B2F0A4EB90013F7BE508F4A80E2
S214141600668E700030072204204691C22D48FFF0E3
S21414161042AEFFEC282EFFECD2AEFFF0D1842D465E
S214141620FFF49446D4453D42FFF82D41FFFC3D405F
S214141630FFFA082E000200176708004280003D4299
S214141640FFF848780020486EFFF42F2E000C2F0C5D
S2141416504EB9001402D44FEF00104A806700FF32D0
S2141416603005E0481B4000041B450005206E000CA6
S214141670D6902F036000FF10004080006000FF68C3
S2141416804E56FF7C48E73F3C266E000842AEFFEC01
S214141690206B001076001628002EE18B8628002F6B
S2141416A0486EFFEC2F2E000C2F0B4EB90013FEFCC9
S2141416B02E004FEF000C660001583C03CCFC002CA7
S2141416C0DCAEFFEC204624680028B4FC000067005B
S2141416D0014070001012E148484042407400142A39
S2141416E000014842424280827400142A0002E18AB1
S2141416F08480842A0003B4AE000C620001142F0AFE
S21414170049F90013F7044E94588F28025384028024
S2141417100000FFFFD084B0AE000C650000F4B4AE39
S214141720000C640001102F0A4E94588F3840700035
S214141730300CD880B8AE0010630000FA7600162A73
S2141417400004E18B862A00052E2E001052877200A4
S214141750122A0008E149484142417000102A000943
S2141417604840424082807000102A000AE188808136
S2141417707200122A0006E1892801882A00072A0026
S2141417808A2A000B200790822D40FFE842AEFFE421
S214141790202EFFE4DAAEFFE8D980302E000E9042F9
S2141417A03200E04915410004154000050C43800042
S2141417B06310004080003200E049154100041540D3
S2141417C000052F06486B001C4EB90013F7BE2D47B4
S2141417D0FFF0302E00124640D440D44C3D42FFF465
S2141417E02D45FFF83D44FFF6508F0C4380006308E8
S2141417F0004280003D42FFF442A7486EFFF0486E58
S214141800FFEC2F0B4EB9001402D42E004FEF00102D
S21414181042A72F2EFFEC2F0B4EB90013FE422F2E8D
S214141820FFEC4EB9001429D620074CEE3CFCFF54AE
S2141418304E5E4E757C003C0324462006D086D08629
S214141840D080D0809086D0802D40FF92286EFFECFA
S214141850B5C666000532222EFF92D2812D41FFB204
S21414186020741820700010280002E18880280003D5
S2141418704A80661C487806E348790014EC76487962
S2141418800014D8E44EB90014428C4FEF000C60FEDE
S21414189052802200D280D081D080D0804BF008F4C1
S2141418A072001228000CE149484142417400142881
S2141418B0000D48424242828274001428000EE18AC7
S2141418C084818428000F2F0D4EB90013F704588F07
S2141418D078001815E14C484442447600162D000151
S2141418E04843424386847200122D0002E1898283A3
S2141418F0822D000302800000FFFF224141F108FF01
S2141419002D6E000CFFD4B4AE000C63042D42FFD42D
S2141419102D6E0010FF7EB1EE001064042D48FF7E7D
S214141920206B001070001028002EE1888028002FED
S214141930720032002D41FFBEC0FC002C2D40FFC6A5
S214141940D08C2D40FFE020402D680028FFD02A6858
S21414195000207000102D0002E188802D00033D4009
S214141960FFCA206EFFD042AEFFC2222EFF7E4681F3
S2141419702D41FF8E262EFF7E52832D43FF96226E18
S214141980FFE0242900202242700010290002E1887A
S21414199080290003220052812001D081D081D0807A
S2141419A0D08043F108F4B3C8652C70001010E148D9
S2141419B0484042407200122800014841424180814A
S2141419C0720012280002E189828082280003B2AED7
S2141419D0FF7E630000C44AAEFFC26704206EFFC2D7
S2141419E07000102D0002E188802D00032200528121
S2141419F02001D081D081D080D08043F508F4B1C9BD
S214141A00623E93C82009E4802F3CAAAAAAAB2F00F2
S214141A102D48FF8A4EB90014B488508F2200528184
S214141A202001D081D081D080D0802F00206EFF8AF4
S214141A302F082F2EFFD04EB9001444FE4FEF000C83
S214141A40302EFFCAE0481B4000021B6EFFCB00037B
S214141A502F2EFFE0486B001C4EB90013F7BE508FB4
S214141A60700CD08D206EFFE0B0A8002867000264CA
S214141A707000102D0002E188802D00034A80670054
S214141A8002DC4AAEFFBE6700026E700C222EFFC642
S214141A90D1B418F8600002602F082D41FF862D4837
S214141AA0FF8A4EB90013F704588F206EFF8A7A0007
S214141AB01A280008E14D48454245740014280009C8
S214141AC0484242428A8274001428000AE18A8485B5
S214141AD0760016280006E18B862800072D43FFD8CB
S214141AE08428000B2D42FFDC76003600222EFF865B
S214141AF0B2AEFFD46400010A200190AEFFD4D680A3
S214141B002D43FF82242EFFD49481780CD9AEFFD0B7
S214141B102D6EFFD8FFE42D6EFFDCFFE82A01282E79
S214141B20FFD4200490812D40FFA642AEFFA2202EA3
S214141B30FFA2222EFFA6262EFFD8D2AEFFDCD1831C
S214141B402D40FFB62D41FFBA2D48FF8A4EB900131B
S214141B5000AE206EFF8A4A006C5648790014EBA437
S214141B6048790014D9144EB90014428C487805F7F5
S214141B7048790014D9174EB90014428C2F2EFF82C0
S214141B802F2EFFBA2F2EFFB62F0448790014EC8E92
S214141B904EB90014428C4FEF002422790014FC3600
S214141BA02F2900084EB900143E2E588F206EFF8A37
S214141BB02F2EFF822F2EFFBA2F2EFFB62F0B2D4857
S214141BC0FF8A4EB900136632200542404840E0486A
S214141BD0206EFF8A108020054240484011400001C4
S214141BE02005E08811400002114500034FEF001055
S214141BF04A826670536EFFCA41E8000C6000FD808E
S214141C002D43FF822403D48120025380B0AEFF7E7E
S214141C10633CD4AEFF8E95AEFF822A2EFF96200527
S214141C2090812D40FFAE42AEFFAA262EFFAA282E84
S214141C30FFAE202EFFD8D8AEFFDCD7802D43FFE4AE
S214141C402D44FFE828012D48FFC26000FED62D6EF5
S214141C50FFD8FFE42D6EFFDCFFE82A01280174008C
S214141C606000FEC0700010280004E188802800057B
S214141C703202E0491141000411420005222EFFE809
S214141C8042414841E04911410008222EFFE84241F2
S214141C90484111410009222EFFE8E0891141000A4B
S214141CA0116EFFEB000B322EFFE6E04911410006E1
S214141CB0116EFFE700070C4080006300FF3C0042F3
S214141CC080003002E0481140000411420005600014
S214141CD0FF287000102D0002E188802D00034A8032
S214141CE06700FD8E2F0C2F0B4EB90013F7EC508F98
S214141CF04A806700FD7C42A7262EFFB2D6AEFFECC4
S214141D002F032F0B4EB90013FE42538A4FEF000CCD
S214141D10B4FC00006C00FB36226EFFEC2069002039
S214141D20700010280002E188802800034A806600AC
S214141D30FAE0206B00104228002E4228002F42287A
S214141D40002C117C0004002D2F09486B001C4EB982
S214141D500013F7BE2E00508F6000FAB6206EFFE018
S214141D602028000880A8000C6700FD18226EFFBE0D
S214141D704869FFFF2F0C2F0B4EB90013F9144FEFC1
S214141D80000C6000FF724BF2A800DBCADBCDDBCD83
S214141D909BCADBCDDBCD43F4D8002069002070004D
S214141DA010280002E188802800034A806700018614
S214141DB02269002452802200D280D081D080D08024
S214141DC041F008F4B1C9652A72001211E14948417C
S214141DD04241700010290001484042408280700041
S214141DE010290002E188808180290003B0AE00101B
S214141DF0632AB4FC00006E1AB4FC0000660001529C
S214141E00538A6000FF0C720CD2802B4100246000B1
S214141E10FF00760CD7B4D8F8600001364878001066
S214141E2042A7486EFFF04EB900144CFC742CD48DA7
S214141E30D9C24FEF000C282C000888AC000C671091
S214141E4042A72F0C2F0B4EB90013FE424FEF000C77
S214141E502606968A5383206EFFEC2070D8247200D0
S214141E6012280004E1494841424170001028000538
S214141E70484042408280700010280006E188808125
S214141E8049EEFFF02F0C2F03720012280008E18988
S214141E90822800092D41FF9A802800072D40FF9EB6
S214141EA02F2EFF9E2F2EFF9A2F0B4EB90013FBE6F4
S214141EB02E004FEF00146600F958202EFFECDBC0FE
S214141EC0206D00247A001A280004E14D4845424546
S214141ED07800182800054844424488857200122861
S214141EE00006E189828482280007780018280008F2
S214141EF0E18C882800092A842B4100042A40DBC27E
S214141F00487800102F0C486D00084EB900144C8CFD
S214141F10202EFFFC2B4000202B430018528A4FEF34
S214141F20000CB5C66600FEE0780CD8802B4400285A
S214141F306000FDDEB4FC00006F00FEBE486AFFFFC2
S214141F402F0C2F0B4EB90013F9142E004FEF000C64
S214141F50DBEEFFEC486D0008206B00142F280002FF
S214141F604EB900137FBC508F6000FE964E56FFD4B9
S214141F7048E73F3C246E0008242E000C162E001B47
S214141F8042AEFFEC4AAE0014670A206E001442906C
S214141F9042A800044AAE001C6706226E001C42913A
S214141FA049EEFFEC2F0C2F022F0A4EB90013FEFC3D
S214141FB028004FEF000C673042AEFFEC202EFFECEB
S214141FC0671A42A72F002F0A4EB90013FE422F2E6F
S214141FD0FFEC4EB9001429D64FEF001020044CEE37
S214141FE03CFCFFAC4E5E4E752A6EFFEC206A001069
S214141FF070001028002EE1888028002FC0FC002CCA
S21414200026750828B6FC0000670002A0720012139A
S214142010E149484142417E001E2B00014847424791
S21414202082877E001E2B0002E18F8E818E2B00038A
S2141420302F0B4EB90013F704588FBE826200026C41
S2141420407A003A00224741F158FFB1C26500025C9B
S2141420507200122B0008E149484142417C001C2BB7
S21414206000094846424682867C001C2B000AE18EF4
S2141420708C817000102B0006E188802B0007220646
S214142080822B000B204791C2DA887C001C2B00049C
S214142090E18E8C2B00050C468000624E94872D42F0
S2141420A0FFE042AEFFDC242EFFDC262EFFE0D681B6
S2141420B0D5802D42FFE42D43FFE8202E0010BA8071
S2141420C0640220054AAE0014670E206E001420AE7B
S2141420D0FFE4216EFFE800044AAE001C6700FEDE33
S2141420E0226E001C22806000FED44A03670002623F
S2141420F02D45FFD4BAAE001063062D6E0010FFD423
S214142100204291C72D48FFE842AEFFE42C2EFFE490
S2141421102E2EFFE8DE81DD802D46FFE42D47FFE8F6
S214142120206A001472001228001EE14948414241F8
S21414213070001028001F484042408280700010280B
S2141421400020E1888081802800212E3C00000400B5
S214142150E1AF2D47FFD82D6EFFE4FFDC2D6EFFE8B0
S214142160FFE0760047EEFFF049F900144CFC4BF9FB
S21414217000135AF2B6AEFFD46662206A00107000DE
S2141421801028002EE1888028002FC0FC002C206E1A
S214142190FFEC2070082870001010E14848404240B8
S2141421A07C001C2800014846424680867C001C2879
S2141421B00002E18E8C808C280003BC826300008CA5
S2141421C04878077648790014EC7648790014D8E4F1
S2141421D04EB90014428C4FEF000C60FE4878001085
S2141421E042A72F0B4E942F2EFFE02F2EFFDC2F0B23
S2141421F0206A00142F2800024EB900135B464FEFD6
S214142200001C4A806600009E2F2EFFD842A72F2E51
S214142210FFFC4E942F2EFFF84E952F0B206A0014B9
S2141422202F2800024EB900137FBC42867E01DFAE13
S214142230FFE0222EFFDCD3862D41FFDC4FEF001883
S2141422404A80666052836000FF2CD6822F084EB9EF
S2141422500013F704588F02800000FFFFD08649EE63
S214142260FFEC47F9001414F8B083660848780002A7
S2141422702F02600ABC826618487800042F032F0CBD
S2141422802F0A4E934FEF00104A806700FE2E6014FC
S214142290487800062F032F0C2F0A4E934FEF00108A
S2141422A04A8067C828006000FD144A036700FD0EC4
S2141422B02F022F0D2F0A4EB90013FB0442AEFFF067
S2141422C042AEFFF447EEFFF02F0B2F012F002F0A1C
S2141422D04EB900136A72206EFFF0226EFFF44FEFB1
S2141422E0001CB0FC00006606B2FC000067B62D4267
S2141422F0FFF02D49FFF83D48FFF63D7C0001FFF442
S21414230042A72F0B2F0C2F0A4EB9001402D4260006
S2141423104FEF0010206EFFF87400342EFFF64A803C
S21414232067207000302EFFF42F0020022F082F0095
S2141423302F0A4EB9001366324FEF001028036000C0
S214142340FC7C2D42FFE42D48FFE87A016000FD6C0A
S21414235042AEFFE442AEFFE86000FD604E56FFE476
S2141423602F0A2F02242E000845EEFFE44878001C9E
S21414237048790014ECA82F0A4EB900144C8C4878EF
S214142380001B2F0A4EB900135AB64FEF001445F926
S2141423900013E48C7009B0826518060200300282BD
S2141423A0000000FF2F024E92700A2E804E92588F15
S2141423B060FE4878003F60EE4E5600002F0246FC42
S2141423C027004AB9001511106610203C001553B7A3
S2141423D072FCC08123C0001511102039001511108D
S2141423E0206E000C41F00803220874FCC48123C23A
S2141423F00015111046FC2200241F4E5E4E754E56D4
S21414240000002F0A2F02206E0008202E000C246EC7
S2141424100010B4FC0000660EB0FC000067047016D2
S214142420208070FF60287202B280652E48780048BB
S21414243042A72F0A4EB900144CFC257C000020003D
S2141424400004357C000100084FEF000C7000242EA9
S214142450FFF8246EFFFC4E5E4E75220057817404FE
S214142460B481653AD080D08043F9001511142271D6
S2141424700800B2FC000067262429000C487800489F
S21414248042A72F0A4EB900144CFC257C0000812468
S2141424900004357C000100082542001060AAB0FC38
S2141424A000006700FF7E70096000FF764E5600003D
S2141424B07002B0AE000C54C0488048C044804E5ED3
S2141424C04E754E5600002F02222E000C202E0010A1
S2141424D0206E00147402B4816C30D281D28143F918
S2141424E000151114227118007201B2886710B4888E
S2141424F06712B0FC00006612241F4E5E4E75D0A9FB
S214142500001260F4D0A9000C60EE70FF60EA4E561C
S214142510000070E2D0AE00087243B280650E41F936
S2141425200014ED09103008004E5E4E75700760F802
S2141425304E56000070D7D0AE00087242B280650EB8
S21414254041F90014ECC6103008004E5E4E75420079
S21414255060F84E56FFB848E73F3C246E00082A2E13
S214142560000C286E00107400420476024BEEFFC076
S2141425704A8567041212660C20024CEE3CFCFF904F
S2141425804E5E4E750C01001B6600013E0C2A005B65
S2141425900001660001344878002042A72F0D4EB97A
S2141425A000144CFC41EA00024FEF000C72002001AC
S2141425B026482C059C812D46FFB81C105288670CA3
S2141425C00C06006D67067E1FBE81665E0C13006DDA
S2141425D0660000D6423608C04878001F2F0D7AE0F1
S2141425E0487658004EB900144B1C422EFFFF486E16
S2141425F0FFBC48790014ECC4487658002A3C0014F2
S2141426004C3A20454E904FEF00182C3C0014250EE3
S2141426102E3C001425304A80662697CA528BD5CB9A
S2141426202A2EFFB89A8B6000FF48528026481B86D5
S21414263018002200B0856600FF7642AEFFB8608CA4
S2141426402F004EB900142830204043E8FFE2588F7C
S2141426507007B089640843E8FFA6B08965202F0880
S21414266020464E90588F1600486EFFBC48790014CA
S214142670ECC442A720454E904FEF000C609843E8F8
S214142680FFD87007B089640843E8FF9CB089650CCE
S2141426902F0820474E90588F180060CCB0FC0000CE
S2141426A066C64204760760C0528A70001004E98831
S2141426B08003E1880040001B388052822A2EFFB81F
S2141426C05385548C6000FEAA528A70001004E98860
S2141426D08003E188488182403881528260E24E56F7
S2141426E000002F032F02242E0014202E000C5380DB
S2141426F0E28866562002D0822F004EB9001429C2F2
S21414270026002F002F022F2E00104EB9001425522B
S21414271046FC27004FEF00104A8267122F032F0043
S214142720487800144EB90013E4244FEF000C46FC0E
S21414273022002F034EB9001429D62002588F242EB7
S214142740FFF8262EFFFC4E5E4E7570FF60F04E5658
S214142750000048E730204AAE0008670E740045F9BA
S2141427600013E4244AAE000C670A70FF60360C03AC
S214142770000D672EB4AE0014672842A742A7487807
S21414278000084E92260042A72F0042A74E92206EB3
S2141427900010118328004FEF001852820C03000A11
S2141427A066CC20024CEE040CFFF44E5E4E754E566C
S2141427B000002F0A2F02202E000C220057817404CA
S2141427C0B481651245F900151114D0802400D48004
S2141427D0203228006616206E00087009208070FFCC
S2141427E0242EFFF8246EFFFC4E5E4E752F004EB955
S2141427F0001429D642B22800588F700060E24E5654
S214142800000070014E5E4E754E560000206E000895
S2141428107058208070FF4E5E4E7542A742A72F2F29
S214142820000C42A74EB900144D6E4FEF00104E75B3
S2141428304878000A42A72F2F000C4EB9001434868D
S2141428404FEF000C4E752F2F00082F2F00082F392E
S2141428500014FC364EB9001428604FEF000C4E7569
S21414286048E73820202F0018222F001C240042424C
S21414287048422601424348434A426600009C4A4363
S214142880660000DEC0C12F002F2F00184EB90014AA
S21414289029EA2440508F4A80670000BC70FCC0AA06
S2141428A0FFFC59807224B28065387213B280644A71
S2141428B0429242AA0004721BB280644C42AA0008D8
S2141428C042AA000C7224B280670000B641EA0010D7
S2141428D0429042A8000442A80008200A4CDF041CB8
S2141428E04E752F0042A72F0A4EB900144CFC4FEF1A
S2141428F0000C200A4CDF041C4E75204A429042A855
S214142900000442A8000860D241EA0008429042A897
S214142910000442A8000860C24A43664836023401DE
S2141429203800C8C1C4C3260442434843D48326028D
S214142930484348C34A4366324842424220028044CF
S2141429402F002F2F00184EB9001429EA2440508F58
S2141429504A806600FF4895CA200A4CDF041C4E7550
S214142960340060BC2F012F00508F2F012F00508F82
S2141429704EB900144C5A720C2040208195CA60D867
S21414298042AA001041EA001842AA0014429042A833
S214142990000442A800086000FF422F02242F0008FB
S2141429A042A72F024EB900144E042079001512A027
S2141429B0508FB0FC000067024E902F024EB90014E0
S2141429C0235C2F2F00042F390014FC364EB9001444
S2141429D029EA508F4E752F2F00042F390014FC3619
S2141429E04EB900144F9A508F4E7548E73E3E266FE8
S2141429F0002C226F003041E9000B7016B088655E1B
S214142A007210B289650001E22F0B4EB90014322CF5
S214142A10588F307C001876027410D1FC0014F822FB
S214142A202468000420085180B08A670001EE70FC08
S214142A30C0AA0004206A000C226A00082348000C6E
S214142A40214900087A018BB208042F0B4EB90014E2
S214142A50322E200A5080588F4CDF7C7C4E7524080A
S214142A6076F8C483B0FC00006D00017EB48965005E
S214142A7001782F0B4EB90014322C588F26020C8274
S214142A80000001F76300041C7C09ECAB67000166C8
S214142A907004B083650003242602EC8B387C00385F
S214142AA0D9C37239D6812003E7882040D1FC00149C
S214142AB0F82243E8FFF824680004B5C9673272FCAC
S214142AC0C2AA000420019082780FB8806D20206A74
S214142AD0000C4A806C000260B1C96714244872FC6A
S214142AE0C2AA000420019082780FB8806CE0260CED
S214142AF024790014F832B5FC0014F82A670001385B
S214142B0070FCC0AA0004220092827C0FBC816D0067
S214142B1003B023FC0014F82A0014F83623FC00141F
S214142B20F82A0014F8324A816C0003602239001423
S214142B30F8260C80000001FF62000220E6882A00B6
S214142B40E4857801EBAC828423C10014F826E78868
S214142B502040D1FC0014F82A225049E8FFF8254CEE
S214142B60000C25490008208A234A000C2003E48020
S214142B707801E1ACB284650000D22004C081660EF0
S214142B807AFCC6855883D8842004C08167F620034F
S214142B90E7882840D9FC0014F822224C2A0320691E
S214142BA0000CB1C96700025272FCC2A800042001CE
S214142BB0908224482068000C7C0FBC806D00027A3A
S214142BC04A806DDE7A018BB21804226A0008234804
S214142BD0000C214900082F0B4EB90014322E200A7F
S214142BE05080588F6000FE72780C268470004CDF7C
S214142BF07C7C4E75203C000002007640387C003FFA
S214142C002040D1FC0014F82243E8FFF8246800049E
S214142C10B5C96600FEAA6000FED82468000CB5C8C4
S214142C206600FE0C548324790014F832B5FC0014A4
S214142C30F82A6600FECC22390014F8262003E48015
S214142C407801E1ACB2846400FF3224790014F82AC7
S214142C507AFCCAAA0004B485620C200590827C0F04
S214142C60BC806D0000A6280AD8852602D6B90015A1
S214142C70116470FFB0B90014F81A670003DE0683F7
S214142C800000100F0243F0002F032F0B4DF9001411
S214142C9023B84E962840508F7CFFBC80670002985D
S214142CA0B0846500028A4BF9001511342043D1D53F
S214142CB020082A88B9C4660002E4220C02810000A7
S214142CC00FFF660002D828790014F82AD6857001FA
S214142CD0868029430004B1F900151160630623C8E1
S214142CE000151160B1F90015115C630623C80015B0
S214142CF0115C244C7CFCC68620039082B48362004C
S214142D00033C720FB2806C0003347601868225432E
S214142D10000441F2280023C80014F82A7801888099
S214142D20214400042F0B4EB90014322E200A508072
S214142D30588F6000FD24226A00082348000C21499D
S214142D4000087A018BB218042F0B4EB90014322ED9
S214142D50200A5080588F6000FD0028007A09EAACDB
S214142D607C04BC84640001A07A14BA84650003163B
S214142D70327C005BD3C47C5CD886E78C2044D1FCC0
S214142D800014F82249E8FFF82050B1CC670001DEA1
S214142D9078FCC8A80004B084640820680008B1CC85
S214142DA066EE2868000C254C000C25480008294AB5
S214142DB00008214A000C6000FDB47814B88364003F
S214142DC001847C54BC83650002EE2602700CE0ABD2
S214142DD0387C006ED9C3726FD6812003E7882040F2
S214142DE0D1FC0014F82243E8FFF824680004B5C99F
S214142DF06600FCCC6000FCFA508952857003C085CE
S214142E006600FD9C7003C0836700040E5383518CC8
S214142E10B9EC000867EE20390014F826D884B0847C
S214142E206500FE284A846700FE222204C2806600DB
S214142E3003B05885D88460F243F22800760186825F
S214142E4025430004286A00082948000C214C000871
S214142E5023C90014F83623C90014F832237C00144E
S214142E60F82A000C237C0014F82A000878018880BD
S214142E7023440004258018002F0B4EB90014322E5C
S214142E80200A5080588F6000FBD07A018BB2080459
S214142E902F0B4EB90014322E200A5080588F600023
S214142EA0FBB8E68B20425088D1FC0014F822246824
S214142EB0000420085180B08A6600FB746000FD5C34
S214142EC041F22800760186822543000423C80014A4
S214142ED0F83623C80014F832217C0014F82A000CA3
S214142EE0217C0014F82A0008780188812144000403
S214142EF0258108002F0B4EB90014322E200A50805C
S214142F00588F6000FB542800EC8C204443E80038AB
S214142F1041E800392808E78C2044D1FC0014F82234
S214142F2049E8FFF82050B1CC6600FE66603EB5FC5A
S214142F300014F822675A24790014F82A262A000462
S214142F406000FDB2387C005BD9C37A5CD68520035A
S214142F50E7882040D1FC0014F82243E8FFF82468E0
S214142F600004B5C96600FB586000FB862009E4809F
S214142F707801E1AC828423C10014F826254C000C99
S214142F8025480008294A0008214A000C6000FBDE88
S214142F904BF9001511342003D0952A8072FFB2B96C
S214142FA00014F81A67000146220C9284D2802A81F3
S214142FB02C0C7807CC84670000AA70089086D9C0B9
S214142FC0D68C283C0000100898869883028400004B
S214142FD00FFF2F042F0B4E96508F72FFB280676C24
S214142FE0908C2600D6842044D1D52A8823CC00146D
S214142FF0F82A7001868029430004B5FC0014F822D0
S2141430006700FCD4720FB285642E72F4D28576F8FB
S214143010C2837001C0AA000480812540000478058C
S21414302025841804258418087A0FBA816500013897
S214143030262C00046000FCA0294000042F0B4EB977
S2141430400014322E588F70006000FBA4224341F106
S21414305068F82608968C7800608C7210D68160000A
S214143060FC28280CD8834484028400000FFF2F0405
S2141430702F0B4E96508F7CFFBC806600FF64780042
S2141430806000FF647A54BA84656C2C00780CE8AE41
S214143090204643E8006E41E8006F2808E78C204479
S2141430A0D1FC0014F82249E8FFF82050B1CC660091
S2141430B0FCE06000FEB80C8300000154626E260229
S2141430C0780FE8AB387C0077D9C37A78D685200396
S2141430D0E7882040D1FC0014F82243E8FFF824685F
S2141430E00004B5C96600F9D86000FA0623CC0014AB
S2141430F0F81A6000FEBC0C840000015462000086BE
S2141431002A007C0FECAD204543E8007741E80078B0
S2141431102808E78C2044D1FC0014F82249E8FFF86C
S2141431202050B1CC6600FC6A6000FE420C8300009E
S214143130055462000086260242434843E44B387C1A
S214143140007CD9C37C7DD6862003E7882040D1FC3A
S2141431500014F82243E8FFF824680004B5C9660092
S214143160F95E6000F98C486A00082F0B4EB90014FB
S2141431704F9A205528790014F82A262C0004508FCC
S2141431806000FB540C8400000554626A2800424414
S2141431904844E44C204443E8007C41E8007D280879
S2141431A0E78C2044D1FC0014F82249E8FFF820509C
S2141431B0B1CC6600FBDC6000FDB4203C000003F8D4
S2141431C0767F387C007E2040D1FC0014F82243E839
S2141431D0FFF824680004B5C96600F8E46000F91224
S2141431E026052003E7882840D9FC0014F822224C30
S2141431F02A036000F9AA283C000003F8327C007EFB
S2141432002044D1FC0014F82249E8FFF82050B1CC31
S2141432106600FB7E6000FD5620044680C0B900148C
S214143220F82623C00014F8266000FBF24E754E757F
S21414323048E73F3C2C2F003824067024B0866500DF
S21414324000EA7201B286670000E2266F003041F988
S2141432500014ED4E220B7000101B083000030800FB
S21414326066F22440702DB08A6700016E702BB08A07
S214143270670000DA283C7FFFFFFF9BCD4A86660076
S21414328000E47030B08A67000168740A7C0A2F0262
S2141432902F044EB90014B538508F26002F022F0471
S2141432A04EB90014B4AC508F2E007200700049F959
S2141432B00014B48841EAFFD07A09BA88652E2448E7
S2141432C0B5C66C3C7AFFBA816712B0876274676EB3
S2141432D02F022F004E94508FD08A72017A001A1B38
S2141432E0244541EAFFD07A09BA8864D241EAFFBF7E
S2141432F07A19BA88650000AA45EAFFC9B5C66DC42E
S21414330074FFB481670000AEBAFC00006702448004
S2141433104AAF0034670E4A816600015E206F00349F
S21414332020AF00304CDF3CFC4E754EB900144C5A9E
S21414333074162040208270004CDF3CFC4E75B5C3DA
S2141433406F8E72FF7A001A1B244560967A001A1341
S21414335024452641548B283C7FFFFFFF9BCD4A868D
S2141433606700FF207210B2866600FF247430B48A99
S214143370670000B874102F022F044EB90014B53825
S214143380508F26002F022F044EB90014B4AC508F61
S2141433902E007200700049F90014B4886000FF16FD
S2141433A041EAFF9F7A19BA886500FF5645EAFFA9D5
S2141433B06000FF0E206F002C7A2220854AAF00345E
S2141433C0670000AE538B2F4B00302004206F003460
S2141433D020AF00306000FF4E7A001A1324452641B1
S2141433E0548B283C800000003A7C00016000FE8E5E
S2141433F010130200FFDF0C000058673C74087C08AA
S2141434002F022F044EB90014B538508F26002F0201
S2141434102F044EB90014B4AC508F2E0072007000F6
S21414342049F90014B4886000FE8C10130200FFDF04
S2141434300C0000586600FF3E7A001A2B0001244543
S214143440548B74107C102F022F044EB90014B53808
S214143450508F26002F022F044EB90014B4AC508F90
S2141434602E007200700049F90014B4886000FE46FD
S21414347020044CDF3CFC4E752800538B2F4B003039
S21414348020046000FF482F2F000C2F2F000C2F2F26
S214143490000C2F390014FC364EB9001432304FEF9E
S2141434A000104E754FEFFFA448E73F3E2C2F008CBC
S2141434B0282F00902E2F0094286F009820068087BF
S2141434C07203C0816700072076022207E4892F4121
S2141434D0003042AF0038240744822207D2872F4197
S2141434E000402F072F044EB90014B488508F244080
S2141434F02A06DA872F45003C41F268002F4800342C
S2141435007006B084640001222F072004E2882F007E
S2141435104EB90014B488508F2646D7C095C74DF2BE
S21414352068007007B08467287228B2846500048E19
S214143530280E24462F0B2F0A4E94508F4A806D0067
S214143540045A2F042F0B4E94508F4A806F0001F4A8
S2141435504A83660002042046201020932680246F97
S214143560003C264E2F4A002C78002A4ABDCA640016
S21414357001184A84670002AA280A98AF002C206F04
S214143580002C91C6B8886C022044B0FC000066007B
S21414359003C62A0B9A8E202F0034908B9087BA80FD
S2141435A0640220054A8066000168246F003495C5BD
S2141435B0B885650C20052A042800200A24462C0009
S2141435C0BE84640003447007B0AF003865000492EC
S2141435D0202F0038E78841EF0088D1C0214AFFC069
S2141435E045E8FFC447F90014B4AC2F072F054E93D3
S2141435F0508F248052AF00382F072F044E93508FCD
S21414360028002F072F044EB90014B488508F244076
S2141436102A06DA872F45003C41F268002F4800340A
S2141436207006B0846500FEE2BA8864382C6F0034E5
S2141436302A6F0030282F0040BC8564222645244B70
S214143640D7C22F0A2F0B4E94508F4A806F104A837E
S21414365066000268201224932680BC8B65E0DA8705
S214143660BA8E65D44AAF00386700020053AF0038EC
S214143670202F0038E78841EF0088D1C02C28FFC0DF
S2141436802828FFC46000FE5C2F062F0A4E94508F25
S2141436904A806F502F062F0E4E94508F4A806D28F6
S2141436A04A8066104A83660000E020162C93268013
S2141436B0D7C27801DDC2B5CE6200FEB82F062F0E33
S2141436C04E94508F4A806CD84A836600010E20129E
S2141436D024962C80D5C7DDC278012A4ABDCA650057
S2141436E0FE9260A44A80661A4A8366000238206FE7
S2141436F0002C2010209224802008D0872F40002CE5
S2141437007801D5C72A4ABDCA6500FE686000FF7AEC
S214143710206F003491C07202B28366000402D08A0D
S21414372012151AD010C12200928D4A816F00FE7CA9
S21414373012151AD010C12200928D4A816EE26000D2
S214143740FE6A2F042F0A4E94508F4A806D0002682A
S21414375026444A836700FE0070012246B083670041
S2141437600362222F003C101112D316C02001908938
S2141437704A806F00FDEA101112D316C020019089FA
S2141437804A806EE26000FDD87201224B204EB2834E
S2141437906726220ED287101010D112C020019088EE
S2141437A04A806F00FF0C101010D112C020019088B0
S2141437B04A806EE26000FEFA202F0030221020D1DC
S2141437C022C153804A806F00FEE8221020D122C105
S2141437D053804A806EE66000FED87001204EB08397
S2141437E06724D5C710151AD010C0200A908D4A80A9
S2141437F06F00FEE410151AD010C0200A908D4A806F
S2141438006EE26000FED2202F003022152AD020C18E
S21414381053804A806EF4D5C7DDC278016000FEBCC2
S214143820206F0034B1EF003C6300FE3A2C6F003476
S2141438302A6F0030282F0040BC8564202645244B70
S214143840D7C22F0A2F0B4E94508F4A806F0E4A837E
S2141438506622201224932680BC8B65E2DA87BA8E01
S21414386065D64AAF00386600FE044CDF7CFC4FEF8A
S214143870005C4E757201204BB2836722220BD284F1
S214143880101214D010C02001908A4A806FCA1012E9
S21414389014D010C02001908A4A806EE460BA200DBD
S2141438A0221224D020C153804A806FAC221224D016
S2141438B020C153804A806EE8609E7201204BB2830A
S2141438C06726220BD284101214D010C02001908ABE
S2141438D04A806F00FD86101214D010C02001908A02
S2141438E04A806EE26000FD74200D221224D020C19E
S2141438F053804A806F00FD64221224D020C1538066
S2141439004A806EE66000FD5447F90014B4ACBE85D8
S2141439106400FD522F072F054E93508F28002C0A53
S2141439206000FBC07001206F002CB0836700017428
S2141439302008D087121010D51AC1220092884A8106
S2141439406F00FDBA121010D51AC1220092884A814F
S2141439506EE26000FDA8224A93C87002B083660027
S214143960018E2006D0882046121010D112C12200D3
S21414397092884A816EF22A0B9A8E202F0034908BEE
S2141439809087BA806500015E4A806700FC1E206F2F
S214143990003491C0D08A6000FD882F042F0B4E94FB
S2141439A0508F4A806D00FBAA2F042F0A4E94508F16
S2141439B04A806D00FD9C264A6000FB96E68C2F0715
S2141439C02F044EB90014B488508F2800D0802A468D
S2141439D0DBC02446D5C42F0A2F064E94508F4A8037
S2141439E06D00022C2F0D2F0A4E94508F4A806F00B4
S2141439F0019E41F348002F48002C220444812F4195
S214143A0000442A4B9BC42F0B2F0D4E94508F4A8084
S214143A106D0001AE2F2F002C2F0B4E94508F4A8022
S214143A206F00011C282F0044D88E2A44DBEF004474
S214143A302F042F0D4E94508F4A806D0001302F0E98
S214143A402F044E94508F4A806E00FAEA2F0E2F0DD4
S214143A504E94508F4A806D000130280E6000FAD6BE
S214143A602F0C2F0747F90014B4AC2F072F044E93CE
S214143A70588F2E802F064EB9001434A44FEF001022
S214143A80BE856500FE9053AF0038202F0038E788B7
S214143A9041EF0088D1C02C28FFC02828FFC460003E
S214143AA0FA42202F0030221020D52AC153804A8093
S214143AB06EF4202F002CD0872F40002C7801600045
S214143AC0FC42202F0030221122D326C153804A8074
S214143AD06F00FA8C221122D326C153804A806EE6D8
S214143AE06000FA7C20056700FAC26000FEA2200877
S214143AF0E4882446221224D122C153804A806EF4CC
S214143B002A0B9A8E202F0034908B9087BA806402EA
S214143B1020054A806700FA94206F003491C0E48828
S214143B2022152AD020C153804A806F00FA7E2215AF
S214143B302AD020C153804A806EE66000FA6E2F2F7A
S214143B40002C2F0D4E94508F4A806D000094266FD3
S214143B50002C282F0044D88E2A44DBEF00442F0470
S214143B602F0D4E94508F4A806C00FED42F0E2F04C7
S214143B704E94508F4A806D00F9BC2F0E2F0D4E9424
S214143B80508F4A806D00FED4280D6000F9A82F0DC2
S214143B902F064E94508F4A806D000090244D41F3AA
S214143BA048002F48002C220444812F4100442A4BFD
S214143BB09BC42F0B2F0D4E94508F4A806C00FE56CC
S214143BC02F2F002C2F0B4E94508F4A806D00FE56CC
S214143BD02F2F002C2F0D4E94508F4A806D00FF709F
S214143BE0264D6000FE407004B08756C3488348C311
S214143BF044832207E4892F41003042AF003824075B
S214143C0044822207D2872F4100406000F8D62F0D39
S214143C102F0A4E94508F4A806D00FDD82F0D2F0614
S214143C204E94508F4A806D00FF7424466000FDC485
S214143C3048E73830266F0018246F001C322A000C10
S214143C4008010003660000C0340100420800354233
S214143C50000C4AAA00046F000118206A0028B0FC61
S214143C6000006700009A26134293202A001C0801BD
S214143C70000C67000116202A005008020002670E86
S214143C8090AA00044AAA0030670490AA003C42A7EF
S214143C902F002F2A001C2F0B4E904FEF001072FF90
S214143CA0B280660001202413322A000C781DB882D4
S214143CB0650000AE283C204000010504670000A201
S214143CC038010244F7FF3544000C42AA000424AA23
S214143CD000100801000C67064A8267000106268356
S214143CE0202A0030671841EA0040B1C0670C2F0044
S214143CF02F0B4EB900144F9A508F42AA0030700002
S214143D004CDF0C1C4E75262A001067F2241294837E
S214143D102483024100036664202A00142540000808
S214143D204A826FDA2F022F032F2A001C2F0B206AC9
S214143D3000244E904FEF00104A806F20D680948057
S214143D404A826FBA2F022F032F2A001C2F0B206AC9
S214143D5000244E904FEF00104A806EE0322A000C7A
S214143D60004100403541000C70FF4CDF0C1C4E75B2
S214143D704AAA003C6E00FEE4700060847000254081
S214143D8000084A826E9E6000FF764878000142A7BB
S214143D902F002F0B4E904FEF001072FFB280670C5F
S214143DA0342A000C206A00286000FED0221367F024
S214143DB0741DB48167067816B88166A026837000D1
S214143DC06000FF3E322A000C34010242F7FF3542EF
S214143DD0000C42AA000424AA00100801000C670074
S214143DE0FEFE254000506000FEF62F0B2F0A246FAF
S214143DF0000C266F0010B4FC000067064AAA0032B6
S214143E0067204A6B000C66087000245F265F4E75A8
S214143E102F4B00102F4A000C245F265F4EF9001417
S214143E203C302F0A4EB90014408A588F60D42F0B9A
S214143E302F0A246F000CB4FC000067442679001483
S214143E40FC36B6FC000067064AAB003267204A6AA6
S214143E50000C66087000245F265F4E752F0A2F0B21
S214143E604EB900143C30508F245F265F4E752F0BCE
S214143E704EB90014408A588F4A6A000C67D660DC24
S214143E8048790014FC2A487900143DEA487900144D
S214143E90FC3A4EB9001440B04FEF000C245F265F76
S214143EA04E7548790014FC2A4879001476BA487975
S214143EB00014FC3A4EB9001440B04FEF000C4E7587
S214143EC02F0A246F0008202A00040C80001511689D
S214143ED0670C2F002F0A4EB9001476BA508F202A7A
S214143EE000080C80001511D0670C2F002F0A4EB94D
S214143EF0001476BA508F202A000C0C800015123845
S214143F00670C2F002F0A4EB9001476BA508F245F10
S214143F104E752F0B2F0A23FC00143EA2001512A078
S214143F2047F900151168429342B90015116C42B94D
S214143F300015117042B9001511CC23FC00040000C2
S214143F400015117442B90015117842B90015117C88
S214143F5042B9001511804878000842A74879001520
S214143F6011C445F900144CFC4E9223CB0015118451
S214143F7023FC001443760015118823FC001443AE6A
S214143F800015118C23FC001444340015119023FCE6
S214143F90001444740015119442B9001511D042B996
S214143FA0001511D442B9001511D842B900151234AF
S214143FB023FC00090001001511DC42B9001511E0BC
S214143FC042B9001511E442B9001511E84878000802
S214143FD042A748790015122C4E9223FC001511D0D6
S214143FE0001511EC23FC00144376001511F023FC85
S214143FF0001443AE001511F423FC001444340015C9
S21414400011F823FC00144474001511FC42B9001571
S214144010123842B90015123C42B90015124042B982
S2141440200015129C23FC001200020015124442B91B
S2141440300015124842B90015124C42B90015125018
S2141440404878000842A74879001512944E9223FC2B
S214144050001512380015125423FC0014437600156C
S214144060125823FC001443AE0015125C23FC0014F3
S21414407044340015126023FC0014447400151264B2
S2141440804FEF0024245F265F4E75206F00044AA865
S214144090003267024E75217C00143EC000324AB9C5
S2141440A0001512A066EE4EF900143F124E754E75AA
S2141440B048E73838282F001C286F0020266F002465
S2141440C07600246B0008242B000453826B280C6A99
S2141440D00001000C63120C6AFFFF000E670A2F0A19
S2141440E02F044E948680508F45EA006851CAFFE02C
S2141440F04242538264D82653B6FC000066C420039A
S2141441004CDF1C1C4E754E56FFF848E7303C246EA8
S2141441100008242E000C266A000C4AAA00326700F7
S214144120014A2F0B2F0A4EB900143DEA508F2D7CEE
S21414413000144C76FFF84A82670820424A1066003C
S21414414000A6486EFFFC487800012F122F0A4EB9BD
S2141441500014466E26004FEF001067382F00206EAE
S214144160FFF84E902400588F672A4BF90014779264
S21414417049F9001426DE2F0B4E952F022F032F001D
S2141441802F0A4E944FEF00144A806D089480D68000
S2141441904A8266E248790014EBCE206EFFF84E9001
S2141441A02400588F6730263C0014EBCE4BF90014CD
S2141441B0779249F9001426DE2F0B4E952F022F0303
S2141441C02F002F0A4E944FEF00144A806D089480E7
S2141441D0D6804A8266E2026BEFFF000C4CEE3C0C73
S2141441E0FFE04E5E4E752F0241F900144C764E9049
S2141441F02600588F672A4BF90014779249F9001451
S21414420026DE2F0B4E952F032F022F002F0A4E94C7
S2141442104FEF00144A806D089680D4804A8366E275
S21414422048790014E3F1206EFFF84E902400588F5E
S2141442306700FF10263C0014E3F14BF90014779244
S21414424049F9001426DE2F0B4E952F022F032F004C
S2141442502F0A4E944FEF00144A806D00FEE69480A9
S214144260D6804A8266E06000FEDA2F0A4EB9001441
S214144270408A588F6000FEAC2F2F00042F3900148C
S214144280FC364EB900144106508F4E754E5600003B
S21414429020790014FC36486E000C2F2E00082F28A8
S2141442A000082F084EB9001458DC4FEF00104E5E6D
S2141442B04E754E56FFE42F0B2F0A266E0008246EFA
S2141442C0000C2F0A4EB900144C762D4AFFF02D40E0
S2141442D0FFF42D7C0014EBCEFFF872012D41FFFC89
S2141442E052802D40FFEC41EEFFF02D48FFE47002A3
S2141442F02D40FFE8246B0008588F4AAB00326748FD
S214144300202A0064322A000C0801000D66100041B1
S21414431020003541000C0240DFFF254000640800F1
S214144320000D6630486EFFE42F0A2F0B4EB90014AA
S21414433077D64FEF000C4A80661A700A246EFFDC9C
S214144340266EFFE04E5E4E752F0B4EB90014408A53
S214144350588F60AC70FF246EFFDC266EFFE04E5E56
S2141443604E752F2F00042F390014FC364EB9001446
S21414437042B2508F4E752F0A246F000C2F2F001444
S2141443802F2F0014306A000E2F082F2F00144EB94A
S2141443900014274E4FEF00104A806D08D1AA005023
S2141443A0245F4E75026AEFFF000C245F4E7548E7D3
S2141443B03820242F0014246F0018262F001C282FB2
S2141443C00020302A000C0800000866260240EFFF82
S2141443D03540000C2F4400202F43001C346A000E76
S2141443E02F4A00182F4200144CDF041C4EF90014F8
S2141443F026DE4878000242A7306A000E2F082F02E5
S2141444004EB9001424C2302A000C4FEF001002409C
S214144410EFFF3540000C2F4400202F43001C346A55
S214144420000E2F4A00182F4200144CDF041C4EF9BD
S214144430001426DE2F0A246F000C2F2F00142F2FA3
S2141444400014306A000E2F082F2F00144EB90014D3
S21414445024C24FEF001072FFB280670E006A10007D
S214144460000C25400050245F4E75026AEFFF000CC6
S214144470245F4E75206F00083068000E2F48000821
S2141444804EF9001427AE48E72030206F0010226F34
S2141444900014202F00187203B2806424264824497E
S2141444A02209240882827403C2826634224A204B6C
S2141444B0B78A662C59807203B28065F0204B224A64
S2141444C02440538A4A80671245F0A801101812191E
S2141444D0B2006616B5C866F470004CDF0C044E7550
S2141444E02440538A45F0A80160E20280000000FFD1
S2141444F00281000000FF90814CDF0C044E7548E7E3
S2141445003038202F0018206F001C222F0020B1C036
S214144510642043F01800B08964184A81670E264058
S21414452045F318FF14A1538AB3C866F84CDF1C0C65
S2141445304E75740FB4816400009624088480760344
S214144540C48366000098387CFFF0D9C1240C76F03A
S214144550C483284249EC001043F40800264824403B
S2141445602493256B00040004256B0008000847EB11
S214144570001045EA0010256BFFFCFFFCB3CA66E08A
S214144580D1CC740FC481760CC681675C2649244846
S21414459026DA284299CA49F0C8007603B68C65F024
S2141445A0C283598276FCC4835882D3C2D1C22401F2
S2141445B053824A816700FF7645F0280112D8B5C8A1
S2141445C06700FF6A12D8B5C866F26000FF60224022
S2141445D0240153824A8166E06000FF52240153820C
S2141445E0224045F0280160D42202240153824A81D5
S2141445F066C66000FF382F0A206F0008226F000C72
S2141446002008220980817203C08166242010B0918C
S214144610661E22000681FEFEFEFF4680C0810280D2
S214144620808080806638588858892010B09167E258
S214144630101067302449224AB01A66145288101093
S21414464066F4224A7000720012119081245F4E752F
S2141446500280000000FF72001211908160EE70005C
S214144660245F4E75700072001211908160DE202F48
S21414467000080C800000008E6200012C2200D281FB
S214144680323B18064EFB100203BA03B203AA03A267
S214144690039A0392038A0382037A0372036A0362F9
S2141446A0035A0352034A011E0342033A0332032AEF
S2141446B00322031A0312030A030202FA02F202EA9C
S2141446C002E202DA02D202CA02C202BA02B202AA91
S2141446D002A2011E011E011E011E011E011E011E44
S2141446E0011E029A0292011E011E011E011E011EC7
S2141446F0011E011E011E011E011E011E011E011EA9
S214144700028A0282027A0272011E011E011E026AC7
S214144710011E011E011E0262011E011E025A011E06
S214144720011E0252011E011E011E011E011E011E43
S214144730011E011E011E011E024A011E0242023AF9
S2141447400232011E011E022A011E011E011E011E36
S214144750011E011E011E011E0222021A0212020A64
S214144760020201FA011E01F201EA01E201DA01D2A3
S21414477001CA01C201BA01B201AA01A2019A0192A8
S214144780011E018A0182017A0172011E011E011E98
S214144790011E011E016A011E011E011E0162015A3C
S2141447A00152014A01424AAF0010670002A62F2F99
S2141447B000102F2F00102F004EB900144C564FEF38
S2141447C0000C4A80670002844E75203C0014F46284
S2141447D04E75203C0014F44C4E75203C0014F439ED
S2141447E04E75203C0014F4984E75203C0014F1B914
S2141447F04E75203C0014F0FF4E75203C0014F40552
S2141448004E75203C0014F41D4E75203C0014F042E6
S2141448104E75203C0014F3CE4E75203C0014F25412
S2141448204E75203C0014F4BE4E75203C0014EF1F49
S2141448304E75203C0014EEEA4E75203C0014EFDF53
S2141448404E75203C0014F0D34E75203C0014EFD265
S2141448504E75203C0014F4CF4E75203C0014F01E08
S2141448604E75203C0014F1D84E75203C0014F3E429
S2141448704E75203C0014F3B74E75203C0014F38B91
S2141448804E75203C0014F3744E75203C0014F355FA
S2141448904E75203C0014F3364E75203C0014F30677
S2141448A04E75203C0014F2E44E75203C0014F39E22
S2141448B04E75203C0014F4764E75203C0014F2CC51
S2141448C04E75203C0014F2B14E75203C0014F29D37
S2141448D04E75203C0014F2844E75203C0014F27879
S2141448E04E75203C0014F2654E75203C0014F245BB
S2141448F04E75203C0014F22D4E75203C0014F2190F
S2141449004E75203C0014F2044E75203C0014F2FE42
S2141449104E75203C0014F1F74E75203C0014F1EF50
S2141449204E75203C0014F1CF4E75203C0014F1A6B1
S2141449304E75203C0014F18B4E75203C0014F17A11
S2141449404E75203C0014F14B4E75203C0014F13F7C
S2141449504E75203C0014F1304E75203C0014F11AAC
S2141449604E75203C0014F10D4E75203C0014F0E7F3
S2141449704E75203C0014F0C44E75203C0014F0B55F
S2141449804E75203C0014F09E4E75203C0014F07EAC
S2141449904E75203C0014F0604E75203C0014F00D4B
S2141449A04E75203C0014EFFE4E75203C0014EFC2EA
S2141449B04E75203C0014EFB34E75203C0014EFA146
S2141449C04E75203C0014EF954E75203C0014EF7D78
S2141449D04E75203C0014EF714E75203C0014EF5FAA
S2141449E04E75203C0014EF4E4E75203C0014EF3CE0
S2141449F04E75203C0014EF134E75203C0014EF0344
S214144A004E75203C0014EED84E75203C0014EEC6AD
S214144A104E75203C0014EEAC4E75203C0014EEA2ED
S214144A204E75203C0014EE8A4E75203C0014EE7A27
S214144A304E75203C0014EE604E75203C0014EE5665
S214144A404E75203C0014EE4E4E75203C0014EBCFF1
S214144A504E752F6F000400102F2F00102F2F0010EC
S214144A602F004EB900144C564FEF000C4A806600C7
S214144A70FD5860D648E73030206F0014226F0018B7
S214144A80202F001C673E2608244922082409828207
S214144A907403C282673612101411B401666C740162
S214144AA0B480672026484A01671A52885289121021
S214144AB01411B40166542400948845F328FFB4FCFA
S214144AC0000066E270004CDF0C0C4E75B48064C6B1
S214144AD0224A204322105883B29A6624598067E4E7
S214144AE024010682FEFEFEFF4681C2820281808079
S214144AF0808066D07203B28065D62043224A6096C0
S214144B00121014112648B202679C7000100102821B
S214144B10000000FF90824CDF0C0C4E7548E73820DE
S214144B20202F0014246F0018222F001C204A240A59
S214144B3084807603C48322406604B681651C4A8149
S214144B406712260153832049141A10C26736224866
S214144B50220366EE4CDF041C4E7524482610588833
S214144B6024030682FEFEFEFF28034684C4840282C3
S214144B708080808066C8598122C37403B48165DA44
S214144B80244860BAD3C14A8367CA4218B3C867C4F4
S214144B904218B3C866F460BC48E7203C202F0018BF
S214144BA0242F001C246F00204A8067702840121C93
S214144BB04881364120421218488132414A416718CA
S214144BC0B3CB66F24AAF00246764200C2840121C4C
S214144BD048813641204260DEB6FC0000674A2A4C03
S214144BE0121D488136412242121948813041B1CBF8
S214144BF06714B0FC000066F0284D2A4C121D48813C
S214144C003641224260E2B6FC0000660A9BCD248D33
S214144C104CDF3C044E754214248D60F42012668CCE
S214144C2070004CDF3C044E754292700060F4248C85
S214144C30204042104CDF3C044E75487800012F2F5C
S214144C4000102F2F00102F2F00104EB900144B9861
S214144C504FEF00104E7570004E7520390014FC3658
S214144C604E75202F0004206F000822407200464123
S214144C7012D866FC4E75222F0004204170FF4A1885
S214144C8066FC91C1200853804E750000206F000406
S214144C90226F0008222F000C0C810000000865000B
S214144CA0005020080280000000036600004420091B
S214144CB00280000000036600003820010281000014
S214144CC00003E6886400000420D9E2886400000E1D
S214144CD06000000620D920D920D920D951C8FFF663
S214144CE00480000100006A00FFEC6000000410D984
S214144CF051C9FFFC202F00044E750000206F0004DD
S214144D00202F0008222F000C0C81000000106500D4
S214144D1000542F021400E188100234004840300278
S214144D202408448202820000000367000014928262
S214144D30E28A6400000410C0E28A6400000430C0F2
S214144D402401E48A538220C051CAFFFC0482000165
S214144D5000006A00FFF2028100000003241F6000B6
S214144D60000410C051C9FFFC202F00044E752F03F9
S214144D702F02222F000C207900151434B0FC0000EA
S214144D80674C20280004741FB4806D704A81672213
S214144D902240D3C0D3C943F09800236F0014008870
S214144DA07401E1AA85A80188236F001801085581AB
S214144DB0672E22005281214100045480D080D08076
S214144DC021AF001008007000241F261F4E7523FC08
S214144DD0001512A40015143441F9001512A460A28B
S214144DE085A8018C22005281214100045480D08071
S214144DF0D08021AF00100800700060CC70FF241F14
S214144E00261F4E7548E73E302A2F0020262F0024F2
S214144E102679001514347801B6FC0000675A202B46
S214144E200004240053826B505280D080D08045F307
S214144E3008004A8366482052202B00045380B4800E
S214144E4067704292B0FC000067222C2B00042004EA
S214144E50E5A82200C2AB018866444E90203900159E
S214144E601434BCAB0004662EB7C0662A598A51CADD
S214144E70FFC24242538264BA4CDF0C7C4E75B6AA0B
S214144E80010067B2598A51CAFFF64242538264EE51
S214144E904CDF0C7C4E754A8067DE26406080222AE2
S214144EA00080C0AB018C66102F012F054E90508FDA
S214144EB060AA27420004608C2F014E90588F609C85
S214144EC048E73820262F00142F034EB90014322C2E
S214144ED020790014F82A78FCC8A800042404068252
S214144EE000000FEF94AF001C0242F0000682FFFF92
S214144EF0F000588F0C8200000FFF6F1A42A72F0382
S214144F0045F9001423B84E9222390014F82AD28494
S214144F10508FB28067122F034EB90014322E588F5A
S214144F2070004CDF041C4E75200244802F002F03A3
S214144F304E92508F52806728988220790014F82A4F
S214144F40720182842141000495B9001511342F038F
S214144F504EB90014322E588F70014CDF041C4E7557
S214144F6042A72F034E9220790014F82A2200928822
S214144F70508F740FB4816C9E90B90014F81A23C025
S214144F800015113470018081214000042F034EB99E
S214144F900014322E588F7000608848E73030242F63
S214144FA00014246F0018B4FC00006700013A2F02A6
S214144FB04EB90014322C41EAFFF8262AFFFC70FE84
S214144FC0C08343F0080072FCC2A90004588FB3F9DA
S214144FD00014F82A670001742341000447F11800EE
S214144FE008030000667C262AFFF891C3D083246841
S214144FF000087601C6AB0004B5FC0014F82A670056
S21414500001182668000C254B000C274A00084A8312
S214145010670000DA720182802141000422800C802D
S214145020000001FF6258E6882600E4837201E7A9AF
S21414503083B90014F826E7882240D3FC0014F82A13
S214145040245147E9FFF8214B000C214A0008228816
S2141450502548000C2F4200144CDF0C0C4EF900149B
S214145060322E082B00000007670000827601868027
S2141450702543FFFC22800C80000001FF63A8220059
S2141450807609E6A97604B681650001162200EC8935
S214145090224145E9003843E900392209E7892241CB
S2141450A0D3FC0014F82247E9FFF82251B3CB67006B
S2141450B0012672FCC2A90004B081640822690008A3
S2141450C0B3CB66EE2669000C214B000C2149000870
S2141450D0274800082348000C2F4200144CDF0C0C01
S2141450E04EF90014322E4CDF0C0C4E75D081246908
S2141450F00008B5FC0014F82A670001202269000C89
S2141451002549000C234A00087201828021410004BC
S214145110218008006000FF084A83660001B8D28028
S214145120246900082269000C2549000C234A00084B
S2141451307601868121430004218118002F42001431
S2141451404CDF0C0C4EF90014322ED28008030000EB
S2141451506618202AFFF891C0D2802268000C2468B2
S21414516000082549000C234A00087001808121405C
S214145170000423C80014F82AB2B90014F81E6500F7
S214145180FED42F39001511642F024EB900144EC0E8
S214145190508F2F4200144CDF0C0C4EF90014322E94
S2141451A07614B68164527654B6816500009C22004B
S2141451B0760CE6A9224145E9006E43E9006F220900
S2141451C0E7892241D3FC0014F82247E9FFF822515C
S2141451D0B3CB6600FEDE200AE4807201E1A983B92F
S2141451E00014F826214B000C214900082748000813
S2141451F02348000C6000FEE2347C005BD5C1765C6C
S214145200D283E7892241D3FC0014F82247E9FFF839
S2141452102251B3CB6600FE9C60BC23C80014F8363B
S21414522023C80014F832214A000C214A00087601DB
S214145230868021430004218008002F4200144CDF8E
S2141452400C0C4EF90014322E0C8100000154622C02
S2141452502200760FE6A9224145E9007743E9007853
S2141452602209E7892241D3FC0014F82247E9FFF803
S2141452702251B3CB6600FE3C6000FF5C0C8100003C
S2141452800554622E220042414841E449224145E930
S214145290007C43E9007D2209E7892241D3FC0014EF
S2141452A0F82247E9FFF82251B3CB6600FE066000E9
S2141452B0FF26223C000003F8347C007E2241D3FCF7
S2141452C00014F82247E9FFF82251B3CB6600FDE438
S2141452D06000FF04720182802141000422802F4264
S2141452E000144CDF0C0C4EF90014322E598F48E77C
S2141452F0383E286F0028246F002C2A6F0030B4FC28
S2141453000000670001902F0C4EB90014322C47EAA7
S214145310FFF8282AFFFC74FCC48441ED000B588F58
S2141453207016B088640000EE260872F8C681B0FCC9
S21414533000006D0000E8B68D650000E2B6826F00CE
S21414534000FE41F3280020280004B1F90014F82ABE
S2141453506700018672FEC2800830000018076600D7
S214145360011472FCC0812202D280B2836C0000BE8B
S2141453700804000066202C4B9DEAFFF872FCC2AEAF
S2141453800004D0812800D882B8836C00026CD282C4
S214145390B2836C0001F82F0D2F0C4EB9001429EAB5
S2141453A02A40508F4A80670003E070FEC0AAFFFCB4
S2141453B0D08B220D5181B280670002A459827224C8
S2141453C0B282650002A67813B882640002162A9286
S2141453D02B6A00040004701BB082650002B843EA0E
S2141453E0000841ED00082091216900040004216999
S2141453F0000800082F0A2F0C4EB900144F9A2F0CD1
S2141454004EB90014322E4FEF000C200D4CDF7C1CCE
S214145410588F4E757610B68D6400FF22780C28844B
S2141454209BCD200D4CDF7C1C588F4E752268000CCB
S214145430206800082149000C234800082401200293
S21414544090837201C2AB000441F32800780FB88031
S2141454506556828227410004700181A800042F0C2F
S2141454604EB90014322E588F2A4A200D4CDF7C1C5D
S214145470588F4E75080400006600FF1C2C4B9DEADE
S214145480FFF872FCC2AE0004D282B2836D00FF082D
S214145490600000FA2F4D002C2F4C00284CDF7C1C8B
S2141454A0588F4EF9001429EA8283274100047201AA
S2141454B0828027813804780189A800044873380844
S2141454C02F0C4EB900144F9A508F2F0C4EB900144F
S2141454D0322E588F2A4A609272FCC0812200D282E1
S2141454E0307C0010D1C3B1C16F00020E0804000056
S2141454F06600FEA42C4B9DEAFFF872FCC2AE0004B4
S214145500D0812800D882B8886D00FE84206E000CE6
S214145510226E00082348000C214900084BEE0008B0
S21414552059827024B082650002D87213B282640065
S21414553002BC2D5200082D6A0004000C701BB082A9
S21414554065000322508A41EE00102092216A00045E
S2141455500004216A0008000841F6380023C8001425
S214145560F82A988370018084214000047001C0AE2C
S214145570000480832D4000042F0C4EB90014322EE4
S214145580588F200D4CDF7C1C588F4E75206E000CE7
S214145590226E00082348000C21490008280E508467
S2141455A059827024B0826500012E7013B082640094
S2141455B001122D5200082D6A0004000C701BB082D4
S2141455C065000198508A41EE00102092216A00046A
S2141455D00004216A0008000824442401264E6000B2
S2141455E0FE5E204D224A20912169000400042169A0
S2141455F0000800086000FDFE2268000C2068000801
S2141456002149000C23480008206E000C226E000866
S2141456102348000C2149000847EE000859827224DA
S214145620B2826500011C7013B082640001002D5212
S21414563000082D6A0004000C721BB28265000180FB
S214145640508A41EE00102092216A00040004216A58
S21414565000080008244B2404264E6000FDE270FC6B
S214145660C0ADFFFCD4806000FDD62F022F0A2F0D8C
S2141456704EB9001444FE4FEF000C2F0A2F0C4EB9EF
S21414568000144F9A2F0C4EB90014322E4FEF000C04
S2141456906000FD782B6A000800082B6A000C000CCA
S2141456A07224B282670000F243EA001041ED001043
S2141456B02091216900040004216900080008600094
S2141456C0FD3420442092216A00040004216A000854
S2141456D000086000FF042F022F0A2F042F41002C0D
S2141456E04EB9001444FE4FEF000C222F0020244421
S2141456F02401264E6000FD48D7C323CB0014F82A95
S214145700928378018881274400047001C0AAFFFCA4
S21414571080832540FFFC2F0C4EB90014322E588F70
S2141457202A4A200D4CDF7C1C588F4E75204B209235
S214145730216A00040004216A000800086000FF16AD
S2141457402F022F0A2F0B4EB9001444FE4FEF000CF5
S214145750244B2404264E6000FCE62D6A0008001034
S2141457602D6A000C00147024B082670000D245EA3B
S214145770001041EE00182092216A00040004216AE9
S214145780000800086000FE522F0C4EB90014322E8A
S214145790588F9BCD6000FC8C2B6A0010001043EAD7
S2141457A0001841ED00182B6A00140014209121698A
S2141457B0000400042169000800086000FC382D6A03
S2141457C0000800102D6A000C00147024B0826700C4
S2141457D000C045EA001041EE00182092216A000429
S2141457E00004216A000800086000FE6A204D20921A
S2141457F0216A00040004216A000800086000FD5AAB
S2141458002F022F0A2F0D4EB9001444FE4FEF000C32
S21414581041F6380023C80014F82A9883700180844F
S214145820214000047001C0AE000480832D400004A3
S2141458302F0C4EB90014322E588F6000FD462D6A78
S2141458400010001841EE00202D6A0014001C45EAD2
S21414585000182092216A00040004216A0008000837
S2141458606000FD762D6A000800102D6A000C0014E6
S2141458707224B282674045EA001041EE0018209266
S214145880216A00040004216A000800086000FCCAAB
S2141458902D6A0010001841EE00202D6A0014001C1A
S2141458A045EA00182092216A00040004216A0008C0
S2141458B000086000FDA02D6A0010001841EE0020BC
S2141458C02D6A0014001C45EA00182092216A000470
S2141458D00004216A000800086000FC7E4E56FF2073
S2141458E048E73F3C2D6E0008FF302D6E000CFF2C51
S2141458F02D6E0010FF282D6E0014FF382F2EFF304B
S2141459004EB900147D5020402D50FF502F2EFF50BE
S2141459104EB900144C762D40FF4C508F4AAEFF30D3
S214145920670C226EFF304AA9003267001198206E69
S214145930FF2C202800643228000C0801000D661085
S214145940004120003141000C0240DFFF214000647A
S2141459500800000D6600189C206EFF2C3028000CE2
S21414596008000003670001DE4AA80010670001D68D
S2141459700240001A0C40000A6700049043EEFFC071
S2141459802D49FF8C42AEFF9442AEFF9042AEFF40CC
S21414599042AEFF4442AEFF482D49FF24284942AE8A
S2141459A0FF5842AEFF5442AEFF342D6EFF28FF2040
S2141459B0226EFF20101167000226246EFF200C00B2
S2141459C00025670001C4528A101266F2264A97EE22
S2141459D0FF20B5EEFF206700020628AEFF20294BF5
S2141459E00004200BD1AEFF94202EFF9052802D4041
S2141459F0FF907207B2806D0001BE508C240BD5AE9A
S214145A00FF341012670001D8528A422EFF7174FFB9
S214145A1076007C002D4AFF28206EFF2852AEFF2801
S214145A2010184880364041EBFFE07058B088650087
S214145A3001D22008D080303B08064EFB000209260F
S214145A4001C401C4091001C401C401C401C401C4C1
S214145A5001C4086408F801C40874088A01C408E07C
S214145A6000B200B200B200B200B200B200B200B28D
S214145A7000B201C401C401C401C401C401C401C4F8
S214145A8001C401C401C407C202D601C402D601C4AB
S214145A9001C401C401C4097C01C401C409E601C4DB
S214145AA001C401C401C401C4099201C401C410DCB8
S214145AB001C401C401C401C401C401C401C401C4A5
S214145AC001C401C40946074802D602D602D60A0201
S214145AD0074801C401C4013401C40AF80ACC0AA058
S214145AE0013401C40A4401C40A1801C401C4112CA7
S214145AF0760041EBFFD02003D083D080D680D683A7
S214145B00D688206EFF2852AEFF28101848803640DC
S214145B1041EBFFD07009B0886500FF0C2003D083DA
S214145B20D080D680D683D688206EFF2852AEFF2823
S214145B3010184880364041EBFFD07009B08864B620
S214145B406000FEE42F2EFF2C2F2EFF304EB90014CB
S214145B507B8C508F4A806600169A226EFF2C302952
S214145B60000C0240001A0C40000A6600FE1060008A
S214145B70029A7A108C85206EFF2852AEFF281018D1
S214145B80488036406000FEA0264A97EEFF20B5EE09
S214145B90FF206700FE6E28AEFF20294B0004200B62
S214145BA0D1AEFF94202EFF9052802D40FF907207A6
S214145BB0B2806C00FE46486EFF8C2F2EFF2C2F2EC4
S214145BC0FF304EB9001476844FEF000C4A806616E8
S214145BD049EEFFC0240BD5AEFF346000FE264AAE55
S214145BE0FF94660015B2206EFF2C08280006000DE0
S214145BF066001600202EFF344CEE3CFCFEF84E5E7B
S214145C004E752D6EFF28FF20B6FC000067D0340BAF
S214145C101D42FF98422EFF7178012D44FF287A0109
S214145C207E98DE8E2806740042AEFF3C9BCD7C7BAD
S214145C304606CC84246EFF94660E224393EEFF2809
S214145C40B2FC00006E0004304A2EFF71672641EE47
S214145C50FF712888700129400004528A2D4AFF9447
S214145C60202EFF9052802D40FF907207B2806D0058
S214145C700AF6508CBAFC0000672641EEFF7228889C
S214145C80700229400004548A2D4AFF94202EFF9057
S214145C9052802D40FF907207B2806D000A98508C87
S214145CA00C8600000080670001922A429BC5BAFC4D
S214145CB000006E00021808040008660002782887A0
S214145CC029450004D5C52D4AFF94202EFF905280F6
S214145CD02D40FF907A07BA806D00034C508C080450
S214145CE00002670E2A439BEEFF28BAFC00006E00E3
S214145CF0040AB6AEFF286C04262EFF28D7AEFF344F
S214145D00B4FC00006600034842AEFF9049EEFFC0A4
S214145D106000FC9E2D6EFF28FF2008060003670017
S214145D200D90246EFF389FFC0000000C2E9A2F5AFC
S214145D3000042F5A00084EB90014D22A4FEF000C54
S214145D40204022412D48FF442D49FF482D4AFF3854
S214145D50202EFF440880001F2D40FF602D6EFF4844
S214145D60FF64283C7FEFFFFF7AFF45F90014CC341C
S214145D702F052F042F2EFF642F2EFF604E924FEF09
S214145D8000104A8066000FF82F052F042F2EFF648C
S214145D902F2EFF604EB90014C0604FEF00104A80DB
S214145DA06F000FDC42A742A72F2EFF482F2EFF446A
S214145DB04EB90014C03C4FEF00104A806D0011FC21
S214145DC0122EFF713A417447B48B6D0011D22E3CDB
S214145DD00014F4E478804604C8867A032D45FF2818
S214145DE0740042AEFF3C320D4A01670452AEFF28DF
S214145DF07002C0842A40080400016700FE3254AEC4
S214145E00FF283A7C00026000FE26206EFF2C4A68AB
S214145E10000E6D00FB682D6EFF3800142D6EFF28E3
S214145E2000102D48000C2D6EFF3000084CEE3CFC84
S214145E30FEF84E5E4EF9001475E02A439BEEFF28DA
S214145E40BAFC00006F00FE64202EFF907210B28D14
S214145E506C4E7C8CDC8E204C28452A03224A244225
S214145E60242EFF30262EFF2C20BC0014F51D721095
S214145E702141000443E900102D49FF9452802D401F
S214145E80FF907207B2806D00077A50884BEDFFF0D2
S214145E907210B28D6DD22605240A2A0C284824497D
S214145EA028BC0014F51D294D0004D5CD2D4AFF94A9
S214145EB052802D40FF907207B2806D000FCE508C2A
S214145EC02A429BC5BAFC00006F00FDEC202EFF9002
S214145ED07410B48D6C36242EFF302C2EFF2C28BC58
S214145EE00014F51D72102941000445EA00102D4ACD
S214145EF0FF9452802D40FF907207B2806D00066E9C
S214145F00508C4BEDFFF07210B28D6DD228BC00147D
S214145F10F51D294D0004D5CD2D4AFF9452802D40F1
S214145F20FF907407B4806D000A4E508C0804000865
S214145F306700FD8C7065B08B6C0006FA42A742A70A
S214145F402F2EFF482F2EFF444EB90014BFD04FEF0C
S214145F5000104A806600083828BC0014DAAA7201B9
S214145F6029410004528A2D4AFF94202EFF90528015
S214145F702D40FF907407B4806D000EDC508C2A2ED2
S214145F80FF40BAAEFF746F000A8A28AEFF50296E1F
S214145F90FF4C0004D5EEFF4C2D4AFF94202EFF90A4
S214145FA052802D40FF907E07BE806D000B46508CAD
S214145FB02A6EFF40538DBAFC00006F00FD22202E7F
S214145FC0FF907210B28D6C40748CD48E47F9001406
S214145FD076842A2EFF302C2EFF2C28BC0014F51D98
S214145FE07E102947000445EA00102D4AFF9452807B
S214145FF02D40FF907207B2806D000C76508C4BEDDE
S214146000FFF07E10BE8D6DD228BC0014F51D294DF0
S2141460100004D5CD2D4AFF9452802D40FF90720770
S214146020B2806C00FCB8486EFF8C2F2EFF2C2F2EDF
S214146030FF304EB9001476844FEF000C4A80660089
S214146040FBA6246EFF9449EEFFC06000FC92486ED7
S214146050FF8C2F2EFF2C2F2EFF304EB90014768473
S2141460604FEF000C4A806600FB7E42AEFF9049EE6E
S214146070FFC06000F93C202EFF907210B2896C5657
S2141460802D42FF5C204C28452A03220A2449242E3C
S214146090FF30262EFF2C224120BC0014F52D721042
S2141460A02141000443E900102D49FF9452802D40ED
S2141460B0FF907207B2806D0004E8508845EAFFF03E
S2141460C07210B28A6DD22605242EFF5C2A0C28483C
S2141460D02209224A244128BC0014F52D294900041B
S2141460E0D5C92D4AFF9452802D40FF907207B28076
S2141460F06D000C64508C6000FB50202EFF907210C4
S214146100B28D6C40748CD48E47F900147684282E85
S214146110FF302A2EFF2C28BC0014F52D7E1029479C
S214146120000445EA00102D4AFF9452802D40FF903B
S2141461307207B2806D00049E508C4BEDFFF07E10FB
S214146140BE8D6DD228BC0014F52D294D0004D5CD76
S2141461502D4AFF9452802D40FF907207B2806C0037
S214146160FB92486EFF8C2F2EFF2C2F2EFF304EB92D
S214146170001476844FEF000C4A806600FA6A246E88
S214146180FF946000FB6E2D6EFF28FF20206EFF38F4
S21414619058AEFF382018080600046678080600066D
S2141461A0677248C02A006B70122EFF713A414A82F9
S2141461B06D0000D478804604C8864A80660000C6FF
S2141461C070014A82660002264A806600072A7A010F
S2141461D0CA8608060000670008D01D7C0030FFBF82
S2141461E07EBFDE8E2D42FF28BA826F042D45FF280F
S2141461F042AEFF3C320D4A016600FBF26000FBF231
S2141462002D6EFF28FF2078108C84206EFF3858AE31
S214146210FF3820182A006A902A0044853A7C002DFC
S2141462207001380D1D44FF714A826D0C7880460447
S214146230C8864A85678C2C047E01BE8067485580C4
S214146240670001BE7EC041F67800220810050200E1
S2141462500007060000301100E68D66EE2E080806CC
S2141462600000670001B40C000030670001AC5581D3
S214146270117C0030FFFF2A2EFF249A8128062E0157
S2141462806000FF622C047009B085650007B6060529
S21414629000301D45FFBF28067A017EBFDE8E6000E3
S2141462A0FF44206EFF3826186A0007E844832D48FA
S2141462B0FF3872048C81206EFF2852AEFF28101807
S2141462C0488036406000F760206EFF2852AEFF28E4
S2141462D01018488036400C40002A670007AC41EB83
S2141462E0FFD074007009B0886500F73C2002D08295
S2141462F0D080D082D0802400D488206EFF2852AE5E
S214146300FF2810184880364041EBFFD07009B0883B
S21414631064DA4A826C00F71074FF6000F70A727F22
S21414632046018C81206EFF2852AEFF281018488034
S21414633036406000F6F21D7C002BFF71206EFF289D
S21414634052AEFF281018488036406000F6DA700106
S2141463508C80206EFF2852AEFF28101848803640D6
S2141463606000F6C44A2EFF716600F6AE1D7C00204F
S214146370FF71206EFF2852AEFF2810184880364052
S2141463806000F6A42D6EFF28FF20206EFF382248EA
S21414639058881D690003FF98422EFF712D48FF3858
S2141463A072012D41FF287A017E98DE8E280674002D
S2141463B042AEFF3C9BCD6000F87672088C81206E4E
S2141463C0FF2852AEFF281018488036406000F65852
S2141463D02D6EFF28FF2078108C84206EFF3858AE60
S2141463E0FF382A1870019BCD6000FE387A01BA80F7
S2141463F067000EFE7E022C047A00BE806600FE46FF
S2141464007EC0226EFF5841F67800700FC085113199
S2141464100800E88D66F42E082A2EFF249A8728068C
S2141464206000FDC22D6EFF28FF2070108C80206E39
S214146430FF3858AEFF382A1870009BCD6000FDE474
S21414644078408C84206EFF2852AEFF28101848809F
S21414645036406000F5D22D6EFF28FF20206EFF38E0
S21414646058AEFF382A18080600046600FF78080697
S21414647000066700FF7002850000FFFF70016000D1
S214146480FF662D6EFF28FF20246EFF382E1A422E2C
S214146490FF714A87670006E44A826D0007782F0268
S2141464A042A72F074EB900147CB44FEF000C4A8055
S2141464B067000EC62A009A87102EFF713A402D45A3
S2141464C0FF286B00076A2D4AFF382806740042AE70
S2141464D0FF3C320D4A016600F9146000F9142D6E63
S2141464E0FF28FF20206EFF382A1870028C803D7C0F
S2141464F03078FF722D48FF382D7C0014F505FF58B0
S214146500367C00789BCD6000FD1A2D6EFF28FF2088
S214146510226EFF3858AEFF382A19080600046600A3
S214146520FF18080600066700FF1002850000FFFF2C
S21414653070006000FF062D6EFF28FF20080600047A
S2141465406618080600066712226EFF38205130AE11
S214146550FF3658AEFF386000F458226EFF382051CC
S21414656020AEFF3458AEFF386000F446486EFF8CF9
S2141465702F062F024EB9001476844FEF000C4A8073
S2141465806600F664246EFF94202EFF9049EEFFC03A
S2141465904BEDFFF07210B28D6D00F9446000F96E89
S2141465A0486EFF8C2F032F024EB9001476844FEFDB
S2141465B0000C4A806600F630226EFF94202EFF9060
S2141465C041EEFFC045EAFFF07210B28A6D00FACAB7
S2141465D06000FAF42F022F052F044E934FEF000C91
S2141465E04A806600F602246EFF94202EFF9049EE31
S2141465F0FFC04BEDFFF07E10BE8D6D00FB1A6000E1
S214146600FB442F062F032F024EB9001476844FEF47
S214146610000C4A806600F5D0226EFF94202EFF9060
S21414662041EEFFC04BEDFFF07210B28D6D00F83ADC
S2141466306000F864528A242EFF90528247EC0008B9
S2141466407A01BAAEFF406C0000A428877001294076
S21414665000042D4AFF942D42FF907207B2826D00FB
S214146660033E26AEFF50276EFF4C0004D5EEFF4CBB
S2141466702D4AFF9452822D42FF907A07BA826D00FB
S2141466800366508B2A6EFF40538D42A742A72F2EC7
S214146690FF482F2EFF444EB90014BFF44FEF0010DE
S2141466A04A806700025C528252872687274D000470
S2141466B0D5CD2D4AFF942D42FF907E07BE826D4A9B
S2141466C0508B41EEFF7C2688276EFF540004D5EECF
S2141466D0FF542D4AFF9452822D42FF907007B082C9
S2141466E06D00F94449EB00086000F5F40804000056
S2141466F06600FF5828877A01294500042D4AFF941E
S2141467002D42FF907E07BE826CB8486EFF8C2F2EEB
S214146710FF2C2F2EFF304EB9001476844FEF000C4A
S2141467204A806600F4C2246EFF94242EFF9047EE2F
S214146730FFC0608E486EFF8C2F2EFF2C2F2EFF303E
S2141467404EB9001476844FEF000C4A806600F49815
S214146750246EFF9449EEFFC00C860000008066008D
S214146760F54A6000F6D6486EFF8C2F2EFF2C2F2E7F
S214146770FF304EB9001476844FEF000C4A80660042
S214146780F466246EFF9449EEFFC06000F4E8222EEF
S214146790FF746F000540242EFF40B4AEFF3C6E001D
S2141467A003324A826F20288729420004D5C22D4A14
S2141467B0FF94202EFF9052802D40FF907207B280D7
S2141467C06D000B46508C4A826D0003142A6EFF3CF3
S2141467D09BC2BAFC00006E0003C8222EFF74B2AE31
S2141467E0FF406D0608040000672628AEFF50296E89
S2141467F0FF4C0004D5EEFF4C2D4AFF94202EFF903C
S21414680052802D40FF907A07BA806D000AB8508CDB
S214146810202EFF409081242EFF4094AEFF3CB08281
S2141468206C0224004A826F24DEAEFF3C288729427D
S2141468300004D5C22D4AFF94222EFF9052812D417A
S214146840FF907E07BE816D000AEE508C4A826D0062
S21414685003BE2A409BC2BAFC00006F00F482202EAE
S214146860FF907210B28D6C00F7A0748CD48E47F91A
S214146870001476842A2EFF302C2EFF2C28BC0014ED
S214146880F51D7E102947000445EA00102D4AFF9492
S21414689052802D40FF907207B2806D2E508C4BEDB7
S2141468A0FFF07E10BE8D6C00F76028BC0014F51D3A
S2141468B07E102947000445EA00102D4AFF945280A2
S2141468C02D40FF907207B2806CD22F022F062F0530
S2141468D04E934FEF000C4A806600F30C246EFF9420
S2141468E0202EFF9049EEFFC04BEDFFF07E10BE8DBC
S2141468F06DB86000F7147A007EC0DE8E6000F8E68D
S2141469007001B0AEFF406C00FDBA7211B2AEFF401B
S2141469106C407A8CDA8E49F9001476842C2EFF306B
S2141469202E2EFF2C26BC0014F51D701027400004D4
S21414693045EA00102D4AFF9452822D42FF907207AA
S214146940B2826D0002FE508B4BEDFFF07010B08DCE
S2141469506DD226BC0014F51D274D0004D5CD2D4A46
S214146960FF9452822D42FF907207B2826D00FD9CF6
S214146970508B6000FD4E486EFF8C2F2EFF2C2F2E52
S214146980FF304EB9001476844FEF000C4A80660030
S214146990F256246EFF9449EEFFC06000F31A486E58
S2141469A0FF8C2F2EFF2C2F2EFF304EB9001476841A
S2141469B04FEF000C4A806600F22E246EFF94242EAD
S2141469C0FF9047EEFFC026AEFF50276EFF4C000424
S2141469D0D5EEFF4C2D4AFF9452822D42FF907A0733
S2141469E0BA826C00FC9E486EFF8C2F2EFF2C2F2E26
S2141469F0FF304EB9001476844FEF000C4A806600C0
S214146A00F1E6246EFF94242EFF9047EEFFC060003C
S214146A10FC74080400006700F2C628AEFF50296E06
S214146A20FF4C0004D5EEFF4C2D4AFF94202EFF9009
S214146A3052802D40FF907E07BE806C00F572600079
S214146A4000B27EC045F90014B4AC280B47F67800A3
S214146A504878000A2F054EB90014B538508F060032
S214146A60003017002E054878000A2F054E92508FD6
S214146A702A007209B28765D82E0B26442A2EFF24C4
S214146A809A8728066000F75E206EFF3824186A027C
S214146A9074FF2D48FF38206EFF2852AEFF281018BA
S214146AA0488036406000EF807EC0DE8E6000F73689
S214146AB0206EFF382D58FF442D58FF482D48FF38B8
S214146AC06000F28E2F094EB90014408A588F600069
S214146AD0EE5E242EFF3C6E00FCCE6000FCEA7400D2
S214146AE02A6EFF3C9BC2BAFC00006F00FCEE6000EE
S214146AF000B0486EFF8C2F2EFF2C2F2EFF304EB971
S214146B00001476844FEF000C4A806600F0DA246E88
S214146B10FF9449EEFFC06000F4982D6EFF28FF2006
S214146B202D7C0014F4F4FF58226EFF3858AEFF384C
S214146B302A1908060004660C08060006670602856D
S214146B400000FFFF08060000670001544A8567002E
S214146B50014E1D7C0030FF72300B1D40FF73720215
S214146B608C8170029BCD6000F6BA2D6EFF28FF2034
S214146B702D7C0014F505FF5860AE2A027206B28208
S214146B80650004722D45FF282D4AFF382E3C00144C
S214146B90F5162806740042AEFF3C9BCD6000F090BC
S214146BA0202EFF907410B48D6C40748CD48E47F9DC
S214146BB0001476842A2EFF302C2EFF2C28BC0014AA
S214146BC0F51D72102941000445EA00102D4AFF9461
S214146BD052802D40FF907207B2806D0000CA508C10
S214146BE04BEDFFF07210B28D6DD228BC0014F51D5B
S214146BF0294D0004D5CD2D4AFF9452802D40FF9088
S214146C007407B4806D000600508C6000FBCE7400D0
S214146C106000FC402F074EB900144C762A00122E42
S214146C20FF713A412D40FF28588F6A00F89A42AEF9
S214146C30FF282D4AFF382806740042AEFF3C600039
S214146C40F8922F052F072F064E944FEF000C4A800C
S214146C506600EF94246EFF94242EFF9047EEFFC038
S214146C604BEDFFF07010B08D6D00FCBA6000FCE4C4
S214146C702F022F062F054E934FEF000C4A80660006
S214146C80EF66246EFF94202EFF9049EEFFC04BED66
S214146C90FFF07E10BE8D6D00F3426000F36C700240
S214146CA09BCD6000F57E2F022F062F054E934FEFD7
S214146CB0000C4A806600EF30246EFF94202EFF905E
S214146CC049EEFFC04BEDFFF07210B28D6D00FEEE74
S214146CD06000FF1828BC0014DAAA740129420004C4
S214146CE0528A2D4AFF94202EFF9052802D40FF90FA
S214146CF07A07BA806D0002D2508C4A81660001C0B1
S214146D007001C08480AEFF406700EFD428AEFF50F9
S214146D10296EFF4C0004D5EEFF4C2D4AFF94202E0E
S214146D20FF9052802D40FF907207B2806D00048E43
S214146D30508C2887296EFF400004D5EEFF402D4A5C
S214146D40FF9452802D40FF907A07BA806D00F2D8D7
S214146D50508C6000EF8A486EFF8C2F2EFF2C2F2E3F
S214146D60FF304EB9001476844FEF000C4A8066004C
S214146D70EE76246EFF9449EEFFC06000EECC2F2E04
S214146D80FF482F2EFF442F2EFF482F2EFF444E92DF
S214146D904FEF00104A8066000732222EFF4420016F
S214146DA02A0B78DFCA842806004401007EFFBE82C0
S214146DB0670005BA7E47BE85670002C44A806D0028
S214146DC002A02D6EFF44FF682D6EFF48FF6C422E06
S214146DD0FF5C7066B08B6600062024427003486E13
S214146DE0FF84486EFF78486EFF742F0A2F002F2EEC
S214146DF0FF6C2F2EFF682F2EFF304EB900147EFA2C
S214146E002E004BF208004FEF00207066B08B661011
S214146E1020470C10003067000680202EFF74DBC05D
S214146E2042A742A72F2EFF6C2F2EFF684EB90014D0
S214146E30BFD04FEF00104A80670001CE202EFF848B
S214146E40B08D64000462220052812D41FF842040DC
S214146E5010BC003060E6486EFF8C2F2EFF2C2F2EB1
S214146E60FF304EB9001476844FEF000C4A8066004B
S214146E70ED76246EFF9449EEFFC02A2EFF40BAAE7C
S214146E80FF746E00F1066000FB8A486EFF8C2F2E8E
S214146E90FF2C2F2EFF304EB9001476844FEF000CC3
S214146EA04A806600ED42246EFF9449EEFFC02A42E3
S214146EB09BC5BAFC00006F00EDFE6000F01028AE13
S214146EC0FF50296EFF4C0004D5EEFF4C2D4AFF945C
S214146ED0202EFF9052802D40FF907407B4806D00D2
S214146EE002DC508C4A816C00FE4A2A0144852A45ED
S214146EF074F0B4816F40748CD48E47F90014768481
S214146F002A2EFF302C2EFF2C28BC0014F51D7210D0
S214146F102941000445EA00102D4AFF9452802D4062
S214146F20FF907207B2806D000350508C4BEDFFF04B
S214146F307210B28D6DD228BC0014F51D294D0004B4
S214146F40D5CD2D4AFF9452802D40FF907407B480FF
S214146F506C00FDDE486EFF8C2F2EFF2C2F2EFF307C
S214146F604EB9001476844FEF000C4A806600EC7815
S214146F70246EFF94202EFF9049EEFFC02887296EBA
S214146F80FF400004D5EEFF402D4AFF9452802D405A
S214146F90FF907A07BA806C00FDB86000F08A2E3C29
S214146FA00014F4E878804604C8867A032D45FF2832
S214146FB0740042AEFF3C6000EE2E1D7C002DFF7167
S214146FC03A7C002D6000EE00486EFF8C2F2EFF2CAE
S214146FD02F2EFF304EB9001476844FEF000C4A80E3
S214146FE06600EC04222EFF74246EFF9449EEFFC054
S214146FF06000FD087A062D45FF282D4AFF382E3CE2
S2141470000014F5166000FB8C2D6EFF74FF3C200DEB
S21414701090872D40FF407047B085670000C07A66A1
S214147020BA8B660002407001C08680824AAEFF3C6E
S2141470306F0005804A80660005062D6EFF3CFF280B
S2141470402A2EFF3C367C00664A2EFF5C67000262DE
S2141470501D7C002DFF71740052AEFF286000ED9267
S2141470602E2EFF440687800000002D47FF682D6EE5
S214147070FF48FF6C1D7C002DFF5C6000FD564A82A5
S214147080670003B44A816D00047C2D6EFF44FF68CC
S2141470902D6EFF48FF6C422EFF5C486EFF84486ED0
S2141470A0FF78486EFF742F02487800022F2EFF6C6C
S2141470B02F2EFF682F2EFF304EB900147EFA2E00A6
S2141470C04FEF0020080600006600030A2A2EFF84ED
S2141470D09A802D45FF402D6EFF74FF3C72FDB2AEB4
S2141470E0FF3C6F000176558B222EFF3C5381300BEC
S2141470F07A019AAEFF3C742D2D41FF74E1481002BC
S2141471003D40FF7C7009B0856C00030041EEFF8B98
S2141471102D48FF282448240A4878000A2F054EB91B
S2141471200014B568508F0600003015002A454878BC
S214147130000A2F054EB90014B508508F2A00706344
S214147140B08D6DD222425589060500301545FFFFD5
S214147150B3EEFF286400043E45EEFF7E14D9B3EE6A
S214147160FF2866F8224E93C243E9FF8F2D49FF5439
S2141471702A2EFF40DAAEFF547001B0AEFF406C000A
S21414718000AEDAAEFF4C2D45FF286B0000C242AEAF
S214147190FF3C6000FEB4486EFF8C2F2EFF2C2F2E63
S2141471A0FF304EB9001476844FEF000C206EFF2C7F
S2141471B008280006000D6700EA3C6036486EFF8C0F
S2141471C02F2EFF2C2F2EFF304EB9001476844FEF3F
S2141471D0000C4A806600EA10222EFF74246EFF9478
S2141471E0202EFF9049EEFFC04A816C00FB466000DB
S2141471F0FCFA74FF2D42FF34202EFF344CEE3CFC78
S214147200FEF84E5E4E75486EFF8C2F2EFF2C2F2EDA
S214147210FF304EB9001476844FEF000C4A80660097
S214147220E9C6246EFF9449EEFFC06000F5AE720105
S214147230C2862D41FF3C080600006600FF462D4519
S214147240FF286A00FE0442AEFF286000FDFC42AE32
S214147250FF2842AEFF3C6000FDF0B4AEFF3C6C006D
S214147260013C558B2A2EFF3C5385300B22056B00B0
S214147270FE80742B6000FE822F022F062F054E937D
S2141472804FEF000C4A806600E95E246EFF94202EB1
S214147290FF9049EEFFC04BEDFFF07210B28D6D00FB
S2141472A0FC686000FC922D6EFF74FF3C6000FD626B
S2141472B0102EFF713A407400320D4A016600EB2E10
S2141472C06000EB2E486EFF8C2F2EFF2C2F2EFF30D7
S2141472D04EB9001476844FEF000C4A806600E90815
S2141472E0222EFF74246EFF9449EEFFC06000F52230
S2141472F02C047A00060500301D45FFBF28067A01C7
S2141473007EBFDE8E6000EEDE486EFF8C2F2EFF2CC6
S2141473102F2EFF304EB9001476844FEF000C4A809F
S2141473206600E8C4246EFF9449EEFFC04A826C00DF
S214147330F49C6000F7AA486EFF8C2F2EFF2C2F2E7D
S214147340FF304EB9001476844FEF000C4A80660066
S214147350E896202EFF4090AEFF74246EFF9449EEFC
S214147360FFC04A826C00F4EC6000F8A474064A80ED
S2141473706C00FA506000FCEA182EFF713A442D4255
S214147380FF282D4AFF382A022806740042AEFF3C16
S214147390320D4A016600EA566000EA56242EFF4073
S2141473A0B4AEFF3C6E0000AC08060000660000C0D9
S2141473B02D6EFF3CFF286B0C2A2EFF3C367C006794
S2141473C06000FC8642AEFF282A2EFF3C367C0067FF
S2141473D06000FC762A40DBC242A742A72F2EFF6C21
S2141473E02F2EFF684EB90014BFD04FEF00104A80FE
S2141473F06600FA4A6000FC127245B2856600FC9C70
S2141474002442528A70026000F9D61D7C0030FF7E3A
S214147410060500301D45FF7F307C00042D48FF54C0
S2141474202A2EFF40DAAEFF547001B0AEFF406D0056
S214147430FD526000FDFA4A816D0000E42D6EFF4493
S214147440FF682D6EFF48FF6C422EFF5C74016000CF
S214147450FC4A2A2EFF40DAAEFF4C4AAEFF3C6F2899
S2141474602D45FF286B16367C00676000FBDC2A2E41
S214147470FF3CDAAEFF4C2D45FF286AEA42AEFF28E1
S214147480367C00676000FBC2700190AEFF3CDA8069
S2141474902D45FF286AD060E442A742A72F2EFF6C22
S2141474A02F2EFF684EB90014BFF44FEF00104A8019
S2141474B0660000D42D6EFF74FF3C202EFF3CD08D4A
S2141474C090872D40FF406000FB5E4AAEFF446D007F
S2141474D000A81E2EFF713A477047B08B6D7E2E3C67
S2141474E00014F4EC78804604C88672032D41FF28F5
S2141474F07A03740042AEFF3C320D4A016600E8EE91
S2141475006000E8EE0680800000002D40FF682D6EB7
S214147510FF48FF6C1D7C002DFF5C6000FB7E222E56
S214147520FF440681800000002D41FF682D6EFF4841
S214147530FF6C1D7C002DFF5C74016000FB5ED4AEF6
S214147540FF3C2A02DAAEFF4C2D45FF286A00FAF6F5
S21414755042AEFF28367C00666000FAEE2E3C00141D
S214147560F4F078804604C88672032D41FF287A0307
S214147570740042AEFF3C60801D7C002DFF713A7C87
S214147580002D6000FF547001908A2D40FF74DBC0FC
S2141475906000F88E327C00022D49FF542A2EFF40DC
S2141475A0DAAEFF547001B0AEFF406D00FBD660003B
S2141475B0FC7E4A80661072012D41FF28367C0066D8
S2141475C07A016000FA84206EFF4C41F028012A08E4
S2141475D02D48FF286B00FF7A367C00666000FA6A36
S2141475E04FEFFB9848E73820262F047C246F04803E
S2141475F0302A000C0240FFFD3F40001C2F6A006436
S21414760000743F6A000E001E2F6A001C002C2F6A9E
S214147610002400347078D08F2F4000107078D08FEC
S2141476202F4000202F7C0000040000182F7C000040
S2141476300400002442AF00282F2F04882F2F04881C
S2141476407818D88F2F042F034EB9001458DC240052
S2141476504FEF00106A1A082F0006001D6706006A0E
S2141476600040000C20024CDF041C4FEF04684E75DB
S2141476702F042F034EB900143DEA508F4A8067D664
S21414768074FF60D22F0A246F00104AAA0008660AF4
S214147690700042AA0004245F4E752F0A2F2F001084
S2141476A02F2F00104EB9001477D642AA00084FEFB9
S2141476B0000C42AA0004245F4E7548E72030266F5B
S2141476C00010246F0014B4FC00006714B6FC00000D
S2141476D067084AAB0032670000A44A6A000C660AC0
S2141476E0740020024CDF0C044E752F0A2F0B4EB973
S2141476F000143C302400206A002C508FB0FC00008C
S214147700670E2F2A001C2F0B4E90508F4A806D62E6
S2141477104A2A000D6B4C202A0030671841EA0040B4
S214147720B1C0670C2F002F0B4EB900144F9A508F10
S21414773042AA0030202A004467102F002F0B4EB99F
S21414774000144F9A42AA0044508F4EB9001440AC0D
S214147750426A000C4EB9001440AE20024CDF0C04F2
S2141477604E752F2A00102F0B4EB900144F9A508FB7
S21414777060A474FF4A2A000D6A9C60E62F0B4EB96B
S2141477800014408A588F4A6A000C6700FF54600041
S214147790FF5A2F0A246F000820790014FC36B0FC18
S2141477A0000067064AA8003267104A6A000C67167B
S2141477B0302A000E48C0245F4E752F084EB90014A8
S2141477C0408A588F60E420790014FC3670092080B3
S2141477D070FF245F4E7548E73F3E2C6F0030246FD1
S2141477E000342A6F00384AAD0008670000FA302AC1
S2141477F0000C08000003670000F64AAA0010670091
S21414780000EE265508000001675E76007400226AB2
S2141478100024206A001C283C7FFFFC004A82673E36
S21414782022020C827FFFFC00630222042F012F0326
S2141478302F082F0E4E914FEF00104A806F0000D481
S214147840D6809480222D000892802B410008670071
S2141478500096226A0024206A001C4A8266C22613F6
S214147860242B0004508B60B47600080000006700D8
S2141478700108700078007E002A3C001444FE49F982
S21414788000143DEA4A876700009E4A80670000A4F9
S21414789020032C07B08764022C00242A0008202A10
S2141478A000142212B2AA00106308D480B4866D00A5
S2141478B000A6BC806D0002622F002F042F2A001C25
S2141478C02F0E206A00244E9024004FEF00106F42B3
S2141478D0968267327001D8829E82222D0008928288
S2141478E02B410008669E70004CDF7CFC4E752F0AF8
S2141478F02F0E4EB900147B8C508F4A806620302A87
S214147900000C6000FEFE2F0A2F0E4E94508F4A80F5
S21414791067C4302A000C004000403540000C70FF4D
S2141479204CDF7CFC4E752E2B0004204B508B67F6D8
S21414793028102F074878000A2F044EB900147CB478
S2141479404FEF000C4A806700022652802600968469
S21414795020036000FF3E2F022F042F0120454E9077
S214147960D5922F0A2F0E4E944FEF00144A806700BC
S214147970FF60302A000C609E99CC2212242A00083C
S214147980283C001444FE2A3C0014B56820412C02FE
S214147990B8FC0000670000D208000009670000D693
S2141479A0B9C2650001543E0002470480677C206A11
S2141479B0001024019488222A00142E01DE81DE8110
S2141479C02E076A025287E28743F428012207BE89EB
S2141479D064042E0922090800000A670001562F01C4
S2141479E02F0E4EB9001429EA2C00508F6700018A16
S2141479F02F022F2A00102F004EB900144C8C302A58
S214147A00000C0240FB7F004000803540000C4FEF16
S214147A10000C254600102046D1C2248825470014A1
S214147A202C0C9E8225470008240C2F022F032F08A7
S214147A3020444E909DAA0008D5924FEF000C240CBB
S214147A4099CCD682202D000890822B40000867001F
S214147A50FE96302A000C2212242A000820412C02FA
S214147A60B8FC00006600FF322613286B0004508B07
S214147A706000FF1AB2AA00106242202A0014B9C08D
S214147A80653A240CB9FC7FFFFFFF6306243C7FFF96
S214147A90FFFF2F002F0220454E90508F94802F0208
S214147AA02F032F2A001C2F0E206A00244E90240029
S214147AB04FEF00106F00FE5C99C26086B9C2640274
S214147AC0240C2F022F032F0120444E90202A000846
S214147AD0908225400008D5924FEF000C4A8066D855
S214147AE02F0A2F0E4EB900143DEA508F4A806600B6
S214147AF0FE2299C26000FF4C2C0C240C2F022F037C
S214147B002F0820444E909DAA0008D5924FEF000CE3
S214147B10240C99CC6000FF2C2F062F042F0120452F
S214147B204E909DAA0008DD924FEF000C24066000CC
S214147B30FDA02F012F082F0E4EB9001452EC2C0066
S214147B404FEF000C6600FECC2F2A00102F0E4EB9F5
S214147B5000144F9A302A000C0240FF7F720C2C81BE
S214147B60508F004000403540000C6000FDB22007E6
S214147B70528026006000FD1C700C2C80302A000CED
S214147B80004000403540000C6000FD942F0A2F0280
S214147B90246F001020790014FC36B0FC000067082F
S214147BA04AA80032670000EA322A000C08010003D3
S214147BB06778202A0010674808010000661C080130
S214147BC0000166000086206A0014254800084A80D2
S214147BD0671A7000241F245F4E7542AA0008242AD0
S214147BE000144482254200184A8066E64A016AE474
S214147BF0004100403541000C70FF241F245F4E7571
S214147C003401024202800C42020067AC2F0A2F2F66
S214147C1000104EB90014A3A2322A000C202A001019
S214147C20508F08010000679660B008010004676E64
S214147C3008010002661E202A001000410008354183
S214147C40000C4A806600FF7260B691C8254800088A
S214147C506000FF7C202A0030671E41EA0040B1C055
S214147C6067122F002F2F00104EB900144F9A322A85
S214147C70000C508F42AA00300241FFDB42AA0004D7
S214147C80202A00102480004100083541000C60B200
S214147C902F084EB90014408A588F6000FF0C7009E4
S214147CA0206F000C2080004100403541000C70FF0E
S214147CB06000FF4848E73820202F0014142F001BBC
S214147CC022007603C680206F001C672A53884AAFAA
S214147CD0001C671622415281B41167107003C081CC
S214147CE06712538870FFB08866EA93C920094CDF80
S214147CF0041C4E7520017203B288643C720046015F
S214147D00C2AF00182801E18CD881220448414241B0
S214147D10D881224020092619B98322030681FEFE43
S214147D20FEFF4683C2830281808080806610598855
S214147D307003B08865DE2009B0FC000067AC2440F0
S214147D40D088224AB41A67A4B08A66F693C9609C8F
S214147D50203C0014FE404E75518F48E73F3E206F7E
S214147D60003C28280010206F0038B8A800106E00B9
S214147D7001803C7C0014DDEF003C53842004D08446
S214147D80D08045F60800307C0014D1EF00382F4818
S214147D90002CD0882F400030204026102412528207
S214147DA02F022F034EB90014B4AC508F2A00B4839C
S214147DB0620000A62A4E266F002C7E007C0049F92D
S214147DC00014B488261D2F053F0342674E94508F27
S214147DD02400D487424348432F052F034E94508FD4
S214147DE0220242414841D2802E014247484720137E
S214147DF0260002830000FFFF02820000FFFF2043DC
S214147E0091C22408D4862602484348C3028100003F
S214147E10FFFF204391C142404840D0882C0048467A
S214147E2048C648404240804226C0BBCA6396206F6C
S214147E3000304A90662247E8FFFCB7EF002C631028
S214147E40202F002C4A9366085384598BB7C062F4CB
S214147E50206F0038214400102F2F003C2F2F003C99
S214147E604EB900149FAC508F4A806D7A226F002C46
S214147E707600221E2011240002820000FFFF2C012F
S214147E8002860000FFFF204291C62C08DC832406DD
S214147E90484248C242414841204291C1424048406B
S214147EA0D0882600484348C348404240804622C0F3
S214147EB0BDCA63BE2004D084D080206F002CD1C0ED
S214147EC04A9066205988B1EF002C6310202F002C9E
S214147ED04A90660853845988B1C062F4206F0038FB
S214147EE021440010528520054CDF7CFC508F4E75C3
S214147EF070004CDF7CFC508F4E754E56FF8048E762
S214147F003F3C242E000C2D6E0010FF9C246E002087
S214147F102D42FF942D6EFF9CFFA8226E0008206948
S214147F200036B0FC000067242229003A21410004E0
S214147F307001E3A8214000082F082F094EB9001439
S214147F4098F42A6E000842AD0036508F28026B0053
S214147F5005B04292200402807FF000000C807FF06F
S214147F600000670005BC242EFF94262EFF9C2D428D
S214147F70FFAC2D43FFB042A742A72F032F024EB9E2
S214147F800014BFD04FEF00104A80662E7001206E8A
S214147F90001C20804AAE0024670A226E002422BCED
S214147FA00014DAAB2D7C0014DAAAFF98202EFF9862
S214147FB04CEE3CFCFF584E5E4E75486EFFF8486E0D
S214147FC0FFFC2F032F022F2E00084EB90014A1CA4F
S214147FD02E002A0442454845E84D4FEF00144A85C2
S214147FE0660005802C2EFFF82A06DAAEFFFC200564
S214147FF00680000004327220B2806C00071E7240A5
S2141480009280E3AC2205068100000412202EFF9C09
S214148010E2A888802F044EB90014CCA6588F2400EA
S21414802026010682FE100000538570012D40FFD8ED
S21414803049F90014B5F242A72F3C3FF800002F036D
S2141480402F024E944FEF001047F90014B98E2F3CB0
S214148050636F43612F3C3FD287A72F012F004E93A7
S2141480604FEF000C2EBC8B60C8B32F3C3FC68A283B
S2141480702F012F004EB90014B5F84FEF001024004E
S21414808026012F054EB90014CD122EBC509F79FB35
S2141480902F3C3FD344132F012F004E934FEF000C69
S2141480A02E812F002F032F024EB90014B5F84FEF70
S2141480B00010240026012F012F024EB90014CFDE23
S2141480C0508F280042A742A72F032F024EB9001440
S2141480D0C03C4FEF00104A806D00055C9C85260658
S2141480E053832D43FF907016B0846500057E41F9C6
S2141480F00014F5E02004E7882F3008042F30080019
S2141481002F2EFFB02F2EFFAC4EB90014C03C4FEFED
S21414811000104A806C0005E6538442AEFFD04AAE87
S214148120FF906D00055442AEFFA44A846C00055CB3
S21414813099AEFFA4260444832D43FFC02D44FFB4F8
S21414814078007009B0AE0014650005567205B2AE1C
S21414815000146C00058C59AE001476037400B6AE89
S2141481600014670010E06C0006207604B6AE001407
S214148170670005EA76052D43001476012D43FFB8F3
S214148180202E0018D0AEFFB42D40FFD42A005285FE
S21414819026056F0005E67217B2836C0005DE7001C3
S2141481A0307C00042D6E0008FF88D1C8220052804F
S2141481B043E80014B3C363F22D6EFF880008226EE2
S2141481C000082341003A2F012F2E00082D7C00149E
S2141481D09864FFCC45F9001498644E922D40FF988D
S2141481E0508F670016482A6E00082B6EFF980036CC
S2141481F0700EB085650005EA4A82670005E44AAE4B
S214148200FFB46F00117C700FC0AEFFB4E78841F95D
S2141482100014F5E024300800263008042C2EFFB491
S214148220E886082E0000FFB6670012EA720FCC81AB
S2141482302D7C0014BB3CFFC42F390014F5DC2F39F9
S2141482400014F5D82F2EFFB02F2EFFAC41F90014D2
S214148250BB3C4E904FEF0010204022412D48FFDCCF
S2141482602D49FFE0347C00034A8667344BF900142A
S214148270F5B82D6E0008FF88080600006716528AA7
S2141482802F2D00042F152F032F024E934FEF00109F
S21414829024002601E286508D66DE2D6EFF880008C7
S2141482A02F032F022F2EFFE02F2EFFDC226EFFC48B
S2141482B04E914FEF0010204022412D48FFC42D4907
S2141482C0FFC84AAEFFD0672042A72F3C3FF00000FD
S2141482D02F2EFFC82F2EFFC44EB90014C03C4FEFEC
S2141482E000104A806D0005A82F0A4EB90014CD124E
S2141482F02EAEFFC82F2EFFC42F012F004E934FEF24
S214148300000C42972F3C401C00002F012F004EB942
S2141483100014B5F84FEF0010240126000683FCC0A5
S21414832000004A8567000FAC2D6EFFB4FFF42D4590
S214148330FFE82D43FFDC2D42FFE0202EFFE8E78800
S21414834041F90014F5E02D7008F8FFEC2D7008FCC8
S214148350FFF02F2EFFC82F2EFFC44EB90014CFDE09
S214148360508F2A6EFF98528D2D4DFFE41C00060682
S21414837000302F004EB90014CD122E812F002F2E50
S214148380FFC82F2EFFC44E944FEF00102400260172
S2141483904AAEFFB8670012022F2EFFF02F2EFFEC06
S2141483A042A72F3C3FE000004EB90014BB3C4FEFF1
S2141483B0000C2EAEFFE02F2EFFDC2F012F004E9464
S2141483C04FEF00102040246EFF9814862F032F02C0
S2141483D02F012F082D48FF802D41FF844EB900141D
S2141483E0C0184FEF0010206EFF80226EFF844A8064
S2141483F06E0000CE7C002D44FFDC2D47FFC42D45B7
S214148400FFE428082A092E2EFFE82D6E0008FF88A0
S2141484102F032F0242A72F3C3FF000004E944FEF3D
S214148420000C2E852F042F012F004EB90014C03CCB
S2141484304FEF00104A806D00132A5286BE866F00D6
S214148440133C42A72F3C402400002F052F044E93C4
S2141484504FEF001028002A0142A72F3C40240000AA
S2141484602F032F024E934FEF0010240026012F01E6
S2141484702F024EB90014CFDE508F24402F004EB971
S2141484800014CD122E812F002F032F024E944FEF7F
S214148490001024002601300A060000301AC02F05EA
S2141484A02F042F012F024EB90014C03C4FEF0010BA
S2141484B04A806C00FF5C2E2EFFC42D6EFF880008C9
S2141484C0262EFFF452832D7C001498F4FF902F0769
S2141484D02F2E0008246EFF904E924215206E001C1C
S2141484E02083508F4AAE00246700FAC2226E0024FE
S2141484F0228D202EFF984CEE3CFCFF584E5E4E7597
S214148500700124800882001F2D42FF942802200444
S21414851002807FF000000C807FF000006600FA48AE
S214148520206E001C20BC0000270F0284000FFFFFE3
S21414853088AEFF9C6600018E4AAE002467001306C0
S2141485402D7C0014F53DFF98203C0014F545226E52
S21414855000242280202EFF984CEE3CFCFF584E5EE2
S2141485604E75242EFFAC262EFFB0202EFFAC0280B4
S214148570000FFFFF240000823FF000000685FFFF77
S214148580FC012C2EFFF842AEFFD849F90014B5F2C0
S21414859042A72F3C3FF800002F032F024E944FEFB4
S2141485A0001047F90014B98E2F3C636F43612F3CBB
S2141485B03FD287A72F012F004E934FEF000C2EBCEF
S2141485C08B60C8B32F3C3FC68A282F012F004EB9A4
S2141485D00014B5F84FEF0010240026012F054EB9ED
S2141485E00014CD122EBC509F79FB2F3C3FD344135E
S2141485F02F012F004E934FEF000C2E812F002F03C8
S2141486002F024EB90014B5F84FEF001024002601BF
S2141486102F012F024EB90014CFDE508F280042A728
S21414862042A72F032F024EB90014C03C4FEF001080
S2141486304A806C00FAA82F044EB90014CD122E836B
S2141486402F022F012F004EB90014BFF44FEF001065
S2141486504A806700FA8853849C85260653832D43E4
S214148660FF907016B0846400FA8676012D43FFD00E
S2141486704AAEFF906C00FAB0760196862D43FFA49E
S21414868042AEFF904A846D00FAA8D9AEFF902D44EE
S214148690FFB442AEFFC07009B0AE00146400FAAE68
S2141486A0740142AE001476012D43FFB87AFF42AE31
S2141486B00018206E000842A8003A2D45FFD4720018
S2141486C06000FB044AAE0024667A2D7C0014F5463E
S2141486D0FF98202EFF984CEE3CFCFF584E5E4E75CD
S2141486E07003B0AE001467000B5A6C0000A8740137
S2141486F07604B6AE001467646000FA7A4A866F0091
S2141487000C6042AEFFD042AEFFA4D9AEFF902D440B
S214148710FFB442AEFFC06000FF7E72209280282E07
S214148720FF9CE3AC2F044EB90014CCA6588F24003B
S21414873026010682FE100000538570012D40FFD8D6
S2141487406000F8EE2D7C0014F546FF98203C0014CB
S214148750F549226E002422806000FDFA76012D432E
S214148760FFB84AAE00186F0008DE2D6E0018FFD44E
S2141487702A2E001826056000FA1E206E000842A84D
S214148780003A72006000FA4076022D43001442AE9E
S214148790FFB860CE7202B2AE0014670010BE226E2E
S2141487A0000842A9003A42A72F092D7C00149864A9
S2141487B0FFCC45F9001498644E922D40FF98508FC4
S2141487C06700106A226E0008236EFF980036760142
S2141487D02D43FFB876FF2D43FFD47AFF42AE001820
S2141487E0202EFFFC6B000160720EB2AEFFB46D005B
S2141487F0015641F90014F5E0202EFFB4E7882D70D9
S2141488000800FF882D700804FF8C4AAE00186C0010
S21414881008504A856E00084A663242A72F3C401418
S21414882000002F2EFF8C2F2EFF884E934FEF000C38
S2141488302E812F002F2EFFB02F2EFFAC4EB9001412
S214148840C0604FEF00104A806E0000C42A6EFF9876
S2141488507C0095CA262E001846832F062F2E000855
S2141488602D7C001498F4FF9041F9001498F44E905F
S2141488705283508FB4FC00006700FC542F0A2F2E2E
S2141488800008226EFF904E91508F6000FC424A857D
S21414889067000A064AAEFFD46F00FF46262EFFB4C2
S2141488A053832D43FFF442A72F3C402400002F2E61
S2141488B0FFC82F2EFFC44E934FEF001020402241C6
S2141488C02D48FFC42D49FFC8486A00014EB900144C
S2141488D0CD122EAEFFC82F2EFFC42F012F004E939D
S2141488E04FEF000C42972F3C401C00002F012F0026
S2141488F04EB90014B5F84FEF001024012600068375
S214148900FCC000002D6EFFD4FFE86000FA267C0041
S21414891095CA2A6EFF981AFC0031262EFFB452838D
S2141489202F062F2E00082D7C001498F4FF9041F982
S214148930001498F44E905283508FB4FC00006600D6
S214148940FF3C6000FB8A4AAEFFB867000150760110
S214148950B6AE00146C00090C20055380B0AEFFC0F0
S2141489606E000ADE2C2EFFC09C804A856C000DBC5F
S214148970242EFFA49485487800012F2E000847F96A
S21414898000149AF04E932440508F4A82671C4AAEC5
S214148990FF906F162002B4AEFF906F04202EFF9047
S2141489A091AEFFA4948091AEFF904AAEFFC06726A6
S2141489B04AAEFFB867000A7049F900149D9E4A86AD
S2141489C0660002442F2EFFC02F072F2E00084E9449
S2141489D02E004FEF000C487800012F2E00084E93FF
S2141489E02C00508F4A84660006067201B2AE00143C
S2141489F06C0000C2202EFF90D081721FC0816700C9
S214148A0000F6722092807604B6816C000810721CF0
S214148A109280D3AEFFA4D481D3AEFF904AAEFFA407
S214148A206E00010A4AAEFF906E0000E24AAEFFD016
S214148A306600015E4A856F0001144AAEFFB86600F0
S214148A400250262EFFB452832D7C00149FACFF9444
S214148A50286EFF9874012D7C00147D58FFA04BF9E6
S214148A60001499182D6E0008FF8847F900147D58D5
S214148A702F062F074E937230D08118C0508FB485AE
S214148A806C0004D642A74878000A2F072F2EFF88BA
S214148A904E952E0052824FEF001060D42C2EFFC03D
S214148AA0242EFFA442AEFFB895CA47F900149AF0D4
S214148AB06000FED84AAEFFA8662C202EFF940280D3
S214148AC0000FFFFF6620202EFF9402807FF0000028
S214148AD067000C2E52AEFFA452AEFF9070014A846B
S214148AE066000C2428007201202EFF90D081721F7D
S214148AF0C0816600FF0E721CD3AEFFA4D481D3AE21
S214148B00FF904AAEFFA46F00FF1C60202F2EFF902C
S214148B102F062F2E00084EB900149E9A2C004FEFE5
S214148B20000C4AAEFFD06700FF0C60642F2EFFA423
S214148B302F072F2E00084EB900149E9A2E004FEFC2
S214148B40000C4AAEFF906F00FEE460C07002B0AE38
S214148B5000146C00FEE64A85662842A7487800058D
S214148B602F062F2E00084EB9001499182C002F002B
S214148B702F074EB900149FAC4FEF00184A806E00B2
S214148B80FD922A6EFF98262E001846836000FCCCB1
S214148B902F062F072D7C00149FACFF9441F9001468
S214148BA09FAC4E90508F4A806C00FE8A262EFFB4DF
S214148BB0538342A74878000A2F072F2E000847F938
S214148BC0001499184E932E004FEF00104AAEFFB8BB
S214148BD06600009A4AAEFFD46F7C262EFFB42A2E67
S214148BE0FFD4286EFF9874012D7C00147D58FFA0C6
S214148BF04BF9001499182D6E0008FF8847F90014D5
S214148C007D586000FE6C2F062F0A2F2E00084E94F7
S214148C1024402F072F002F2E00084EB900149B94C3
S214148C2026002F072F2E00084EB9001498F49DAE78
S214148C30FFC04FEF00202E034AAEFFC06700FD981A
S214148C402F2EFFC02F072F2E00084E942E004FEF06
S214148C50000C6000FD827002B0AE00146C00FF7C45
S214148C602A2EFFD42D43FFB46000FEEC42A74878AA
S214148C70000A2F0A2F2E00084E9324404FEF0010A0
S214148C804AAEFFD46F000B0C2D43FFB42A2EFFD42C
S214148C904A826E0001EE4A84660007F2280A242EE1
S214148CA0FF98224243F158FF2D49FFA42D7C00144F
S214148CB098F4FF902D7C00149FACFF942D7C001428
S214148CC07D58FFA07201C2AEFFA82D41FFA84BF934
S214148CD0001499182D6E0008FF882F062F07206E93
S214148CE0FFA04E90284047EC00302F0A2F07226E24
S214148CF0FF944E9126002F042F062F2EFF884EB970
S214148D0000149FFA20404FEF001C4AA8000C66007F
S214148D1000C62F002F072D40FF80226EFF944E9121
S214148D202A00206EFF802F082F2EFF88206EFF90BB
S214148D304E904FEF00104A85660001C64AAE0014E6
S214148D4066084AAEFFA86700016A4A836D00014CA4
S214148D502842320B18C1B4AEFFA4670007D442A74A
S214148D604878000A2F072F2EFF884E952E004FEFB7
S214148D700010B88A670001C642A74878000A2F0A6E
S214148D802F2EFF884E95244042A74878000A2F04B9
S214148D902F2EFF884E9528004FEF0020240C2F0608
S214148DA02F07206EFFA04E90284047EC00302F0A65
S214148DB02F07226EFF944E9126002F042F062F2E77
S214148DC0FF884EB900149FFA20404FEF001C4AA8A3
S214148DD0000C6700FF3E2D6EFF8800082F002F2E14
S214148DE000082A6EFF904E95508F4A836D107001BE
S214148DF0C0AEFF9C86AE00148083660001224878BD
S214148E0000012F072F2E00084EB900149E9A2E002C
S214148E102F062F00206EFF944E904FEF00144A80BA
S214148E206F0000BA7239B28B670008B847EC00318D
S214148E302A42360B1AC3262EFFB452832A0A244417
S214148E402F062F2E0008226EFF904E91508FB4FCE2
S214148E5000006700F67A4A856700FA22B5C56700EF
S214148E60FA1C2F052F2E0008206EFF904E90508F60
S214148E702F0A2F2E0008226EFF904E91508F6000FE
S214148E80F64E2F022F0A2F2E00084EB900149E9A63
S214148E9024404FEF000C6000FDFE2D6EFF88000886
S214148EA02A42360B1AC3262EFFB452832A0A2444A7
S214148EB0608E2D6EFF8800087039B08B670008240A
S214148EC04A836F0447EC00312A42320B1AC1262E0D
S214148ED0FFB452832A0A24446000FF664A80660060
S214148EE0FF50200B080000006600FF3A2A42360B9B
S214148EF01AC3262EFFB452832A0A24446000FF4263
S214148F004A836D0008DA86AE001486AEFFA86700A2
S214148F1008CE4A856F00FE3A2D6EFF880008763913
S214148F20B68B670007BE2A42262EFFB45283300B38
S214148F3052001AC02A0A24446000FF0642A7487842
S214148F40000A2F0A2F2EFF884E9524404FEF00104C
S214148F502800240C6000FE4826402D6EFF8800086A
S214148F604A856F0003E62005286EFF98D9C07A005C
S214148F702D7C001498F4FF90487800012F072F2EAC
S214148F8000084EB900149E9A2E002F062F00206E4D
S214148F90FF944E904FEF00144A806F2E222EFF98A7
S214148FA02D6E0008FF882A4C10240C000039660029
S214148FB00284B28C66F02D6EFF880008206EFF982F
S214148FC010BC003152836000FE784A806608200B7D
S214148FD00800000066C62D6E0008FF882A4C0C2474
S214148FE0003067F82D6EFF8800086000FE542F04CA
S214148FF02F002F2E00084EB900149D9E2C004FEF04
S214149000000C7001B0AE00146C24780020462028A2
S21414901000105880D080D08022402F3168004EB97E
S21414902000149A1472209280588F6000F9C84AAEC1
S214149030FFA866D6202EFF940280000FFFFF67005D
S214149040FA86780060C67A0170012D400018206EEA
S214149050000842A8003A2D45FFD472006000F1685B
S214149060206EFF9852882D48FFE42D7C0014BB3CDC
S214149070FFC42F2EFF8C2F2EFF882F2EFFB02F2EDF
S214149080FFAC43F90014BB3C4E914FEF000C2E81FD
S2141490902F004EB90014CFDE508F2C002F004EB97F
S2141490A00014CD122EAEFF8C2F2EFF882F012F000A
S2141490B04E934FEF000C2E812F002F2EFFB02F2E25
S2141490C0FFAC4E944FEF001020402241246EFFE474
S2141490D01006060000302A6EFF981A807001B085BC
S2141490E0670000A078012D6E0008FF904BF900145D
S2141490F0BB3C42A72F3C402400002F092F084E9358
S2141491004FEF00102400260142A742A72F012F027A
S2141491104EB90014BFD04FEF00104A8067000354B6
S21414912052842F2EFF8C2F2EFF882F032F024E953E
S2141491304FEF000C2E812F004EB90014CFDE508F47
S2141491402C002F004EB90014CD122EAEFF8C2F2EED
S214149150FF882F012F004E934FEF000C2E812F0007
S2141491602F032F024E944FEF001020402241120678
S2141491700601003014C1BA846600FF782D6EFF9085
S21414918000082F092F082F092F084EB90014B5F818
S2141491904FEF001028002A01262EFFB45283240312
S2141491A02F012F042F2EFF8C2F2EFF884EB900145C
S2141491B0C03C4FEF00104A806D202F052F042F2E31
S2141491C0FF8C2F2EFF884EB90014BFD04FEF00101F
S2141491D04A80663A080600006734222EFF982D6EE1
S2141491E00008FF882A4A10220C000039660004DCA6
S2141491F0B5C166F02D6EFF88000870315282148057
S21414920026022D7C001498F4FF906000F2C22A4ABD
S2141492102D7C001498F4FF906000F2B45981670016
S214149220F7FC723C9280D3AEFFA4D481D3AEFF90E9
S2141492306000F8D02D6EFF88000852001880600079
S214149240FC00740142AEFFB8202E0018D0AEFFB456
S2141492502D40FFD42A00528526056E00EF3A600092
S214149260F51A4AAEFFD867000302068000000433DE
S214149270D1AEFF902C2EFFC0242EFFA4D1AEFFA497
S214149280487800012F2E000847F900149AF04E93E0
S2141492902440508F6000F6F42F0A4EB90014CD12F5
S2141492A02EAEFFC82F2EFFC42F012F004E934FEF64
S2141492B0000C42972F3C401C00002F012F004EB983
S2141492C00014B5F84FEF0010240126000683FCC0E6
S2141492D0000042A72F3C401400002F2EFFC82F2E4C
S2141492E0FFC44E944FEF001020402D43FFC42D4270
S2141492F0FFC82F2EFFC82F2EFFC42F012F082D486E
S214149300FF802D41FF844EB90014C0184FEF001093
S214149310206EFF80226EFF844A806E00F5F22003D2
S2141493200680800000002F022F002F092F084EB948
S2141493300014C03C4FEF00104A806C00F4A42A6E50
S214149340FF987C0095CA6000F50C7001286EFF9893
S214149350D9C07A002D7C001498F4FF906000FC1A93
S214149360760196862D43FFA442AEFF9042AEFFD000
S214149370D9AEFF902D44FFB442AEFFC06000F31880
S2141493804AAEFFB467000330242EFFB44482700F35
S214149390C082E78841F90014F5E02F3008042F3016
S2141493A008002F2EFFB02F2EFFAC4E934FEF001059
S2141493B026002C01E882670004144BF90014F5B853
S2141493C020032D40FFC42D41FFC84200347C000208
S2141493D0206EFFC4226EFFC82D6E0008FF88080298
S2141493E000006718528A2F2D00042F152F092F08F6
S2141493F04E934FEF0010204022417001E282508DB0
S21414940066DC2D48FFC42D49FFC82D6EFF88000862
S2141494104A006600EEAE200322062D40FFC42D41FE
S214149420FFC86000EE9E2F2EFFC02F072F2E0008B9
S2141494304EB900149D9E2E004FEF000C6000F59858
S214149440220092AEFFC0D881DBAEFF90242EFFA47C
S214149450DBAEFFA42D40FFC07C00487800012F2E01
S214149460000847F900149AF04E932440508F600079
S214149470F51A2D6EFF900008262EFFB452832A4A42
S2141494802D7C001498F4FF906000F0442F2A0004FA
S2141494902F2E0008206EFFCC4E902640508F4A8008
S2141494A067000372222A00105481D281D2812F01C0
S2141494B0486A000C486B000C4EB900144C8C487863
S2141494C000012F0B2F2E00084EB900149E9A280068
S2141494D04FEF0018242EFF98224243F158FF2D49CF
S2141494E0FFA42D7C001498F4FF902D7C00149FACE0
S2141494F0FF942D7C00147D58FFA07201C2AEFFA805
S2141495002D41FFA84BF9001499182D6E0008FF88FA
S2141495106000F7C82D6EFFACFFDC2D6EFFB0FFE0C9
S214149520347C00022D7C0014BB3CFFC46000ED3A72
S2141495302D6EFF880008262EFFB452832A0A244470
S214149540487800012F072F2E00084EB900149E9A53
S2141495502E002F062F00206EFF944E904FEF00140F
S2141495604A806E00FA386000FA62703690AEFFF8E1
S214149570D1AEFF902C2EFFC0242EFFA4D1AEFFA494
S214149580487800012F2E000847F900149AF04E93DD
S2141495902440508F6000F3F42F2EFFF02F2EFFEC94
S2141495A02F2EFFE02F2EFFDC4E934FEF001020409F
S2141495B022412D48FFB82D49FFBC206EFF98108617
S2141495C02448D5EEFFE87001B0AEFFE8670001F658
S2141495D02C042D6E0008FF8842A72F3C4024000060
S2141495E02F032F024E934FEF0010240026012F0155
S2141495F02F024EB90014CFDE508F28002F004EB91C
S2141496000014CD122E812F002F032F024E944FEFED
S214149610001024002601060400301AC4BBCA66B81B
S21414962028062D6EFF88000842A72F3C3FE0000056
S2141496302F2EFFBC2F2EFFB84EB90014B5F84FEFDF
S214149640000C2E832F022F012F004EB90014C03C9D
S2141496504FEF00104A806D0000F62F2EFFBC2F2E01
S214149660FFB842A72F3C3FE000004E944FEF000C8B
S2141496702E832F022F012F004EB90014C0184FEF5F
S21414968000104A806E0001224AAEFFFC6D00F40EF4
S214149690720EB2AEFFB46D00F404202EFFB4E78849
S2141496A041F90014F5E02D700800FF882D700804A9
S2141496B0FF8C6000F9B62D6EFFACFFC42D6EFFB0A4
S2141496C0FFC8347C00026000EBFA2D6EFF88000899
S2141496D05200148026022D7C001498F4FF9060002B
S2141496E0EDEE284218FC0039262EFFB452832A0ABF
S2141496F02444222EFF982D6E0008FF886000F8A8D8
S21414970070006000F3DA28002046202800105880E5
S214149710D080D08022402F3168004EB900149A149D
S21414972072209280588F6000F2CCDBAEFF90242E0D
S214149730FFA4DBAEFFA4487800012F2E000847F9DB
S21414974000149AF04E932440508F6000F23E242E5C
S214149750FFF45282222EFF982D6E0008FF886000B8
S214149760FA842E2EFFC42D6EFF880008244D242E56
S214149770FFF45282222EFF986000FA6A282EFFDC2D
S2141497802E2EFFC42A2EFFE42D6EFF8800086000DC
S214149790F0507202B2AE00146C00F4EE2A2EFFD40F
S2141497A02D43FFB46000F3B02D6E0008FF882A4ADC
S2141497B00C2200306600ED042A4A0C22003067EEB4
S2141497C06000ECF8246EFFE46000FE5E20032D407B
S2141497D0FFC42D41FFC8347C00026000EAE62D6EFB
S2141497E0FF8800084A856F00F648487800012F075E
S2141497F02F2E00084EB900149E9A2E002F062F0006
S214149800206EFF944E904FEF00144A806E00F616AA
S2141498106000F6CA48790014F54A42A7487802EF61
S21414982048790014F55B4EB90014A48048790014E6
S214149830F54A42A7487801AF48790014F55B4EB94B
S2141498400014A4802D7C0014F53DFF98202EFF985C
S2141498504CEE3CFCFF584E5E4E75740142AEFFB89B
S2141498606000EF0048E73020246F0010242F001407
S214149870202A004267242202D282D2812240D3C1F7
S2141498802051B0FC00006736229042A8001042A86F
S214149890000C20084CDF040C4E75487800214878DC
S2141498A000042F0A4EB900142860254000424FEFDA
S2141498B0000C66C291C820084CDF040C4E75760165
S2141498C0E5AB20035A80D080D0802F004878000162
S2141498D02F0A4EB90014286020404FEF000C4A801F
S2141498E067D2214200042143000842A8001042A86F
S2141498F0000C609E2F0A226F000CB2FC0000671446
S21414990020690004D1C8D1C8246F0008D1EA0042E7
S21414991022902089245F4E7548E73F38266F002C26
S2141499202A2F00302E2F00342C2B001049EB001455
S214149930780045F90014B48826142F053F034267AF
S2141499404E92508F2400D487424348432F052F034A
S2141499504E92508F220242414841D0812E004247F7
S21414996048474840424002820000FFFFD08228C089
S2141499705284B8866DC24A876718BCAB00086C1A46
S21414998020065A80D080D080278708005286274623
S2141499900010200B4CDF1CFC4E75202B000452804C
S2141499A02F002F2F002C4EB9001498642440508F8B
S2141499B04A806748222B00105481D281D2812F010D
S2141499C0486B000C486A000C4EB900144C8C206B83
S2141499D00004D1C8D1C8226F0034D1E900422690C1
S2141499E0208B4FEF000C264A20065A80D080D08059
S2141499F02787080052862746001060964879001478
S214149A00F54A42A7487800BA48790014F5834EB947
S214149A100014A4802F02222F00080C810000FFFFE0
S214149A2062484841424170100C8100FFFFFF6204F7
S214149A305080E1890C810FFFFFFF62045880E9898A
S214149A400C813FFFFFFF630A4A816D025280241F78
S214149A504E75D2812401D4810801001E66100802B6
S214149A60001E66107020241F4E75700060BA548055
S214149A70241F4E755680241F4E752F02206F000823
S214149A8022107007C081671608010000664C080192
S214149A9000016752E28920817001241F4E754A41E5
S214149AA066344241484170104A0166045080E08989
S214149AB0740FC48166045880E8897403C4816604EC
S214149AC05480E4890801000066065280E289671013
S214149AD02081241F4E75700060CE7000241F4E75B2
S214149AE07020241F4E75E48920817002241F4E7541
S214149AF02F0A246F0008226A0042B2FC0000672472
S214149B0020690004B0FC0000674E2350000442A8ED
S214149B10000C216F000C0014700121400010200866
S214149B20245F4E7548780021487800042F0A4EB9F1
S214149B30001428602240254000424FEF000C66C0F7
S214149B4048790014F54A42A7487801454879001424
S214149B50F5834EB90014A4804878001C4878000198
S214149B602F0A4EB90014286020404FEF000C4A808C
S214149B7067CE70012140000470022140000842A8FC
S214149B80000C216F000C00147001214000102008F6
S214149B90245F4E754FEFFFE848E73F3E2A6F004CB0
S214149BA0246F0050242D0010262A0010B6826E0C46
S214149BB0200326022400200A244D2A40202A0004CA
S214149BC02203D2822F410030B2AA00086F025280BC
S214149BD02F002F2F004C4EB9001498642F400044C9
S214149BE0508F670001A2206F003C4DE80014202F10
S214149BF00030D080D080D08E2F400040204EB08EC3
S214149C00630A202F00404298B1C065FA41EA001456
S214149C102F480034D683D6832A08DA834BED0014F3
S214149C20D482D482D48D2F42002CB48D633441EA6E
S214149C300015B1C5635C72042F41003847F900144F
S214149C40B488241D260202830000FFFF4A426600E1
S214149C5000CA424248424A826650588EBBEF002CD5
S214149C6065E04AAF00306F14206F0040202F00309C
S214149C704AA06604538066F82F400030206F003CDC
S214149C80216F0030001020084CDF7CFC4FEF0018CA
S214149C904E7570EB908AD08572FCC08158802F4028
S214149CA0003847F90014B48860982E16246F0034D0
S214149CB02807284E76002C0320122F023F004267F6
S214149CC04E93508FDC80260442434843D6862003A6
S214149CD048404240804728C02814201A4240484032
S214149CE02F022F004E93508F220402810000FFFF94
S214149CF0D280424348432E01DE832C074246484610
S214149D00B5C565B4222F00382D871800588EBBEFC2
S214149D10002C6500FF2E6000FF4A2E2F0034244EC0
S214149D20780028472E1C24122F033F0742674E93B1
S214149D30508F220202810000FFFFD2802C01DC84A7
S214149D40424748472F032F074E93508F42424842AC
S214149D50D480200642404840D082280042444844DA
S214149D6048404240804624C0B9C565B8206F0038C4
S214149D702D848800242DFFFC424248424A82670004
S214149D80FEDA6000FF2648790014F54A42A74878A0
S214149D90016248790014F5834EB90014A48048E78C
S214149DA0203C286F0018266F001C242F00207003F8
S214149DB0C0826676E4826754246C003EB4FC0000CD
S214149DC06700008E4BF900149B940802000066147A
S214149DD0E28267382052B0FC000067382448080234
S214149DE0000067EC2F0A2F0B2F0C4E954FEF000C2C
S214149DF0B6FC00006710206B0004D1C8D1C8D1ECA3
S214149E0000422690208B2640E28266C8200B4CDF48
S214149E103C044E752F0A2F0A2F0C4E952040248092
S214149E2042904FEF000C244860B442A75380D08071
S214149E30D08041F90014F5AC2F3008002F0B2F0CEE
S214149E404EB90014991826404FEF00106000FF66B4
S214149E50487800012F0C4EB9001498642440508F93
S214149E604A80671E257C000002710014700125408C
S214149E700010294A003E42924BF900149B9460004D
S214149E80FF4A48790014F54A42A7487801454879AC
S214149E900014F5834EB90014A48048E73F38246FA5
S214149EA00028266F002C2C2F00302A06EA85222B39
S214149EB000042605D6AB001028035284202B000875
S214149EC0B0846C085281D080B0846DF82F012F0AAC
S214149ED04EB900149864508F4A80670000B8327CDC
S214149EE00014D3C04A856F165A85DA85DA8522009F
S214149EF0D28520494298B28866FA43F158EC41EB71
S214149F000014222B0010D281D2812A08DA81721F03
S214149F10CC8167507E209E86284972002410EDAAB4
S214149F20848128C22218EEA9B1C565F041EB00154C
S214149F30B1C5625474EB948BD4857AFCC4852042E4
S214149F405888238188006722204021440010206B03
S214149F500004D1C8D1C8D1EA00422690208B4CDF29
S214149F601CFC4E7522D8B1C565FA2803204021443E
S214149F700010206B0004D1C8D1C8D1EA0042269044
S214149F80208B4CDF1CFC4E75307C0004238188002B
S214149F9066B660D648790014F54A42A7487801DEBA
S214149FA048790014F5834EB90014A4802F0A2F02A2
S214149FB0246F000C226F001022290010202A001093
S214149FC09081661C45EA0014D281D28141F21800B1
S214149FD043F1181424202221B282660AB1CA62F40C
S214149FE0241F245F4E75B282630870FF241F245FFB
S214149FF04E757001241F245F4E7548E73F3E2C6F44
S21414A00000342A6F0038202D0010222E0010928063
S21414A010664645EE0014D080D08041F2080043F521
S21414A020081422202021B08166000148B1CA62F2C9
S21414A03042A72F2F00344EB9001498642640508F30
S21414A0404A806700015670012740001042AB001486
S21414A050200B4CDF7CFC4E754A816D00011C200DD4
S21414A0602A4E2C4074002F2D00042F2F00344EB986
S21414A070001498642640508F4A80670001362742A1
S21414A080000C282D00104BED00142004D084D08032
S21414A09041F5080043EE0014202E0010D080D08026
S21414A0A0D0897A14DA8B284D24457400221C2C1976
S21414A0B0260102830000FFFF2E0602870000FFFF22
S21414A0C09687D682424148414246484624019486A1
S21414A0D02203484148C1D2822401484248C248411A
S21414A0E04241824324C1B3C065C243EE0015B3C0D7
S21414A0F053C31C034406327CFFEB93CE2E09DE803A
S21414A100E48F4A0366627004DBC02605D680BBC89B
S21414A110646C2443224D20192A0222000281000076
S21414A120FFFFD282484148C1240042424842D282AC
S21414A1302401484248C2D08548414241824024C145
S21414A140B3C865D253882008908D74FCC48020420E
S21414A150D1C34A81660653844AA067FA274400107E
S21414A160200B4CDF7CFC4E7520075280D080D080AC
S21414A1706096B0816300FEE874016000FEEA4A0649
S21414A180660C70002045D1C04A8167CA60CE20078D
S21414A190D087D0802045D1C060EE48790014F54AA7
S21414A1A042A74878023748790014F5834EB900144C
S21414A1B0A48048790014F54A42A74878024548799D
S21414A1C00014F5834EB90014A4804E56FFF848E7E1
S21414A1D03820242E000C262E0010487800012F2E2E
S21414A1E000084EB9001498642440508F4A806700C3
S21414A1F000E420020280000FFFFF42424842E84A71
S21414A2000282000007FF670408C000142D40FFFCFC
S21414A2104A8367642D43FFF8486EFFF84EB900145E
S21414A2209A7A222EFFFC588F4A806700009E782068
S21414A23098802601E9AB86AEFFF825430014E0A902
S21414A2402D41FFFC25410018674476022543001073
S21414A2504A8267440682FFFFFBCDD480206E00142A
S21414A260208276359680206E00182083200A4CEEC5
S21414A270041CFFE84E5E4E75486EFFFC4EB9001483
S21414A2809A7A256EFFFC00147220D081588F7601BE
S21414A290254300104A8266BC0680FFFFFBCE206E64
S21414A2A0001420802003E5882F3208104EB90014BD
S21414A2B09A14588FEB8B9680206E00182083200AF1
S21414A2C04CEE041CFFE84E5E4E75256EFFF8001427
S21414A2D06000FF7248790014F54A42A74878030FC5
S21414A2E048790014F5834EB90014A4804E56FFB86E
S21414A2F02F0A246E000C302A000E6B5E486EFFB8D0
S21414A30030402F082F2E00084EB9001423FE4FEFAE
S21414A310000C4A806D44222EFFBC02810000F0001F
S21414A3200C810000200057C0488048C04480206E2E
S21414A33000142080202EFFF0206E00106F56208010
S21414A3402540004C0C8100008000673A203C000039
S21414A3500800246EFFB44E5E4E75206E00144290B4
S21414A3604A2A000D6A127040206E00102080700079
S21414A370246EFFB44E5E4E75206E001020BC000096
S21414A3800400700060EA203C00000400246EFFB451
S21414A3904E5E4E7520BC00000400203C00000800F1
S21414A3A060B04E56FFF848E73020246E000C082A9A
S21414A3B00001000D671A41EA00432488254800105E
S21414A3C07001254000144CEE040CFFEC4E5E4E75E6
S21414A3D0486EFFFC486EFFF82F0A2F2E00084EB961
S21414A3E00014A2EC2400262EFFF82F032F2E0008AC
S21414A3F04EB9001429EA4FEF00184A806756322ADD
S21414A400000C004100803541000C248025400010CB
S21414A410254300144AAEFFFC661082423541000CF8
S21414A4204CEE040CFFEC4E5E4E75306A000E2F0890
S21414A4302F2E00084EB9001424AC508F322A000C6C
S21414A4404A8067D60241FFFC004100018242354132
S21414A450000C60CC302A000C080000096600FF6867
S21414A4600240FFFC004000023540000C41EA004365
S21414A4702488254800107001254000146000FF4809
S21414A480202F000C6732223C0014F6B02F002F0148
S21414A4902F2F00102F2F00102F2F00204879001474
S21414A4A0F6BD20790014FC362F28000C4EB9001483
S21414A4B0A55E4EB90014B3F4203C0014EBCF220072
S21414A4C02F002F012F2F00102F2F00102F2F0020BA
S21414A4D048790014F6BD20790014FC362F28000C99
S21414A4E04EB90014A55E4EB90014B3F4598F226FFA
S21414A4F0000C206F0010B2FC00006720B0FC0000B7
S21414A50067224AAF001467227000101022804A1087
S21414A51056C0488048C04480588F4E75224FB0FCB1
S21414A520000066DE7000588F4E7570FE588F4E759C
S21414A530206F0008202F000CB0FC0000671C0C8055
S21414A540000000FF6206108070014E75206F000434
S21414A55020BC0000008A70FF4E7570004E754E5673
S21414A5600000486E00102F2E000C2F2E00082F39D6
S21414A5700014FC364EB90014A5824FEF00104E5E40
S21414A5804E754E56FF6C48E73F3C2D6E0008FF781C
S21414A5902D6E000CFF70286E00102D6E0014FF7CBC
S21414A5A04AAEFF78670C206EFF784AA80032670020
S21414A5B00C24226EFF70202900643229000C080136
S21414A5C0000D6610004120003341000C0240DFFFEE
S21414A5D0234000640800000D66000D40206EFF70D6
S21414A5E03028000C08000003670001A24AA80010D7
S21414A5F06700019A0240001A0C40000A6700032AFA
S21414A60043EEFFC02D49FF8C42AEFF9442AEFF903E
S21414A6102E09244942AEFF8042AEFF741014670020
S21414A62001F6264C0C0000256700019E528B101371
S21414A63066F22A4B9BCCB9CB670001DC248C254DE3
S21414A6400004200DD1AEFF94202EFF9052802D4092
S21414A650FF907207B2806D000198508A200DD1AE1B
S21414A660FF741013670001B0528B422EFF893A7C98
S21414A670FFFF74007600284B101C4880304043E8D7
S21414A680FFE07258B289650001B22009D080303BD1
S21414A69008064EFB0002074A01A401A4073C01A4C5
S21414A6A001A401A401A401A401A4058C070E01A40D
S21414A6B0059C05AA01A407C600B200B200B200B2F7
S21414A6C000B200B200B200B200B201A401A401A408
S21414A6D001A401A401A401A401A401A401A4076275
S21414A6E001A401A401A401A401A401A401A401A429
S21414A6F001A401A4067201A401A401A401A401A446
S21414A700061E01A401A409EA01A401A401A401A43B
S21414A71001A401A401A401A401A401A405F4052222
S21414A72001A401A401A40806052201A401A401247D
S21414A73001A407D606DE08F2012401A4089E01A48B
S21414A740081401A401A40B68740043E8FFD0200287
S21414A750D082D080D480D482D489101C48803040D3
S21414A76043E8FFD07209B2896500FF142002D08234
S21414A770D080D480D482D489101C4880304043E8DA
S21414A780FFD07209B28964C66000FEF42F2EFF70E3
S21414A7902F2EFF784EB900147B8C508F4A8066009B
S21414A7A00B7A226EFF703029000C0240001A0C40FF
S21414A7B0000A6600FE4C6000017072108681101C40
S21414A7C0488030406000FEB82A4B9BCCB9CB67005B
S21414A7D0FE92248C254D0004200DD1AEFF94202E1D
S21414A7E0FF9052802D40FF907207B2806C00FE6C72
S21414A7F0486EFF8C2F2EFF702F2EFF784EB9001444
S21414A80076844FEF000C4A8066142447200DD1AE90
S21414A810FF746000FE4E4AAEFF9466000ADA206E9D
S21414A820FF7008280006000D66000AF0202EFF743C
S21414A8304CEE3CFCFF444E5E4E75B0FC000067D6F2
S21414A84030081D40FF98422EFF8978017C0141EEA6
S21414A850FF982D48FF6C9BCD97CB7A7B4605CA8311
S21414A860206EFF94202EFF904A85660C224293C4D5
S21414A870B2FC00006E0002324A2EFF896722528014
S21414A88043EEFF89248972012541000452882D481D
S21414A890FF942D40FF907207B2806D000860508AB6
S21414A8A0B6FC00006722528043EEFF8A24897202A7
S21414A8B02541000454882D48FF942D40FF907207BC
S21414A8C0B2806D000862508A0C8500000080670014
S21414A8D000869BC6BAFC00006E00010A24AEFF6C0C
S21414A8E025460004D1C62D48FF9452802D40FF9073
S21414A8F07207B2806D000166508A08030002670C66
S21414A900224293C42D49FF846E00021AB8826F0245
S21414A9102404D5AEFF74B0FC00006600016642AE97
S21414A920FF9024476000FCF6206EFF704A68000E05
S21414A9306D00FCCE2D6EFF7C00142D4C00102D489F
S21414A940000C2D6EFF7800084CEE3CFCFF444E5E67
S21414A9504EF90014B350264297C4B6FC00006F009C
S21414A960FF727210B28B6C527A8CDA8E224A244B97
S21414A97022062C0326442802242EFF78260122BC05
S21414A9800014F6EC72102341000441E800102D4820
S21414A990FF9452802D40FF907207B2806D0006B06F
S21414A9A0508945EAFFF07210B28A6DD2240422034D
S21414A9B02606280B264A24492C0124BC0014F6EC3F
S21414A9C0254B0004D1CB2D48FF9452802D40FF9088
S21414A9D07207B2806D00088C508A9BC6BAFC0000C1
S21414A9E06F00FEFA7210B28D6C362A2EFF78266E21
S21414A9F0FF7024BC0014F6EC72102541000441E8E4
S21414AA0000102D48FF9452802D40FF907207B2809C
S21414AA106D0005A6508A4BEDFFF07210B28D6DD204
S21414AA2024BC0014F6EC254D0004D1CD2D48FF941B
S21414AA3052802D40FF907207B2806D000744508AF2
S21414AA4024AEFF6C25460004D1C62D48FF945280D0
S21414AA502D40FF907207B2806C00FE9E486EFF8CED
S21414AA602F2EFF702F2EFF784EB9001476844FEFDA
S21414AA70000C4A806600FDA8206EFF9424476000F0
S21414AA80FE7A486EFF8C2F2EFF702F2EFF784EB94D
S21414AA90001476844FEF000C4A806600FD8242AEA6
S21414AAA0FF9024476000FB767210B2896C522D44D6
S21414AAB0FF84280326022208204A2449242EFF78DD
S21414AAC0224120BC0014F6FC72102141000443E914
S21414AAD000102D49FF9452802D40FF907207B280CB
S21414AAE06D000508508845EAFFF07210B28A6DD2E0
S21414AAF024032604282EFF842209224A24482041AF
S21414AB0024BC0014F6FC25490004D1C92D48FF9432
S21414AB1052802D40FF907207B2806D0006EE508A68
S21414AB206000FD56202EFF907210B2896C444BEED6
S21414AB30FF8C47F900147684262EFF782A2EFF7091
S21414AB4024BC0014F6FC72102541000441E80010E1
S21414AB502D48FF9452802D40FF907207B2806D00EE
S21414AB6004BE508A72F0D3AEFF847210B2AEFF8465
S21414AB706DCE24BC0014F6FC256EFF840004D1EEC2
S21414AB80FF842D48FF9452802D40FF907207B280A8
S21414AB906C00FD7A486EFF8C2F2EFF702F2EFF78D8
S21414ABA04EB9001476844FEF000C4A806600FC7091
S21414ABB0206EFF946000FD56206EFF7C201808035C
S21414ABC000046600071608030006670005F448C06C
S21414ABD028002D48FF7C4A806D0002341A2EFF8907
S21414ABE0BAFC00006D00024072804601C6814A809D
S21414ABF066000234BAFC00006600074078007C0049
S21414AC002D47FF6C4A05670252847002C0832640A3
S21414AC10080300016700FC445484367C000260007C
S21414AC20FC3A206EFF7C24186A00019A44822D4850
S21414AC30FF7C72048681101C488030406000FA4005
S21414AC40101C488030400C40002A6700016843E816
S21414AC50FFD09BCD7009B0896500FA24200DD08DE5
S21414AC60D080D08DD0804BF10800101C4880304026
S21414AC7043E8FFD07209B28964E2BAFC00006C00A3
S21414AC80F9FE3A7CFFFF6000F9F6206EFF7C22483E
S21414AC9058881D690003FF98422EFF892D48FF7CB3
S21414ACA078017C0141EEFF982D48FF6C9BCD97CB25
S21414ACB06000FBA870108083206EFF7C28182D4837
S21414ACC0FF7C422EFF89BAFC00006D000208720158
S21414ACD076804603C6804A846652BAFC0000660034
S21414ACE005544A81660004C47C01CC800800000028
S21414ACF0670004C41D7C0030FFBF280641EEFFBF6A
S21414AD002D48FF6C6000FF0470108083206EFF7C5B
S21414AD1028182D48FF7C422EFF89BAFC00006D7C53
S21414AD20720076804603C6804A8467AE7001B0818E
S21414AD30670006185581670003962D47FF6C222E70
S21414AD40FF6C1004020000070600003053AEFF6CC0
S21414AD50206EFF6C1080E68C66E408030000660024
S21414AD6003FA2C079C88280DBC8D6F00FE9E2806BF
S21414AD706000FE98206EFF7C281808030004660CFA
S21414AD8008030006670602840000FFFF2D48FF7CB8
S21414AD902003422EFF89BAFC00006C8426002D473F
S21414ADA0FF6C609A1D7C002BFF89101C4880304075
S21414ADB06000F8CC206EFF7C2A58BAFC00006C04A5
S21414ADC03A7CFFFF2D48FF7C101C48803040600002
S21414ADD0F8AE70018680101C488030406000F8A0E1
S21414ADE04A2EFF896600F8921D7C0020FF89101CED
S21414ADF0488030406000F88870108680206EFF7C93
S21414AE0020182D48FF7C28004A806C00FDD02800AE
S21414AE1044841D7C002DFF89BAFC00006D067280E8
S21414AE204601C6817A2D7009B084650000B4060404
S21414AE3000301D44FFBF280D6F147C0141EEFFBF88
S21414AE402D48FF6C4A056600FDC06000FDBE780103
S21414AE507C0141EEFFBF2D48FF6C60E8707F460012
S21414AE608680101C488030406000F81408030004E4
S21414AE706618080300066712226EFF7C205130AE57
S21414AE80FF7658AEFF7C6000F794226EFF7C20514C
S21414AE9020AEFF7458AEFF7C6000F7827040868048
S21414AEA0101C488030406000F7D6206EFF7C2818AF
S21414AEB008030004660C08030006670602840000F4
S21414AEC0FFFF2D48FF7C2003422EFF89BAFC0000AA
S21414AED06C00FDFC260042057009B0846400FF5027
S21414AEE02D47FF6C47F90014B4AC4878000A2F04B9
S21414AEF04EB90014B538508F0600003053AEFF6CB0
S21414AF00226EFF6C12802C044878000A2F044E938D
S21414AF10508F28007009B08665D02C079CAEFF6C45
S21414AF20280DBC8D6F00FCDE28064A056600FCDA88
S21414AF306000FCD8266EFF7C2D5BFF6C422EFF89CA
S21414AF404AAEFF6C67000350BAFC00006D00029A0C
S21414AF502F0D42A72F2EFF6C4EB900147CB44FEF62
S21414AF60000C4A80670003C82C009CAEFF6C2806B1
S21414AF706B0002704A2EFF896700033A2D4BFF7C44
S21414AF809BCD52846000FC84226EFF7C28197002CC
S21414AF9086803D7C3078FF8A2D7C0014F505FF8072
S21414AFA0422EFF892D49FF7CBAFC00006D0001205B
S21414AFB0200372026000FD1A486EFF8C2F0B2F05BB
S21414AFC04EB9001476844FEF000C4A806600F85091
S21414AFD0206EFF94202EFF9024474BEDFFF0721046
S21414AFE0B28D6D00FA0E6000FA38486EFF8C2F2E64
S21414AFF0FF702F024EB9001476844FEF000C4A806F
S21414B0006600F81C226EFF94202EFF90204745EA17
S21414B010FFF07210B28A6D00FAAA6000FAD42F0DEF
S21414B0202F052F034E934FEF000C4A806600F7F05F
S21414B030206EFF94202EFF90244772F0D3AEFF8428
S21414B0407210B2AEFF846D00FAF86000FB262F056E
S21414B0502F2EFF702F024EB9001476844FEF000C7B
S21414B0604A806600F7BA206EFF94202EFF9022477F
S21414B07045EAFFF07210B28A6D00F9046000F92EEA
S21414B0802D7C0014F4F4FF80226EFF7C281908032C
S21414B0900004660C08030006670602840000FFFF1F
S21414B0A0080300006700FEFA4A846700FEF41D7C5D
S21414B0B00030FF8A30081D40FF8B422EFF89BAFCF1
S21414B0C000006C0001FC700286802D49FF7C2D4721
S21414B0D0FF6C206EFF80700FC08453AEFF6C226E20
S21414B0E0FF6C12B00800E88C66EC2C079C89280DBF
S21414B0F0BC8D6F00FB1628066000FB10486EFF8C94
S21414B1002F2EFF702F2EFF784EB9001476844FEF33
S21414B110000C4A806600F708206EFF94202EFF90DD
S21414B12024476000F77C486EFF8C2F2EFF702F2E5E
S21414B130FF784EB9001476844FEF000C4A806600F0
S21414B140F6DE206EFF94202EFF9024470C85000018
S21414B15000806600F77E6000F7FE0C000030670083
S21414B16000EE5581226EFF6C137C0030FFFF2C0717
S21414B1709C81280DBC8D6E522D41FF6C6000FA8C9C
S21414B180486EFF8C2F2EFF702F2EFF784EB90014AA
S21414B19076844FEF000C4A806600F684206EFF9487
S21414B1A0202EFF9024476000F73478007C002D474B
S21414B1B0FF6C6000FA5678002D47FF6C6000FA4C5E
S21414B1C028002D48FF7C6000FA0E28062D41FF6CDF
S21414B1D06000FA382F084EB90014408A588F600061
S21414B1E0F3D278006000FD8E2F2EFF6C4EB900143B
S21414B1F04C762C00588F28066A00FD7A60E42D7C65
S21414B2000014F505FF806000FE80486EFF8C2F2E1C
S21414B210FF702F2EFF784EB9001476844FEF000C73
S21414B2204A806600F5FA206EFF94202EFF9024477D
S21414B2306000F6467001B0816600FAFA420578306E
S21414B2401D44FFBF280D6E00FBF26000FC022C07A5
S21414B2509CAEFF6C280DBC8D6F00F9B028066000FC
S21414B260F9AA486EFF8C2F2EFF702F2EFF784EB93A
S21414B270001476844FEF000C4A806600F5A2206E08
S21414B280FF94202EFF9024479BC6BAFC00006F0044
S21414B290F64C6000F7502C0D7206B28D65462806E3
S21414B2A02D4BFF7C2D7C0014F516FF6C9BCD97CB95
S21414B2B06000F5A82D4BFF7C9BCD97CB6000F59CCA
S21414B2C070804600C680720286812D49FF7C2D4709
S21414B2D0FF6C206EFF806000FDFE2D48FF7C28006A
S21414B2E06000FB267C0628062D4BFF7C2D7C001464
S21414B2F0F516FF6C60B6486EFF8C2F2EFF702F2E3F
S21414B300FF784EB9001476844FEF000C206EFF7051
S21414B31008280006000D6700F51472FF2D41FF740F
S21414B320202EFF744CEE3CFCFF444E5E4E752C0DE6
S21414B33028066A00FC406000FEAA78301D44FFBF51
S21414B340280D6E00FAF66000FB0642056000FAD877
S21414B3504FEFFB9848E73820262F047C246F048090
S21414B360302A000C0240FFFD3F40001C2F6A006488
S21414B37000743F6A000E001E2F6A001C002C2F6AF1
S21414B380002400347078D08F2F4000107078D08F3F
S21414B3902F4000202F7C0000040000182F7C000093
S21414B3A00400002442AF00282F2F04882F2F04886F
S21414B3B07818D88F2F042F034EB90014A5822400B2
S21414B3C04FEF00106A1A082F0006001D6706006A61
S21414B3D00040000C20024CDF041C4FEF04684E752E
S21414B3E02F042F034EB900143DEA508F4A8067D6B7
S21414B3F074FF60D2487800064EB90014B408487832
S21414B40000014EB90014235C2F0A2F02242F000CBF
S21414B41024790014FC36701FB082655E202A01124F
S21414B420672E2202D282D2812040D1C12250B2FC91
S21414B4300000671C7001B089670E70FFB089672E14
S21414B44042902F024E91588F7000241F245F4E7521
S21414B4502F0A4EB9001427FE2F022F002F0A4EB9BA
S21414B460001428084FEF0010241F245F4E75701622
S21414B47024807001241F245F4E757016248070FF7C
S21414B480241F245F4E750000302F0004C0EF000AFE
S21414B490322F0006C2EF0008D04148404240322FF7
S21414B4A00006C2EF000AD0814E7500002F02222F2C
S21414B4B0000C202F00080C810001000064162400E4
S21414B4C04242484284C130024840342F000A84C1A4
S21414B4D0300260302401E289E2880C810001000009
S21414B4E064F480C102800000FFFF2202C2C04842FA
S21414B4F0C4C048424A42660AD2826506B2AF000801
S21414B50063025380241F4E752F027401222F000CE1
S21414B5106A0444814402202F00086A0444804402CA
S21414B5202F012F004EB90014B4AC508F4A026A0291
S21414B5304480241F4E750000222F0008202F00047C
S21414B5402F012F004EB90014B4AC508F222F0008D0
S21414B5502F012F004EB90014B488508F222F0004E8
S21414B560928020014E750000222F0008202F000420
S21414B5702F012F004EB90014B508508F222F000843
S21414B5802F012F004EB90014B488508F222F0004B8
S21414B590928020014E75000080873E3C00037C029A
S21414B5A04EF90014BF72203C7FF0000072008087B2
S21414B5B03E3C00057C024EF90014BF727000220057
S21414B5C03E3C00037C024EF90014BF7270FF22004A
S21414B5D03E3C00117C024EF90014BF72203C7FF0F2
S21414B5E00000720080873E3C00097C024EF900146D
S21414B5F0BF72086F001F000C4E56000048E73F004D
S21414B600202E0008222E000C242E0010262E0014A5
S21414B6102E00D281D180670002862C02D683D58272
S21414B6206700029A0287800000004846024680009F
S21414B6308E4620472C3C001FFFFF2E3C00200000A7
S21414B6402800C0864686C88667000246B886670005
S21414B65002CA80874844EA4C2A02CA86670002381F
S21414B660BA86670002B64686C48684874845EA4D7D
S21414B67048E70030244426457E002C072A03280277
S21414B68026072407C98ACB8BBA44670000CC62000D
S21414B690006434049445C98ACB8B0C4200376C0082
S21414B6A001D20C4200206C0000220C4200106C00E8
S21414B6B0002A6000000AE28CE295E296E29751CAEC
S21414B6C0FFF674002602600000942E062C052A0449
S21414B6D07800044200206000FFD23E0648473C052E
S21414B6E048463A044845383C000048440442001092
S21414B6F06000FFCCC9453C049C45C98ACB8B0C46DC
S21414B70000376C0001500C4600206C0000220C46DA
S21414B71000106C00002A6000000AE288E291E292AF
S21414B720E29351CEFFF67E002C076000003026020E
S21414B730240122007000044600206000FFD2360266
S21414B74048433401484232004841303C00004840E7
S21414B750044600106000FFCCC98ACB8BCF88CD8BF3
S21414B7602C073E3C000048463C3C0000BF866B005D
S21414B770006ECF88CD8BD687D586D385D184280AFC
S21414B7802E080287800000004CDF0C0008000036EC
S21414B7906700000CE288E291E292E293524441FA86
S21414B7A0002043F90014FEB83C2900066700075031
S21414B7B00C460002620007AC6D0007A8600007A4E0
S21414B7C00C4407FF6C00001208800034E94C484013
S21414B7D080444840600001287A016000FDCACF8882
S21414B7E0CD8B96879586938591846700010E6A00A3
S21414B7F000122E080847001F2047448340824081C9
S21414B8004080280A2E080287800000004CDF0C00B7
S21414B810080000366700000CE288E291E292E29398
S21414B820524441FA002043F90014FEB83C2900069D
S21414B830670006CC0C460002620007286D00072439
S21414B8406000072008800034E94C48408044484093
S21414B850600000AC4CDF0C00202E0010222E0014CA
S21414B86041F90014FEB830BC00004CDF00FC4E5EFC
S21414B8704E754CDF0C00202E0008222E000C41F9C9
S21414B8800014FEB830BC00004CDF00FC4E5E4E7553
S21414B89028076000FDC02A0746866000FDD02002F7
S21414B8A02203660000200C8080000000660000164C
S21414B8B0028780000000428060000044202E0008AA
S21414B8C0222E000C7A012E000287800000000880C9
S21414B8D0001F0C807FF000006C0000102000660033
S21414B8E0001E0887001F600000160280000FFFFF6E
S21414B8F080816600FCD86000FCAE4CDF0C0041F979
S21414B9000014FEB830BC000080874CDF00FC4E5E8E
S21414B9104E75E288E2916000FFE67A01202E000858
S21414B920222E000C242E0010262E0014283C7FF005
S21414B93000002E002C020880001F0882001FB0840E
S21414B9406200FC8A660000084A816600FC80B484A3
S21414B9506200FC7A660000084A836600FC70BF86A4
S21414B9606B00000C0287800000006000FC3AB08276
S21414B97066000008B2836700FC540287800000004B
S21414B980B0846700FC220847001F6000FC1A4E565D
S21414B990000048E73F00202E0008222E000C242E1C
S21414B9A00010262E00142E00B58702878000000093
S21414B9B020472E3C7FF000002C0746860880001F88
S21414B9C0280088816700012028000882001F2A02A8
S21414B9D08A83670001062A02B087620000DC6700CB
S21414B9E000ECB487620000D2670000D4C8876700F2
S21414B9F00120C0860080001000004844E84CCA8726
S21414BA0067000124C4860082001000004845E84DF3
S21414BA10D845044403FF48E70030247C00000000A7
S21414BA202644EA9A4842EA9B48433C03024607FFE8
S21414BA3084460243F8002C022E0328002A017600BE
S21414BA40240322032003227C00000034CF89CF89EC
S21414BA50D683D582D381D180DE87DD866400000E3E
S21414BA60CF8AD685D584D387D187CF8ACF8951CF2D
S21414BA70FFDE280B4CDF0C0048404841300148429A
S21414BA80320248433403363C0000E288E291E292E4
S21414BA90E293E288E291E292E293E288E291E29201
S21414BAA0E2932E087A02080000166700027AE288EB
S21414BAB0E2915244600002707A026000FB107A022F
S21414BAC02E084A836600FB066000FADC7A022E080B
S21414BAD04A816600FAF86000FACE7A02C540C74179
S21414BAE02008600000102008242E0010262E0014B3
S21414BAF00882001F0C827FF000006C00FAD041F917
S21414BB000014FEB830BC00004CDF00FC4E5E4E75D0
S21414BB107801C086D281D180534408000014660090
S21414BB20FEDE6000FFF07A01C486D683D5825345C4
S21414BB30080200146600FEDA6000FFF04E5600009D
S21414BB4048E73F00202E0008222E000C242E00105A
S21414BB50262E00142E00B58702878000000020478A
S21414BB602E3C7FF000002C0746860880001F280015
S21414BB7088816700011228000882001F2A028A831F
S21414BB806700013C2A02B087620000F66700015481
S21414BB90B487620000EC6700013EC8876700015C4A
S21414BBA0C0860080001000004844E84CCA8767002E
S21414BBB00160C4860082001000004845E84D984590
S21414BBC0064403FE7C002E06227C000000007A1633
S21414BBD0B4806200000C67000014928391820BC636
S21414BBE0D281D18051CDFFEA6000000CB68162008C
S21414BBF0FFF06000FFE67A1FB4806200000C670056
S21414BC000014928391820BC7D281D18051CDFFEA62
S21414BC106000000CB6816200FFF06000FFE67A3523
S21414BC20B0826200001C67000012D281D18051CD10
S21414BC30FFF07400260260000028B6816200FFEC54
S21414BC4074002602044500350645003F0C45001FC7
S21414BC506200000C0BC360000008044500200BC2F1
S21414BC60200622077600080000166700000CE288FB
S21414BC70E291E292E29352442E087A03600000A8FE
S21414BC807A036000F9487A030882001F2802888322
S21414BC906700F93A0C827FF000006200F9306D00FC
S21414BCA000084A836600F9262008720041F9001439
S21414BCB0FEB830BC00004CDF00FC4E5E4E757A03B6
S21414BCC02E080C807FF000006200F9024A8166009C
S21414BCD0F8FC6000F9087A034A836600F8F06000FE
S21414BCE0F8DC7A034A816600F8E4B4876C00F8DE60
S21414BCF04A836600F8D86000F8AE7801C086D28110
S21414BD00D1805344080000146600FEA26000FFF0C1
S21414BD107A01C486D683D582534508020014660079
S21414BD20FE9E6000FFF00C44FFCA6D00F89020479A
S21414BD307C002E060C4400016C0000205244E2885D
S21414BD40E291E292E293E296E2970C4400016700D5
S21414BD50000A6000FFE86000F864848686872E0870
S21414BD6041FA002043F90014FEB83C290006670087
S21414BD70018E0C460002620001EA6D0001E66000C6
S21414BD8001E20C4407FF6C00F81E38046700F80A3A
S21414BD90E94C08800014484080444840808741F9A4
S21414BDA00014FEB830BC00004CDF00FC4E5E4E752E
S21414BDB04E56000048E73F007A04202E0008222E34
S21414BDC0000C0840001F24000882001F28028881E7
S21414BDD0670000340C827FF000006D0000186200CB
S21414BDE0F7EC4A816600F7E62E0002878000000012
S21414BDF06000F7B441F90014FEB830BC00004CDF04
S21414BE0000FC4E5E4E750880001F6000FFE84E561C
S21414BE10000048E73F007A05202E0008222E000C6A
S21414BE20242E0010262E00142C000880001F2E022C
S21414BE300882001F0C807FF00000620000946700E8
S21414BE40007C28008881670000640C827FF0000064
S21414BE506200007E67000070280288836700005620
S21414BE60BD876A00000C4A866A00002E6B000034F8
S21414BE704A866A000006C142C343B48062000024A6
S21414BE8066000016B6816200001A6600000C700088
S21414BE904CDF00FC4E5E4E7570014CDF00FC4E5EAF
S21414BEA04E7570FF4CDF00FC4E5E4E750886001F04
S21414BEB06000FF980887001F6000FFA64A8166008E
S21414BEC0F70C6000FF864A836600F7026000FF9254
S21414BED0202E00187E117C024EF90014BF724E56A6
S21414BEE00000487800012F2E00142F2E00102F2E3D
S21414BEF0000C2F2E00086100FF164E5E4E750800CB
S21414BF000015660000160C4400016700000ED68368
S21414BF10D582D381D18051CCFFE60801000067009A
S21414BF2000228682660000142601028300000002A6
S21414BF307400D283D1826000000A76017400D28322
S21414BF40D182E288E2910800001567000008E288B2
S21414BF50E291524408000014670000044ED07800A2
S21414BF604ED04ED041F90014FEB8317C00000004C7
S21414BF704E7541F90014FEB830878F6800043146B8
S21414BF8000083145000A0C4600016700001E216EA9
S21414BF900008000C216E000C0010216E0010001416
S21414BFA0216E001400186000000E216E0008000CAC
S21414BFB0216E000C0014CE6800026700000A48794F
S21414BFC00014FEB84E4F4CDF00FC4E5E4E7500005B
S21414BFD04E560000487800012F2E00142F2E001005
S21414BFE02F2E000C2F2E00084EB90014BE0E4E5ED7
S21414BFF04E7500004E560000487800012F2E00148F
S21414C0002F2E00102F2E000C2F2E00084EB90014C1
S21414C010BE0E4E5E4E7500004E5600004878FFFF6A
S21414C0202F2E00142F2E00102F2E000C2F2E00084B
S21414C0304EB90014BE0E4E5E4E7500004E560000ED
S21414C040487800012F2E00142F2E00102F2E000CCF
S21414C0502F2E00084EB90014BE0E4E5E4E7500000C
S21414C0604E560000487800012F2E00142F2E001074
S21414C0702F2E000C2F2E00084EB90014BE0E4E5E46
S21414C0804E7500004E56000048E73F30266E0008F6
S21414C090206E000C2A2E0014200822052400484086
S21414C0A0260148413802C8C3C4C1C6C0C2C0200451
S21414C0B0B1404840D480D483640606810001000051
S21414C0C048427000300234042C02D0812E0045F908
S21414C0D00014B4882F2E00102F084E92508F240070
S21414C0E02F052F0B4E92508FD082D08722064CEEFF
S21414C0F00CFCFFE04E5E4E754E56000048E73800C6
S21414C100202E0008222E000C242E001067147820EF
S21414C11098824A846F142600E4ABE4A9E9A88280C6
S21414C12020034CDF001C4E5E4E75760044842200BD
S21414C130E8A9200360EC00004E56000048E73800DB
S21414C140202E0008222E000C242E001067147820AF
S21414C15098824A846F142601E5ABE5A8E8A9808185
S21414C16022034CDF001C4E5E4E757600448420017C
S21414C170E9A8220360EC00004E56FFF448E73F3C63
S21414C180282E00082C2E000C222E0010206E0014D0
S21414C190260824012A0626444A8166000100B88827
S21414C1A06400014EB1FC0000FFFF6200049EB0FC68
S21414C1B000FF630274082008E4A843F90014F70C7F
S21414C1C0103108000280000000FFD4807020908296
S21414C1D067122608E1ABE1AC2206E4A98284264164
S21414C1E02A06E1AD2803424448442C030286000084
S21414C1F0FFFF4BF90014B5382F042F0B4E95508FB4
S21414C2002E0045F90014B4AC2F042F0B4E92508F09
S21414C210240047F90014B4882F002F064E93508F2D
S21414C2202207484142412E05424748478E81BE8028
S21414C230641622425389DE83BE8365000422BE80C0
S21414C2406400041C5582DE839E802F042F074E95AF
S21414C250508F28402F042F074E92508F2E002F00F9
S21414C2602F064E93508F280C484442448845B88075
S21414C270641422075381D883B88365000402B880F7
S21414C280640003FC5587220248414241828799CCB8
S21414C290200C4CEE3CFCFFCC4E5E4E75B88165000F
S21414C2A001500C810000FFFF620001560C81000053
S21414C2B000FF620003F470002E01E0AF43F900148F
S21414C2C0F70C1E3178000287000000FFD0877E200E
S21414C2D09E8066000156B7C26206BA8365000112D4
S21414C2E0720199CC200C4CEE3CFCFFCC4E5E4E7585
S21414C2F045F90014B4AC4A83660C42A7487800018A
S21414C3004E92508F26000C830000FFFF62000244FA
S21414C3100C83000000FF630274082003E4A841F9AC
S21414C3200014F70C103008000280000000FFD480C0
S21414C3307020908266000246240494832C0342469E
S21414C34048462E0302870000FFFF387C00014BF995
S21414C3500014B53847F90014B4882F062F024E95EA
S21414C360508F28002F062F024E92508F24002F072E
S21414C3702F004E93508F22044841424128054244D0
S21414C38048448881B880641622425389D883B88377
S21414C390650002C6B880640002C05582D8839880AF
S21414C3A02F062F044E95508F2A402F062F044E9298
S21414C3B0508F2C002F072F004E93508F280D484473
S21414C3C042448845B880641422065381D883B883BF
S21414C3D06500029EB8806400029855862202484181
S21414C3E042418286200C4CEE3CFCFFCC4E5E4E75D1
S21414C3F0720099CC200C4CEE3CFCFFCC4E5E4E7575
S21414C4000C8100FFFFFF620002A670102E01E0AF41
S21414C41043F90014F70C1E3178000287000000FF61
S21414C420D0877E209E806700FEAEEFA92A08E0AD76
S21414C4308A812208EFA92D41FFFC2404E0AAEFAC60
S21414C4402206E0A98881200542404840284022055B
S21414C45002810000FFFF2D41FFF84BF90014B53898
S21414C4602F002F024E95508F260045F90014B4ACB9
S21414C4702F0C2F024E92508F240047F90014B488C4
S21414C4802F002F2EFFF84E93508F4843424322041A
S21414C490424148418681B680641622425389D68525
S21414C4A0B685650001C0B680640001BA5582D6858B
S21414C4B096802F0C2F034E95508F2A402F0C2F0347
S21414C4C04E92508F24402F002F2EFFF84E93508FED
S21414C4D0260D484342438644B680641641EAFFFF5D
S21414C4E0D685B68565000184B6806400017E558ABB
S21414C4F0D685224393C048424242200A8082204076
S21414C5002008222EFFFC2400484026014841380209
S21414C510C8C3C4C1C6C0C2C02004B1404840D480F9
S21414C520D48364060681000100004842700030027D
S21414C53034042442D0812A00BA896200015A670062
S21414C540014E220899CC200C4CEE3CFCFFCC4E5EDF
S21414C5504E750C8300FFFFFF6200015A741020030F
S21414C560E4A841F90014F70C10300800028000000B
S21414C57000FFD480702090826700FDBEE1AB2204D9
S21414C580E4A92641E1AC2206E4A988812A06E1AD95
S21414C5902C03424648462E0302870000FFFF4BF941
S21414C5A00014B5382F062F0B4E95508F24002F06E7
S21414C5B02F0B4E92508F284047F90014B4882F0042
S21414C5C02F074E93508F2202484142412404424280
S21414C5D048428282B280641643ECFFFFD283B28351
S21414C5E0650000F0B280640000EA558CD283928015
S21414C5F02F062F012D41FFF44E95508F24002F0641
S21414C600222EFFF42F014E92508F2F002F072D400D
S21414C610FFF44E93508F484242428444222EFFF435
S21414C620B480641620415388D483B4836500009282
S21414C630B4806400008C5581D4839480200C4840C8
S21414C6404240808128406000FD12B1FC00FFFFFFCD
S21414C650626874106000FB6024096000FD422409BF
S21414C6606000FBE624096000FE4824486000FE844F
S21414C6702C0122024841424182866000FD682E0148
S21414C680220248414241828799CC6000FC04EFAEF6
S21414C690B5C66300FEAE2208538199CC200C4CEE2E
S21414C6A03CFCFFCC4E5E4E7570086000FC0C701897
S21414C6B06000FC0674186000FC6274186000FAF8D7
S21414C6C022089480200C4840424080812840600014
S21414C6D0FC8A28496000FF184E56FFF448E73F3C92
S21414C6E0282E0008242E000C202E0010222E0014B3
S21414C6F02A0126002D42FFF826444A80660000EAE6
S21414C700B8816400014E0C810000FFFF62000394A0
S21414C7100C81000000FF630276082001E6A841F9A8
S21414C7200014F70C7C001C300800DC8376209686F8
S21414C73067142A01E7ADE7AC2002ECA880842640F3
S21414C740E7AA2D42FFF82805424448442C050286E1
S21414C7500000FFFF4BF90014B5382F042F0B4E952D
S21414C760508F240045F90014B4AC2F042F0B4E92AE
S21414C770508F47F90014B4882F002F064E93508F0D
S21414C780220248414241242EFFF842424842828205
S21414C790B280640CD285B2856506B2806402D285F6
S21414C7A0284199C02F042F0C4E95508F24002F0427
S21414C7B02F0C4E92588F2E802F064E93508F220297
S21414C7C048414241826EFFFAB280640CD285B2852B
S21414C7D06506B2806402D28592807000E6A94CEE9B
S21414C7E03CFCFFCC4E5E4E75B880650001220C8072
S21414C7F00000FFFF620001260C80000000FF6200AC
S21414C80003B695CA2C002E0AEEAE204643F9001441
S21414C810F70C7C001C31880020462C0ADC88307CFF
S21414C820002091C6B0FC000066000128B7C362065B
S21414C830BAAEFFF8620C2E029E81998026442D47CC
S21414C840FFF8200B222EFFF84CEE3CFCFFCC4E5E7D
S21414C8504E7545F90014B4AC4A81660C42A7487864
S21414C86000014E92508F2A000C850000FFFF6200D4
S21414C87002420C85000000FF630276082005E6A835
S21414C88041F90014F70C720012300800D283762097
S21414C89096816600024498852C0542464846200533
S21414C8A002800000FFFF28404BF90014B53847F902
S21414C8B00014B4882F062F044E95508F24002F068C
S21414C8C02F044E92588F2E8C2F004E93508F220288
S21414C8D048414241242EFFF8424248428282B280A6
S21414C8E0640CD285B2856506B2806402D2852801AE
S21414C8F098802F062F044E95508F24002F062F0451
S21414C9004E92588F2E8C2F004E936000FEB020044B
S21414C91022024CEE3CFCFFCC4E5E4E750C8000FFA3
S21414C920FFFF6200029A347C00102C002E0AEEAE32
S21414C930204643F90014F70C7C001C31880020466E
S21414C9402C0ADC88307C002091C6B0FC00006700FE
S21414C950FEDC2E08EFA82E01ECAF8E802008E1A98D
S21414C9602D41FFFC2604ECABE1AC2002ECA8888039
S21414C9702008E1AA2D42FFF82007424048402840EC
S21414C9802A0702850000FFFF4BF90014B5382F0064
S21414C9902F032D48FFF44E95508F240045F90014AC
S21414C9A0B4AC2F0C2F034E92508F260047F9001468
S21414C9B0B4882F002F054E93508F484242422204CB
S21414C9C0424148418481206EFFF4B48064162203E9
S21414C9D05381D487B487650001A4B4806400019E93
S21414C9E05583D48794802F0C2F022D48FFF44E9530
S21414C9F0508F2A402F0C2F024E92508F24402F0017
S21414CA002F054E93508F240D484242428444206E84
S21414CA10FFF4B4806416220A5381D487B487650061
S21414CA200162B4806400015C558AD487224293C0A4
S21414CA3048434243200A80832440200A222EFFFCC7
S21414CA4024004840260148413802C8C3C4C1C6C0A1
S21414CA50C2C02004B1404840D480D4836406068102
S21414CA600001000048427000300234042642D0818F
S21414CA702440260A220BB5C9620001166700010A73
S21414CA802809242EFFF8948199832204EDA92608F8
S21414CA90E6AA2004E6A882824CEE3CFCFFCC4E5E4E
S21414CAA04E750C8100FFFFFF6200011C76106000BB
S21414CAB0FC6A0C8500FFFFFF620001127610200549
S21414CAC0E6A841F90014F70C720012300800D2835D
S21414CAD0762096816700FDC0E7AD2C04E2AE2646AC
S21414CAE0E7AC2002E2A82E008E84E7AA2D42FFF8B7
S21414CAF02C0542464846200502800000FFFF2840C9
S21414CB004BF90014B5382F062F0B4E95508F240072
S21414CB102F062F0B4E92508F47F90014B4882F000F
S21414CB202F0C4E93508F2202484142412407424212
S21414CB3048428481B480640CD485B4856506B48078
S21414CB406402D48594802F062F024E95508F2800A9
S21414CB502F062F024E92588F2E802F0C4E93508FE6
S21414CB60484442448847B880640CD885B88565061E
S21414CB70B8806402D88598806000FD3A260160006B
S21414CB80FE6424416000FEA6B7EEFFF86300FEF2D2
S21414CB90260A220B92AEFFFC97872809242EFFF84C
S21414CBA0948199832204EDA92608E6AA2004E6A80F
S21414CBB082826000FEE4347C00086000FC48347C0A
S21414CBC000186000FC4076186000FB507618600071
S21414CBD0FCAC00004E5600002F02222E0008200146
S21414CBE04840EE4048C074004602C082B480671CB9
S21414CBF0202E000C4840EE4048C072004601C0810A
S21414CC00B28067187000241F4E5E4E750281007F36
S21414CC10FFFF67DC7001241F4E5E4E75202E000C3D
S21414CC200280007FFFFF56C0488048C04480241FFF
S21414CC304E5E4E754E5600002F02222E0008242EED
S21414CC400010226E0014206E000C20014840E840AC
S21414CC5048C00280000007FF0C80000007FF671E14
S21414CC6020024840E84048C00280000007FF0C80BD
S21414CC70000007FF671E7000241F4E5E4E7502816B
S21414CC80000FFFFF6606B0FC000067D47001241F77
S21414CC904E5E4E750282000FFFFF66F0B2FC000077
S21414CCA066EA700060D24E56000048E73800202E20
S21414CCB00008674E223C0000041E0C8001FFFFFF94
S21414CCC0620CE98859810C8001FFFFFF63F44A80E7
S21414CCD06D08D08053814A806CF82400760BE6AA3F
S21414CCE008820014E94948414241280288812600F6
S21414CCF0EB4B48434243200422034CDF001C4E5E99
S21414CD004E7593C991C8200922084CDF001C4E5E4C
S21414CD104E754E56000048E73800202E000867541B
S21414CD206D627400223C0000041D0C8000FFFFFF9F
S21414CD306E6AE98859810C8000FFFFFF6FF4D0807B
S21414CD4053810C803FFFFFFF6FF4E949484142418D
S21414CD5082822400760AE6A20882001428018882B9
S21414CD602600ED4B48434243200422034CDF001CAC
S21414CD704E5E4E7593C991C8200922084CDF001CDC
S21414CD804E5E4E7544806B40243C80000000223C6E
S21414CD900000041D0C8000FFFFFF6F960C803FFF01
S21414CDA0FFFF6F9AE9494841424182822400760A7D
S21414CDB0E6A208820014280188822600ED4B484318
S21414CDC042432004220360A4227CC1E0000091C8E0
S21414CDD0200922084CDF001C4E5E4E754E5600008D
S21414CDE02F2E00084EBAFEC02E812F004EBA009E7B
S21414CDF0508F4E5E4E754E5600002F2E00084EBABB
S21414CE00FF122E812F004EBA0084508F4E5E4E7540
S21414CE104E56000048E73800202E000826000283ED
S21414CE208000000022000881001F4A8167502200FB
S21414CE304841EE4148C174004602C2820280007F17
S21414CE40FFFF4A8166107201D080538108000017D4
S21414CE5067F608800017068100000380E9494841F8
S21414CE6042412400E6828483280188822600721DAB
S21414CE70E3AB200422034CDF001C4E5E4E7591C8B3
S21414CE80200322084CDF001C4E5E4E754E560000E2
S21414CE9048E73C00202E0008222E000C24000882AE
S21414CEA0001F4A82660000A62401670000FA2600C6
S21414CEB04843E84348C30283000007FF0683FFFF86
S21414CEC0FC8028020284003FFFFF22007A0AEBA9A6
S21414CED002813FFFFC0008C1001E42424842EC4A51
S21414CEE08282743FC4818484EC814A836F0000A2DA
S21414CEF008010000673E4A8266060801000167348E
S21414CF004A83670000B0207C020000007802528139
S21414CF10B1C16E205283EF4B48434243E8A10881C7
S21414CF200017028080000000828380814CDF003C62
S21414CF304E5E4E75EF4B48434243E281088100171C
S21414CF400280800000008283808160E02401260035
S21414CF504843E84348C30283000007FF0683FFFFE5
S21414CF60FC8028020284003FFFFF22007A0AEBA905
S21414CF7002813FFFFC0008C1001E42424842EC4AB0
S21414CF808282743FC4818484EC814A836E00FF627B
S21414CF9078E8B8836F2A720076000280800000005A
S21414CFA08283808160860280800000004CDF003C13
S21414CFB04E5E4E75207C0100000078016000FF5024
S21414CFC07A019A837801EBAC5384C8818484EAA1ED
S21414CFD07600080100006600FF1E6000FF584E56DB
S21414CFE0000048E73800222E0008262E000C2001E8
S21414CFF0672824014842E84248C20282000007FF1C
S21414D000204241E8FBE3B0FC00006F164A815CC086
S21414D010488048C00680800000004CDF001C4E5E2E
S21414D0204E7578E1B8886E42780AE9A902813FFF06
S21414D030FC0042434843EC4B08C3001E8283B0FCFA
S21414D0400000660E4A806D1620014CDF001C4E5EF2
S21414D0504E75263C0000041D9682E6A160E620016B
S21414D06044804CDF001C4E5E4E7570004CDF001C76
S21414D0704E5E4E754E5600002F2E00084EBAFD9288
S21414D0802E812F004EBAFF58508F4E5E4E750000FC
S21414D0904E56FFF42D6E0008FFF42D6E000CFFF8AC
S21414D0A02D6E0010FFFC302EFFF448C002800000E6
S21414D0B07FFF0C8000007FFF672C2D6E0014FFF49A
S21414D0C02D6E0018FFF82D6E001CFFFC302EFFF49A
S21414D0D048C0028000007FFF0C8000007FFF671EA0
S21414D0E070004E5E4E75202EFFF80880001F4A8092
S21414D0F066064AAEFFFC67C270014E5E4E75202E61
S21414D100FFF80880001F4A8066EE4AAEFFFC66E809
S21414D1104E5E4E754E56FFF42F032F02222E000835
S21414D120226E000C260920010280800000002D408B
S21414D130FFF424010882001F4A82666A24094A837F
S21414D140670000C026014843E84348C30283000032
S21414D15007FF068300003C004843424386802D4365
S21414D160FFF4700BE1A902817FFFF80008C1001FCD
S21414D170200242404840EA4882802D41FFF8720B54
S21414D180E3AA2D42FFFC202EFFF4222EFFF8242EB5
S21414D190FFFC208021410004214200082008241F9F
S21414D1A0261F4E5E4E75240926014843E84348C39D
S21414D1B00283000007FF068300003C0048434243F6
S21414D1C086802D43FFF4700BE1A902817FFFF800DF
S21414D1D008C1001F200242404840EA4882802D4180
S21414D1E0FFF8720BE3AA2D42FFFC202EFFF4222E2A
S21414D1F0FFF8242EFFFC2080214100042142000861
S21414D200609A42AEFFF842AEFFFC202EFFF4222EA8
S21414D210FFF8242EFFFC2080214100042142000840
S21414D2202008241F261F4E5E4E754E56FFF448E700
S21414D2303C002D6E0008FFF42D6E000CFFF82D6ECA
S21414D2400010FFFC202EFFF426000283800000004E
S21414D25022000881001F4A81665A222EFFF8242EC7
S21414D260FFFC4A8166064A826700009A484048C016
S21414D270028000007FFF0680FFFFC4000C800000C1
S21414D28007FE6E50E9484840424080832601780BDA
S21414D290E8AB0283000FFFFFEB4948414241E8AA7E
S21414D2A02A008A8328018882200522044CDF003C49
S21414D2B04E5E4E75222EFFF8242EFFFC484048C0C2
S21414D2C0028000007FFF0680FFFFC4000C80000071
S21414D2D007FE6FB0203C000007FEE9484840424075
S21414D2E080832601780BE8AB0283000FFFFFEB491F
S21414D2F048414241E8AA2A008A83280188822005E8
S21414D300220460A891C8200322084CDF003C4E5E1D
S21414D3104E754E56FFF42F0A2F0224482F2E00085F
S21414D3204EB90014CE102F012F0041EEFFF44EBA62
S21414D330FDE4202EFFF4222EFFF8242EFFFC24807A
S21414D3402541000425420008200A242EFFEC246EF2
S21414D350FFF04E5E4E754E5600002F2E00102F2EE8
S21414D360000C2F2E00084EBAFEC24FEF000C2D40B4
S21414D37000082D41000C4E5E4EF90014CE8C4E560D
S21414D380FFF42F0A2F0224482F2E00084EB900143B
S21414D390CD122F012F0041EEFFF44EBAFD78508FB8
S21414D3A0202EFFF4222EFFF8242EFFFC2480254185
S21414D3B0000425420008200A242EFFEC246EFFF0F9
S21414D3C04E5E4E754E56FFF42F0A2F0224482F2E0B
S21414D3D000084EB90014CCA62F012F0041EEFFF41E
S21414D3E04EBAFD32508F202EFFF4222EFFF8242E34
S21414D3F0FFFC24802541000425420008200A242E20
S21414D400FFEC246EFFF04E5E4E754E5600002F2E27
S21414D41000102F2E000C2F2E00084EBAFE0E4FEFC3
S21414D420000C2D4000082D41000C4E5E4EF90014E1
S21414D430CFDE4E56FFF448E73030244847FAFDEC6A
S21414D4402F2E00102F2E000C2F2E00084E93240083
S21414D45026012EAE00142F6E001800042F6E001C2A
S21414D46000084E93508F2E812F002F032F024EB993
S21414D4700014B5F84FEF000C2E812F0041EEFFF488
S21414D4804EBAFC92508F202EFFF4222EFFF8242E34
S21414D490FFFC24802541000425420008200A4CEE97
S21414D4A00C0CFFE44E5E4E754E56FFF448E73030D3
S21414D4B0244847FAFD762F2E00102F2E000C2F2E00
S21414D4C000084E93240026012EAE00142F6E00186A
S21414D4D000042F6E001C00084E93508F2E812F00D0
S21414D4E02F032F024EB90014B5F24FEF000C2E8105
S21414D4F02F0041EEFFF44EBAFC1C508F202EFFF482
S21414D500222EFFF8242EFFFC2480254100042542F9
S21414D5100008200A4CEE0C0CFFE44E5E4E754E5678
S21414D520FFF448E73030244847FAFD002F2E001049
S21414D5302F2E000C2F2E00084E93240026012EAEFC
S21414D54000142F6E001800042F6E001C00084E9353
S21414D550508F2E812F002F032F024EB90014B98E30
S21414D5604FEF000C2E812F0041EEFFF44EBAFBA6AF
S21414D570508F202EFFF4222EFFF8242EFFFC24803A
S21414D5802541000425420008200A4CEE0C0CFFE44A
S21414D5904E5E4E754E56FFF448E73030244847FA30
S21414D5A0FC8A2F2E00102F2E000C2F2E00084E93C0
S21414D5B0240026012EAE00142F6E001800042F6EC1
S21414D5C0001C00084E93508F2E812F002F032F021D
S21414D5D04EB90014BB3C4FEF000C2E812F0041EEC9
S21414D5E0FFF44EBAFB30508F202EFFF4222EFFF895
S21414D5F0242EFFFC24802541000425420008200A1E
S21414D6004CEE0C0CFFE44E5E4E754E56FFF42F0A8D
S21414D6102F0224482F2E00102F2E000C2F2E000819
S21414D6204EBAFC084FEF000C2040D1FC80000000DE
S21414D6302F012F0841EEFFF44EBAFADA508F202E3F
S21414D640FFF4222EFFF8242EFFFC2480254100042C
S21414D65025420008200A242EFFEC246EFFF04E5EAE
S21414D6604E754E56000048E71C20262E0008282E1D
S21414D670000C2A2E001045FAFBB22F2E001C2F2E5B
S21414D68000182F2E00144E922D4000102D41001419
S21414D6902E832F4400042F4500084E924FEF000CA3
S21414D6A02D4000082D41000C4CEE0438FFF04E5E61
S21414D6B04EF90014BEDE4E56000048E71C20262EF7
S21414D6C00008282E000C2A2E001045FAFB5E2F2E7A
S21414D6D0001C2F2E00182F2E00144E922D400010D2
S21414D6E02D4100142E832F4400042F4500084E921B
S21414D6F04FEF000C2D4000082D41000C4CEE043862
S21414D700FFF04E5E4EF90014BEDE4E56000048E79B
S21414D7101C20262E0008282E000C2A2E001045FA4F
S21414D720FB0A2F2E001C2F2E00182F2E00144E929C
S21414D7302D4000102D4100142E832F4400042F4535
S21414D74000084E924FEF000C2D4000082D41000C9F
S21414D7504CEE0438FFF04E5E4EF90014BEDE4E5604
S21414D760000048E71C20262E0008282E000C2A2E1F
S21414D770001045FAFAB62F2E001C2F2E00182F2E46
S21414D78000144E922D4000102D4100142E832F4469
S21414D79000042F4500084E924FEF000C2D40000851
S21414D7A02D41000C4CEE0438FFF04E5E4EF900147A
S21414D7B0BEDE4E56000048E71C20262E0008282EF3
S21414D7C0000C2A2E001045FAFA622F2E001C2F2E5B
S21414D7D000182F2E00144E922D4000102D410014C8
S21414D7E02E832F4400042F4500084E924FEF000C52
S21414D7F02D4000082D41000C4CEE0438FFF04E5E10
S21414D8004EF90014BEDE4E56000048E71C20262EA5
S21414D8100008282E000C2A2E001045FAFA0E2F2E79
S21414D820001C2F2E00182F2E00144E922D40001080
S21414D8302D4100142E832F4400042F4500084E92C9
S21414D8404FEF000C2D4000082D41000C4CEE043810
S21414D850FFF04E5E4EF90014BEDE4E56000048E74A
S21414D8601C20262E0008282E000C2A2E001045FAFE
S21414D870F9BA2F2E001C2F2E00182F2E00144E929D
S21414D8802D4000102D4100142E832F4400042F45E4
S21414D89000084E924FEF000C2D4000082D41000C4E
S21414D8A04CEE0438FFF04E5E4EF90014BEDE000057
S21414D8B04572726F72207374617274696E67206B2E
S21414D8C065726E656C2070726F6365737321002EBB
S21414D8D02E2F7372632F66732F657874345F6469A2
S21414D8E0722E6300617373657274696F6E2066615D
S21414D8F0696C65643A0A66696C653A2025730A6C25
S21414D900696E653A2025640A00657874345F646924
S21414D910723A20002573006C3A20256420202000DB
S21414D9205B7761726E5D20204C65616620626C6F59
S21414D930636B20636865636B73756D206661696CD1
S21414D94065642E496E6F64653A20256C752C2042EA
S21414D9506C6F636B3A20256C750A00484552453F38
S21414D960203400496E76616C696420647269766549
S21414D970207265616400496E76616C696420647215
S21414D98069766520777269746500657874345F64A7
S21414D99069725F6964783A20005B7761726E5D2005
S21414D9A020485472656520636865636B73756D20D3
S21414D9B06661696C65642E496E6F64653A20256CE1
S21414D9C0752C20426C6F636B3A20256C750A002EFA
S21414D9D02E005B7761726E5D202048547265652058
S21414D9E0726F6F7420636865636B73756D20666100
S21414D9F0696C65642E496E6F64653A20256C752CC7
S21414DA0020426C6F636B3A20256C750A005B776155
S21414DA10726E5D20204854726565206C65616620C0
S21414DA20626C6F636B20636865636B73756D2066D9
S21414DA3061696C65642E496E6F64653A20256C7551
S21414DA402C20426C6F636B3A20256C750A0049448F
S21414DA5045206572726F7220737461742025640A8F
S21414DA600049444520726561642074696D656F755C
S21414DA7074206F72206572726F7200494445207765
S21414DA80726974652074696D656F7574206F722081
S21414DA906572726F722025640A00486572653F20AD
S21414DAA0313400484552453F2031300072620077C9
S21414DAB000776200616200722B0072622B00722B78
S21414DAC06200772B0077622B00772B6200612B00A5
S21414DAD061622B00612B6200486572653F2031330A
S21414DAE0002E2E2F7372632F66732F657874342E60
S21414DAF06300484552453F203900484552453F206B
S21414DB00313100437261736821204B696C6C656413
S21414DB10207069643A20256C640A00576879207767
S21414DB206F6E742075206469653F3F000000000026
S21414DB30F26B8303E13B70F71350F3F4C79A971F05
S21414DB4035F1141C26A1E7E8D4CA64EB8AD958CF59
S21414DB5078B2DBCC6BE228389989AB3B4D43CFD0F7
S21414DB60BF284CD3AC78BF275E133C24105EC76F17
S21414DB70E235446CF165B798030E349BD7C45070E5
S21414DB8025AFD37336FF2087C494A3849A879FA0A7
S21414DB9068EC1CA37BBCEF5789D76C545D1D08BF7B
S21414DBA0AF768BBCBC2678484E4DFB4B20BD8EDE24
S21414DBB0D2D60DDDC186FE2933ED7D2AE72719C19D
S21414DBC0154C9AC2061C6936F477EA35AA64D6113F
S21414DBD0580F55124B5FA6E6B93425E56DFE410E77
S21414DBE09F95C20D8CC531F97EAEB2FA30E349B1B9
S21414DBF0C288CAB2D1D8394623B3BA45F779DEAE4D
S21414DC0005125DAD1642AE59E4292D5ABA3A117E64
S21414DC104851927D5B016189A96AE28A7DA086617A
S21414DC208FCB05629C9BF6966EF07595417B1DBC5A
S21414DC30B3109EBFA0406D4B522BEE4886E18AA3CC
S21414DC40748A09A067DAFA5495B17957CBA245734A
S21414DC5039C9C6702A993584D8F2B6870C38D26C6E
S21414DC60FE53516FED03A29B1F6821985125DAD3FA
S21414DC70A34E59D0B01EAA244275292796BF4DCC60
S21414DC8064D4CECF77843D3B85EFBE38DBFC821C54
S21414DC902997011F3AC7F2EBC8AC71E81C66150346
S21414DCA0EE0D9600FD5D65F40F36E6F761C69362D9
S21414DCB093AD106180FDE39572966096A65C047D24
S21414DCC05437877E4767748AB50CF789EB1FCBAD3C
S21414DCD0197448AE0A24BB5AF84F38592C855CB2CE
S21414DCE0DEEEDFB1CDBE2C453FD5AF467198540D50
S21414DCF083F3D70E90A324FA62C8A7F9B602C31208
S21414DD00446940115739B3E5A55230E6FB410CC2BD
S21414DD10092A8FC11A7A7C35E811FF363CDB9BDD65
S21414DD20CEB018DEDDE0EB2A2F8B682982F63B781E
S21414DD30709DB87B63CD4B8F91A6C88C456CAC6731
S21414DD40B7072F64A457DC90563C5F93082F63B72D
S21414DD50FA44E0B4E91413401B7F9043CFB5F4A8FB
S21414DD603DDE77AB2E8E845FDCE5075C92A8FC174D
S21414DD7060C37F1473938CE081F80FE355326B08FD
S21414DD80A759E80BB4091BFF466298FC1871A4D86F
S21414DD90EA1A27DBF94AD42F0B21572CDFEB33C7AB
S21414DDA02D80B0C43ED04330CCBBC033A24BB5A6F6
S21414DDB0502036A54370C551B11B465265D122B9C1
S21414DDC097BAA1BA84EA524E7681D14D2892ED695B
S21414DDD0DAF96E6AC9A99D9E3BC21E9DEF087A7633
S21414DDE01D63F9750E330A81FC588982B21572C9FF
S21414DDF0407EF1CA532E023EA145813D758FE5D66D
S21414DE0087E466D594B4952166DF162238CC2A06A4
S21414DE10CAA7A905D9F75AF12B9CD9F2FF56BD19F2
S21414DE200D3D3E1A1E6DCDEEEC064EEDC38D26C48A
S21414DE3031E6A5C722B65633D0DDD5300417B1DB8C
S21414DE40F67C32D8E52CC12C1747422F49547E0B4A
S21414DE50BB3FFD08A86F0EFC5A048DFF8ECEE91446
S21414DE607CA56A176FF599E39D9E1AE0D3D3E1ABB0
S21414DE7021B862A832E8915CC083125F144976B464
S21414DE80E622F5B7F572064307198540590AB964B0
S21414DE90AB613A67B831C9934A5A4A909E902E7B22
S21414DEA06CFBAD787FAB5E8C8DC0DD8FE330A81A2B
S21414DEB0115B2B19020BD8EDF0605BEE24AA3F051C
S21414DEC0D6C1BC06C5914FF237FACCF169E9F0D544
S21414DED09B8273D688D280227AB90321AE7367CA1E
S21414DEE05C18E4C94F48173DBD23943EF36E6F7516
S21414DEF00105EC7612551F82E03E9C8134F4F86AD4
S21414DF00C69F7B69D5CF889D27A40B9E79B737BA51
S21414DF108BDCB4B9988C474D6AE7C44EBE2DA0A5C9
S21414DF204C4623A65F16D052AD7D53510000000018
S21414DF3077073096EE0E612C990951BA076DC419FD
S21414DF40706AF48FE963A5359E6495A30EDB883258
S21414DF5079DCB8A4E0D5E91E97D2D98809B64C2B3B
S21414DF607EB17CBDE7B82D0790BF1D911DB7106418
S21414DF706AB020F2F3B9714884BE41DE1ADAD47D51
S21414DF806DDDE4EBF4D4B55183D385C7136C985682
S21414DF90646BA8C0FD62F97A8A65C9EC14015C4FFB
S21414DFA063066CD9FA0F3D638D080DF53B6E20C8D9
S21414DFB04C69105ED56041E4A26771723C03E4D1EB
S21414DFC04B04D447D20D85FDA50AB56B35B5A8FA12
S21414DFD042B2986CDBBBC9D6ACBCF94032D86CE301
S21414DFE045DF5C75DCD60DCFABD13D5926D930ACA8
S21414DFF051DE003AC8D75180BFD0611621B4F4B5AB
S21414E00056B3C423CFBA9599B8BDA50F2802B89EA7
S21414E0105F058808C60CD9B2B10BE9242F6F7C872C
S21414E02058684C11C1611DABB6662D3D76DC419027
S21414E03001DB710698D220BCEFD5102A71B1858900
S21414E04006B6B51F9FBFE4A5E8B8D4337807C9A2AF
S21414E0500F00F9349609A88EE10E98187F6A0DBB46
S21414E060086D3D2D91646C97E6635C016B6B51F4FF
S21414E0701C6C6162856530D8F262004E6C0695EDB4
S21414E0801B01A57B8208F4C1F50FC45765B0D9C629
S21414E09012B7E9508BBEB8EAFCB9887C62DD1DDF86
S21414E0A015DA2D498CD37CF3FBD44C654DB26158EC
S21414E0B03AB551CEA3BC0074D4BB30E24ADFA541B6
S21414E0C03DD895D7A4D1C46DD3D6F4FB4369E96A79
S21414E0D0346ED9FCAD678846DA60B8D044042D7324
S21414E0E033031DE5AA0A4C5FDD0D7CC95005713C4F
S21414E0F0270241AABE0B1010C90C20865768B525F6
S21414E100206F85B3B966D409CE61E49F5EDEF90E3E
S21414E11029D9C998B0D09822C7D7A8B459B33D17EF
S21414E1202EB40D81B7BD5C3BC0BA6CADEDB8832080
S21414E1309ABFB3B603B6E20C74B1D29AEAD547398D
S21414E1409DD277AF04DB261573DC1683E3630B12BC
S21414E15094643B840D6D6A3E7A6A5AA8E40ECF0B1B
S21414E1609309FF9D0A00AE277D079EB1F00F9344D6
S21414E1708708A3D21E01F2686906C2FEF762575DCD
S21414E180806567CB196C36716E6B06E7FED41B760A
S21414E19089D32BE010DA7A5A67DD4ACCF9B9DF6FE7
S21414E1A08EBEEFF917B7BE4360B08ED5D6D6A3E8A9
S21414E1B0A1D1937E38D8C2C44FDFF252D1BB67F1D7
S21414E1C0A6BC57673FB506DD48B2364BD80D2BDADA
S21414E1D0AF0A1B4C36034AF641047A60DF60EFC37D
S21414E1E0A867DF55316E8EEF4669BE79CB61B38C66
S21414E1F0BC66831A256FD2A05268E236CC0C77958B
S21414E200BB0B4703220216B95505262FC5BA3BBECB
S21414E210B2BD0B282BB45A925CB36A04C2D7FFA7BC
S21414E220B5D0CF312CD99E8B5BDEAE1D9B64C2B0AD
S21414E230EC63F226756AA39C026D930A9C0906A9E0
S21414E240EB0E363F720767850500571395BF4A8253
S21414E250E2B87A147BB12BAE0CB61B3892D28E9BD6
S21414E260E5D5BE0D7CDCEFB70BDBDF2186D3D2D42D
S21414E270F1D4E24268DDB3F81FDA836E81BE16CDA0
S21414E280F6B9265B6FB077E118B7477788085AE671
S21414E290FF0F6A7066063BCA11010B5C8F659EFF02
S21414E2A0F862AE69616BFFD3166CCF45A00AE278AC
S21414E2B0D70DD2EE4E0483543903B3C2A767266132
S21414E2C0D06016F74969474D3E6E77DBAED16A4A81
S21414E2D0D9D65ADC40DF0B6637D83BF0A9BCAE5310
S21414E2E0DEBB9EC547B2CF7F30B5FFE9BDBDF21C7D
S21414E2F0CABAC28A53B3933024B4A3A6BAD0360586
S21414E300CDD7069354DE572923D967BFB3667A2E22
S21414E310C4614AB85D681B022A6F2B94B40BBE37CF
S21414E320C30C8EA15A05DF1B2D02EF8D48455245AE
S21414E3303F203700657874345F69616C6C6F633A9C
S21414E34020005B7761726E5D20204269746D617087
S21414E35020636865636B73756D206661696C6564AC
S21414E3602E47726F75703A20256C750A000A4E6F28
S21414E3702076616C6964207461736B2061766169C0
S21414E3806C61626C652068616C74696E672E2E2EE3
S21414E390000A496E706F7369626C65207461736BE2
S21414E3A0206172726179206C6F6769632068616C92
S21414E3B074696E672E2E2E0050414E4943204E4FE0
S21414E3C0205441534B5320544F20455845435554DD
S21414E3D045205049443A20256C7520504C414345FD
S21414E3E03A2025640A00657874345F62616C6C6F39
S21414E3F0633A20005B7761726E5D2020464C455868
S21414E4005F42473A2064697361626C656420262013
S21414E41062675F6C6173743A20256C752062675F5F
S21414E42066697273743A20256C750A002E2E2F7343
S21414E43072632F66732F657874345F62616C6C6FC9
S21414E440632E63004B45524E454C2050414E494373
S21414E45000257325640A005B3F3F3F5D006C732004
S21414E46025730A002020257325730A004346206965
S21414E4706E6974004346207265676973746572002A
S21414E4802F6465762F636661004D6F756E74002F6A
S21414E490006D6F756E7400414D495820737973740E
S21414E4A0656D2077697468206B65726E656C2F7362
S21414E4B068656C6C2076302E302E3020616C666168
S21414E4C0002F737973002F7379732F737263002F71
S21414E4D062696E0042696E61727920706174683A7E
S21414E4E02025730A006D6B64697200537973746522
S21414E4F06D20706174683A2025730A00536F757224
S21414E500636520706174683A2025730A00416C6C48
S21414E5102064697273206578697374006469725F25
S21414E5206F70656E00466174616C206B65726E6503
S21414E5306C206572726F722025640A004B65726EC9
S21414E540656C00556E6D6F756E7400666C757368C9
S21414E55000756D6F756E74004B65726E656C207306
S21414E5607461727421004B726E656C20696E6974E6
S21414E57020646F6E6521004B65726E656C20646F47
S21414E5806E652050494420256C750A005B756E6BC9
S21414E5905D20005B66696C5D20005B6469725D20BB
S21414E5A0005B6368615D20005B626C6B5D20005BE2
S21414E5B06669665D20005B736F635D20005B73792C
S21414E5C06D5D20000014E58C0014E5930014E59AA4
S21414E5D00014E5A10014E5A80014E5AF0014E5B690
S21414E5E00014E5BD2E2E2F7372632F66732F657875
S21414E5F074345F626C6F636B6465762E6300484593
S21414E60052453F203300484552453F203200000013
S21414E610C0C1C1810140C30103C00280C241C6010A
S21414E62006C00780C7410500C5C1C4810440CC019B
S21414E6300CC00D80CD410F00CFC1CE810E400A0014
S21414E640CAC1CB810B40C90109C00880C841D80192
S21414E65018C01980D9411B00DBC1DA811A401E008C
S21414E660DEC1DF811F40DD011DC01C80DC411400AB
S21414E670D4C1D5811540D70117C01680D641D20112
S21414E68012C01380D3411100D1C1D0811040F001C3
S21414E69030C03180F1413300F3C1F281324036008C
S21414E6A0F6C1F7813740F50135C03480F4413C009B
S21414E6B0FCC1FD813D40FF013FC03E80FE41FA0192
S21414E6C03AC03B80FB413900F9C1F8813840280034
S21414E6D0E8C1E9812940EB012BC02A80EA41EE010A
S21414E6E02EC02F80EF412D00EDC1EC812C40E401AB
S21414E6F024C02580E5412700E7C1E6812640220094
S21414E700E2C1E3812340E10121C02080E041A00161
S21414E71060C06180A1416300A3C1A281624066000B
S21414E720A6C1A7816740A50165C06480A4416C009A
S21414E730ACC1AD816D40AF016FC06E80AE41AA0111
S21414E7406AC06B80AB416900A9C1A8816840780093
S21414E750B8C1B9817940BB017BC07A80BA41BE0189
S21414E7607EC07F80BF417D00BDC1BC817C40B401AA
S21414E77074C07580B5417700B7C1B6817640720013
S21414E780B2C1B3817340B10171C07080B041500002
S21414E79090C191815140930153C052809241960189
S21414E7A056C057809741550095C1948154409C019A
S21414E7B05CC05D809D415F009FC19E815E405A0093
S21414E7C09AC19B815B40990159C058809841880131
S21414E7D048C0498089414B008BC18A814A404E000B
S21414E7E08EC18F814F408D014DC04C808C414400AA
S21414E7F084C185814540870147C046808641820191
S21414E80042C043808341410081C1808140404164BD
S21414E8106420626C6F636B20256C6C7520746F209B
S21414E8207265766F6B6520747265650A002E2E2FDE
S21414E8307372632F66732F657874345F6A6F75729C
S21414E8406E616C2E6300486572653F203331004854
S21414E8506572653F20333200486572653F20333356
S21414E86000657874345F66733A2000636F6D707257
S21414E870657373696F6E0066696C6574797065008C
S21414E8807265636F766572006A6F75726E616C5F1F
S21414E890646576006D6574615F626700657874659B
S21414E8A06E7473003634626974006D6E7000666C34
S21414E8B065785F62670065615F696E6F64650064A2
S21414E8C0697264617461006D6574615F6373756DFC
S21414E8D0006C6172676564697200696E6C696E6556
S21414E8E05F64617461007370617273655F737570D1
S21414E8F06572006C617267655F66696C6500627448
S21414E9007265655F64697200687567655F66696CD1
S21414E91065006774645F6373756D006469725F6E17
S21414E9206C696E6B0065787472615F6973697A6579
S21414E9300071756F746100626967616C6C6F630057
S21414E9406D657461646174615F6373756D002E2EFA
S21414E9502F7372632F66732F657874345F66732E05
S21414E96063005B696E666F5D202073626C6F636B09
S21414E9702066656174757265735F696E636F6D701A
S21414E980617469626C653A005B696E666F5D20201F
S21414E99073626C6F636B2066656174757265735F02
S21414E9A0636F6D70617469626C653A006469725F56
S21414E9B0707265616C6C6F6300696D616769635F23
S21414E9C0696E6F646573006861735F6A6F75726EE3
S21414E9D0616C006578745F61747472007265736933
S21414E9E07A655F696E6F6465006469725F696E64E8
S21414E9F06578005B696E666F5D202073626C6F636A
S21414EA006B2066656174757265735F726561645FA9
S21414EA106F6E6C793A005B6572726F725D2073620A
S21414EA206C6F636B2068617320756E737570706F8E
S21414EA307274656420666561747572657320696E98
S21414EA40636F6D70617469626C653A005B776172AE
S21414EA506E5D202073626C6F636B20686173207523
S21414EA606E737570706F7274656420666561747504
S21414EA707265732072656164206F6E6C793A005B00
S21414EA807761726E5D20206C61737420756D6F757E
S21414EA906E74206572726F723A2073757065726246
S21414EAA06C6F636B2066735F6572726F7220666C30
S21414EAB06167005B7761726E5D2020426C6F636BDA
S21414EAC02067726F75702064657363726970746FF3
S21414EAD07220636865636B73756D206661696C6517
S21414EAE0642E426C6F636B2067726F757020696E4C
S21414EAF06465783A20256C750A005B7761726E5DE2
S21414EB002020496E6F646520636865636B73756D4A
S21414EB10206661696C65642E496E6F64653A2025BB
S21414EB206C750A00484552453F2035004845524505
S21414EB303F20360080004000200060001000C00017
S21414EB40A0002E2E2F7372632F66732F657874347D
S21414EB505F6263616368652E6300657874345F6210
S21414EB6063616368653A20005B7761726E5D20208E
S21414EB70427566666572206973207374696C6C20BE
S21414EB807265666572656E6365642E206C62613AA2
S21414EB9020256C6C752C207265666374723A202579
S21414EBA06C750A00657874345F657874656E743AAB
S21414EBB020004944583A2046726565696E672025D8
S21414EBC06C7520617420256C6C752C2025640A00E5
S21414EBD0696E76616C6964206D6167696300756E31
S21414EBE065787065637465642065685F64657074C1
S21414EBF06800696E76616C69642065685F6D61781B
S21414EC0000696E76616C69642065685F656E7472FF
S21414EC10696573005B7761726E5D20204578746554
S21414EC206E7420626C6F636B20636865636B7375B8
S21414EC306D206661696C65642E426C6F636B6E72D0
S21414EC403A20256C6C750A004261642065787465F8
S21414EC506E747320422B207472656520626C6F6329
S21414EC606B3A2025732E20426C6F636B6E723A20BB
S21414EC70256C6C640A002E2E2F7372632F66732F06
S21414EC80657874345F657874656E742E63004672A6
S21414EC906565696E6720256C7520617420256C6C1B
S21414ECA0752C20256C750A000A50726F6772616D98
S21414ECB020657869746564207769746820636F6466
S21414ECC0653A20003B000402060105030700000015
S21414ECD0000000000000000000000000000000001B
S21414ECE0000000000000000000000000000000000B
S21414ECF000000000000000000000000000000000FB
S21414ED0000080C0A0E090D0B0F0004020601050379
S21414ED10070707070707070707070707070707076A
S21414ED20070707070707070707070707070707075A
S21414ED30070707070707070707070707070707074A
S21414ED400707070707080C0A0E090D0B0F002020EB
S21414ED502020202020202028282828282020202072
S21414ED602020202020202020202020202020881032
S21414ED701010101010101010101010101010040492
S21414ED800404040404040404101010101010104199
S21414ED90414141414101010101010101010101010A
S21414EDA0010101010101010101101010101010429F
S21414EDB042424242420202020202020202020202DA
S21414EDC002020202020202020210101010200000B8
S21414EDD0000000000000000000000000000000001A
S21414EDE0000000000000000000000000000000000A
S21414EDF000000000000000000000000000000000FA
S21414EE0000000000000000000000000000000000E9
S21414EE1000000000000000000000000000000000D9
S21414EE2000000000000000000000000000000000C9
S21414EE3000000000000000000000000000000000B9
S21414EE4000000000000000000000000000005375E1
S21414EE506363657373004E6F74206F776E6572000C
S21414EE604E6F20737563682066696C65206F722018
S21414EE706469726563746F7279004E6F207375637C
S21414EE80682070726F6365737300496E746572726E
S21414EE9075707465642073797374656D2063616C22
S21414EEA06C00492F4F206572726F72004E6F20737C
S21414EEB075636820646576696365206F7220616483
S21414EEC0647265737300417267206C69737420747E
S21414EED06F6F206C6F6E67004578656320666F727F
S21414EEE06D6174206572726F7200536F636B657414
S21414EEF020616C726561647920636F6E6E656374ED
S21414EF006564004261642066696C65206E756D6286
S21414EF106572004E6F206368696C6472656E004497
S21414EF20657374696E6174696F6E2061646472656A
S21414EF307373207265717569726564004E6F206D07
S21414EF406F72652070726F636573736573004E6FAE
S21414EF507420656E6F756768207370616365005002
S21414EF6065726D697373696F6E2064656E69656426
S21414EF70004261642061646472657373004465764C
S21414EF80696365206F72207265736F75726365208E
S21414EF90627573790046696C652065786973747355
S21414EFA00043726F73732D646576696365206C69AC
S21414EFB06E6B004E6F2073756368206465766963A4
S21414EFC065004E6F742061206469726563746F7295
S21414EFD07900486F737420697320646F776E0043EA
S21414EFE06F6E6E656374696F6E20616C72656164B2
S21414EFF07920696E2070726F677265737300497337
S21414F0002061206469726563746F727900496E7644
S21414F010616C696420617267756D656E74004E6507
S21414F02074776F726B20696E74657266616365209F
S21414F0306973206E6F7420636F6E66696775726588
S21414F0406400436F6E6E656374696F6E2061626FE1
S21414F05072746564206279206E6574776F726B00C3
S21414F060546F6F206D616E79206F70656E206669BF
S21414F0706C657320696E2073797374656D004669C8
S21414F0806C652064657363726970746F7220766140
S21414F0906C756520746F6F206C61726765004E6FB7
S21414F0A0742061206368617261637465722064659C
S21414F0B07669636500546578742066696C652062A9
S21414F0C07573790046696C6520746F6F206C617275
S21414F0D0676500486F737420697320756E72656176
S21414F0E0636861626C65004E6F207370616365209F
S21414F0F06C656674206F6E20646576696365004E71
S21414F1006F7420737570706F7274656400496C6CDC
S21414F1106567616C207365656B00526561642D6F5D
S21414F1206E6C792066696C652073797374656D00EE
S21414F130546F6F206D616E79206C696E6B7300422C
S21414F140726F6B656E2070697065004D61746865CA
S21414F1506D617469637320617267756D656E742072
S21414F1606F7574206F6620646F6D61696E206F66AC
S21414F1702066756E6374696F6E00526573756C7471
S21414F18020746F6F206C61726765004E6F206D651A
S21414F1907373616765206F6620646573697265644E
S21414F1A02074797065004964656E74696669657261
S21414F1B02072656D6F76656400496C6C6567616C6A
S21414F1C020627974652073657175656E6365004495
S21414F1D06561646C6F636B004E6574776F726B2039
S21414F1E0697320756E726561636861626C65004E42
S21414F1F06F206C6F636B004E6F7420612073747293
S21414F20065616D0053747265616D20696F63746C0B
S21414F2102074696D656F7574004E6F207374726513
S21414F220616D207265736F757263657300566972CB
S21414F2307475616C206369726375697420697320D0
S21414F240676F6E650050726F746F636F6C206572B3
S21414F250726F7200556E6B6E6F776E2070726F746D
S21414F2606F636F6C004D756C7469686F7020617491
S21414F27074656D7074656400426164206D657373A3
S21414F2806167650046756E6374696F6E206E6F7481
S21414F29020696D706C656D656E7465640044697282
S21414F2A06563746F7279206E6F7420656D707479EF
S21414F2B00046696C65206F722070617468206E61F8
S21414F2C06D6520746F6F206C6F6E6700546F6F20BF
S21414F2D06D616E792073796D626F6C6963206C69E9
S21414F2E06E6B73004E6F206275666665722073705F
S21414F2F061636520617661696C61626C65004E6F4E
S21414F300206461746100416464726573732066617D
S21414F3106D696C79206E6F7420737570706F72746B
S21414F32065642062792070726F746F636F6C2066E8
S21414F330616D696C790050726F746F636F6C2077AF
S21414F340726F6E67207479706520666F7220736FA3
S21414F350636B657400536F636B6574206F706572AE
S21414F3606174696F6E206F6E206E6F6E2D736F638F
S21414F3706B65740050726F746F636F6C206E6F746D
S21414F38020617661696C61626C6500436F6E6E65B0
S21414F3906374696F6E207265667573656400436F77
S21414F3A06E6E656374696F6E207265736574206221
S21414F3B079207065657200416464726573732061A8
S21414F3C06C726561647920696E207573650041649A
S21414F3D06472657373206E6F7420617661696C61F4
S21414F3E0626C6500536F667477617265206361752D
S21414F3F073656420636F6E6E656374696F6E2061E7
S21414F400626F727400536F636B6574206973206E39
S21414F4106F7420636F6E6E656374656400536F63F8
S21414F4206B657420697320616C72656164792063FE
S21414F4306F6E6E6563746564004F7065726174698F
S21414F4406F6E2063616E63656C65640053746174DB
S21414F45065206E6F74207265636F76657261626C78
S21414F460650050726576696F7573206F776E657276
S21414F4702064696564004F7065726174696F6E20EC
S21414F4806E6F7420737570706F72746564206F6E0F
S21414F49020736F636B65740056616C756520746FAA
S21414F4A06F206C6172676520666F7220646566698A
S21414F4B06E656420646174612074797065004D65AE
S21414F4C0737361676520746F6F206C6F6E6700438B
S21414F4D06F6E6E656374696F6E2074696D656420F3
S21414F4E06F757400494E4600696E66004E414E00B4
S21414F4F06E616E0030313233343536373839414226
S21414F5004344454600303132333435363738396162
S21414F510626364656600286E756C6C290030303042
S21414F52030303030303030303030303030202020F2
S21414F53020202020202020202020202020496E66F5
S21414F540696E697479004E614E0042616C6C6F632B
S21414F55020737563636565646564002E2E2F2E2EE6
S21414F5602F2E2E2F737263772F6E65776C69622F2A
S21414F5706C6962632F7374646C69622F64746F6150
S21414F5802E63002E2E2F2E2E2F2E2E2F7372637771
S21414F5902F6E65776C69622F6C6962632F7374645F
S21414F5A06C69622F6D707265632E6300000000052F
S21414F5B0000000190000007D4341C37937E0800045
S21414F5C04693B8B5B5056E174D384F03E93FF9F5B0
S21414F5D05A827748F9301D3275154FDD7F73BF3C5C
S21414F5E03FF000000000000040240000000000006F
S21414F5F04059000000000000408F4000000000004A
S21414F60040C388000000000040F86A0000000000B4
S21414F610412E848000000000416312D000000000D8
S21414F6204197D7840000000041CDCD65000000004E
S21414F6304202A05F2000000042374876E80000002F
S21414F640426D1A94A200000042A2309CE5400000CD
S21414F65042D6BCC41E900000430C6BF52634000042
S21414F6604341C37937E080004376345785D8A000E9
S21414F67043ABC16D674EC80043E158E460913D004A
S21414F6804415AF1D78B58C40444B1AE4D6E2EF50BF
S21414F6904480F0CF064DD59244B52D02C7E14AF604
S21414F6A044EA784379D99DB44300504F53495800DF
S21414F6B02C2066756E6374696F6E3A2000617373DE
S21414F6C0657274696F6E2022257322206661696CD8
S21414F6D065643A2066696C6520222573222C206C9A
S21414F6E0696E65202564257325730A003030303022
S21414F6F03030303030303030303030302020202031
S21414F700202020202020202020202020000102025B
S21414F7100303030304040404040404040505050590
S21414F720050505050505050505050505060606066C
S21414F7300606060606060606060606060606060650
S21414F740060606060606060606060606070707073C
S21414F7500707070707070707070707070707070720
S21414F7600707070707070707070707070707070710
S21414F7700707070707070707070707070707070700
S21414F78007070707070707070707070708080808EC
S21414F79008080808080808080808080808080808D0
S21414F7A008080808080808080808080808080808C0
S21414F7B008080808080808080808080808080808B0
S21414F7C008080808080808080808080808080808A0
S21414F7D00808080808080808080808080808080890
S21414F7E00808080808080808080808080808080880
S21414F7F00808080808080808080808080808080870
S21014F80008080808080808080808080883
S21414F80C000000000000000000151C380100FFFF6B
S21414F81CFFFF0002000000000000000000000014AF
S21414F82CF8220014F8220014F82A0014F82A0014EB
S21414F83CF8320014F8320014F83A0014F83A00149B
S21414F84CF8420014F8420014F84A0014F84A00144B
S21414F85CF8520014F8520014F85A0014F85A0014FB
S21414F86CF8620014F8620014F86A0014F86A0014AB
S21414F87CF8720014F8720014F87A0014F87A00145B
S21414F88CF8820014F8820014F88A0014F88A00140B
S21414F89CF8920014F8920014F89A0014F89A0014BB
S21414F8ACF8A20014F8A20014F8AA0014F8AA00146B
S21414F8BCF8B20014F8B20014F8BA0014F8BA00141B
S21414F8CCF8C20014F8C20014F8CA0014F8CA0014CB
S21414F8DCF8D20014F8D20014F8DA0014F8DA00147B
S21414F8ECF8E20014F8E20014F8EA0014F8EA00142B
S21414F8FCF8F20014F8F20014F8FA0014F8FA0014DB
S21414F90CF9020014F9020014F90A0014F90A001486
S21414F91CF9120014F9120014F91A0014F91A001436
S21414F92CF9220014F9220014F92A0014F92A0014E6
S21414F93CF9320014F9320014F93A0014F93A001496
S21414F94CF9420014F9420014F94A0014F94A001446
S21414F95CF9520014F9520014F95A0014F95A0014F6
S21414F96CF9620014F9620014F96A0014F96A0014A6
S21414F97CF9720014F9720014F97A0014F97A001456
S21414F98CF9820014F9820014F98A0014F98A001406
S21414F99CF9920014F9920014F99A0014F99A0014B6
S21414F9ACF9A20014F9A20014F9AA0014F9AA001466
S21414F9BCF9B20014F9B20014F9BA0014F9BA001416
S21414F9CCF9C20014F9C20014F9CA0014F9CA0014C6
S21414F9DCF9D20014F9D20014F9DA0014F9DA001476
S21414F9ECF9E20014F9E20014F9EA0014F9EA001426
S21414F9FCF9F20014F9F20014F9FA0014F9FA0014D6
S21414FA0CFA020014FA020014FA0A0014FA0A001481
S21414FA1CFA120014FA120014FA1A0014FA1A001431
S21414FA2CFA220014FA220014FA2A0014FA2A0014E1
S21414FA3CFA320014FA320014FA3A0014FA3A001491
S21414FA4CFA420014FA420014FA4A0014FA4A001441
S21414FA5CFA520014FA520014FA5A0014FA5A0014F1
S21414FA6CFA620014FA620014FA6A0014FA6A0014A1
S21414FA7CFA720014FA720014FA7A0014FA7A001451
S21414FA8CFA820014FA820014FA8A0014FA8A001401
S21414FA9CFA920014FA920014FA9A0014FA9A0014B1
S21414FAACFAA20014FAA20014FAAA0014FAAA001461
S21414FABCFAB20014FAB20014FABA0014FABA001411
S21414FACCFAC20014FAC20014FACA0014FACA0014C1
S21414FADCFAD20014FAD20014FADA0014FADA001471
S21414FAECFAE20014FAE20014FAEA0014FAEA001421
S21414FAFCFAF20014FAF20014FAFA0014FAFA0014D1
S21414FB0CFB020014FB020014FB0A0014FB0A00147C
S21414FB1CFB120014FB120014FB1A0014FB1A00142C
S21414FB2CFB220014FB220014FB2A0014FB2A0014DC
S21414FB3CFB320014FB320014FB3A0014FB3A00148C
S21414FB4CFB420014FB420014FB4A0014FB4A00143C
S21414FB5CFB520014FB520014FB5A0014FB5A0014EC
S21414FB6CFB620014FB620014FB6A0014FB6A00149C
S21414FB7CFB720014FB720014FB7A0014FB7A00144C
S21414FB8CFB820014FB820014FB8A0014FB8A0014FC
S21414FB9CFB920014FB920014FB9A0014FB9A0014AC
S21414FBACFBA20014FBA20014FBAA0014FBAA00145C
S21414FBBCFBB20014FBB20014FBBA0014FBBA00140C
S21414FBCCFBC20014FBC20014FBCA0014FBCA0014BC
S21414FBDCFBD20014FBD20014FBDA0014FBDA00146C
S21414FBECFBE20014FBE20014FBEA0014FBEA00141C
S21414FBFCFBF20014FBF20014FBFA0014FBFA0014CC
S21414FC0CFC020014FC020014FC0A0014FC0A001477
S21414FC1CFC120014FC120014FC1A0014FC1A00003B
S21414FC2C000000000003001511680014FC3A0000D4
S21414FC3C000000151168001511D0001512380000BC
S21414FC4C000000000000000000000000000000008F
S21414FC5C000000000000000000000000000000007F
S21414FC6C000000000000000000000000000000006F
S21414FC7C000000000000000000000000000000005F
S21414FC8C000000000000000000000000000000004F
S21414FC9C000000000000000000000000000000003F
S21414FCAC000000000000000000000000000000002F
S21414FCBC000000000000000000000000000000001F
S21414FCCC00000000000000000001330EABCD12340F
S21414FCDCE66DDEEC0005000B0000000000000000D2
S21414FCEC00000000000000000000000000000000EF
S21414FCFC00000000000000000000000000000000DF
S21414FD0C00000000000000000000000000000000CE
S21414FD1C00000000000000000000000000000000BE
S21414FD2C00000000000000000000000000000000AE
S21414FD3C000000000000000000000000000000009E
S21414FD4C000000004300000000000000000000004B
S21414FD5C000000000000000000000000000000007E
S21414FD6C000000004300000000000000000000002B
S21414FD7C000000000000000000000000000000005E
S21414FD8C000000004300000000000000000000000B
S21414FD9C000000000000000000000000000000003E
S21414FDAC00000000430000000000000000000000EB
S21414FDBC000000000000000000000000000000001E
S21414FDCC00000000430000000000000000000000CB
S21414FDDC00000000000000000000000000000000FE
S21414FDEC00000000430000000000000000000000AB
S21414FDFC00000000000000000000000000000000DE
S21414FE0C000000004300000000000000000000008A
S21414FE1C00000000000000000000000000000000BD
S21414FE2C000000000014A5300014A4EC0000000020
S21414FE3C0014ED4D0014D9D00014EBCF0014EBCFF6
S21414FE4C0014EBCF0014EBCF0014EBCF0014EBCF55
S21414FE5C0014EBCF0014EBCF0014EBCF7F7F7F7F17
S21414FE6C7F7F7F7F7F7F7F7F7F7F01004153434956
S21414FE7C4900000000000000000000000000000014
S21414FE8C000000000000000000000000415343492D
S21414FE9C49000000000000000000000000000000F4
S21414FEAC000000000000000000000000000000002D
S21414FEBC000000000000000000000000000000001D
S20C14FECC000000000000000015
S804130000E8
