S01600002E2E2F62696E2F70726F6772616D2E7372656323
S21418000046FC27004FF9001E5F604E56FFF8223C4C
S214180010001A0C88203C001E3F60B280670C2041F6
S21418002090815380421851C8FFFC2EBC0000000077
S2141800304EB90019335C4EB900000000487800002D
S214180040486F000446FC22004EB90018015A2F00CB
S2141800504EB9001934DC4E56FDD448E73C3C242EE5
S21418006000082F0248790019E58A45F900195184C5
S2141800704E922F02240E0682FFFFFED42F024EB990
S21418008000184DF24FEF00104A8066382F0247F9D5
S21418009000184E744E932840588F260E0683FFFF7E
S2141800A0FDD52A3C00195D64283C0019E5844BF9F7
S2141800B00019E77EB8FC000066142F024EB9001827
S2141800C04E68588F4CEE3C3CFDB44E5E4E75700034
S2141800D0102C00062F00486C00082F0320454E9061
S2141800E07000102C000643F608004229FDD5102C87
S2141800F000074FEF000C0C00000762260280000075
S21418010000FFD080D080203508002F032F004879B4
S2141801100019E5914E922F024E9328404FEF00108B
S2141801206092200460E44E5600002F0A48790019A1
S214180130E59945F9001952764E924EB9001850AA0C
S21418014048790019E5A94E9248790019E5B94E92F2
S2141801507000246EFFFC4E5E4E754E56FFD848E76C
S214180160383C48790019E5C647F9001952764E9377
S2141801704EB9001816F423C0001A2E3A4EB90018B5
S21418018001262400588F244B67244EB900195D3277
S2141801902040208248790019E5D14EB900195170CF
S2141801A0588F20024CEE3C1CFFBC4E5E4E754879AC
S2141801B00019E5D62F39001A2E3A4EB900183F50B6
S2141801C02400508F67124EB900195D3220402082E5
S2141801D048790019E5DF60C248790019E5E74E93BB
S2141801E042A748790019E5ED48790019E5D64EB9C1
S2141801F00018401A24004FEF001067124EB9001965
S2141802005D322040208248790019E5EF608C42A7BD
S21418021042A74878000947F90018EA404E934FEF6E
S214180220000C721BB280673A48790019E5F54E92B1
S214180230588F49F90018005642A742A74878000870
S2141802404E934FEF000C0C0000786666487900193C
S214180250E63D4E9248790019E6624EB90018041623
S214180260508F48790019E6624EB90018EEB62D7C04
S2141802700019E662FFDC42AEFFE0588F4A006600BF
S214180280012448790019FCCA48790019E66247EE35
S214180290FFE42F0B4EB9001842144FEF000C4A809B
S2141802A0672448790019E6774EB900195170588FA7
S2141802B060FE0C00006C66AA48790019E6724E9427
S2141802C0588F6000FF742F0B4EB900184D28240164
S2141802D02F0148790019E67D49F9001951844E9482
S2141802E048790019E68E4E924878000145F90019AB
S2141802F035044E9226002F004BF9001935184E95E6
S2141803007020484090832F004E9228002F004E955C
S2141803104FEF001C2EBC000400004E922F002F0436
S2141803202F0348790019E6A94E94486EFFD82F0275
S2141803302F3C002000002F0B4EB9001842E4260070
S2141803404FEF0024244C6606B4AEFFD8672A4EB981
S21418035000195D32204020832F022F2EFFD84879AF
S2141803600019E6C44E9248790019E6D54EB9001918
S21418037051704FEF001060FE2F0248790019E6DB27
S2141803804E942F0B4EB90018429648780001486EC6
S214180390FFDC2F3C002000004EB90018EE9C4FEFF3
S2141803A0001860FE2F3C0020000048790019E6620D
S2141803B04EB90018EB622400508F47F90019518483
S2141803C00C8000200000670E2F0048790019E6ED13
S2141803D04E93508F60FE48790019E7084E92487879
S2141803E001004EB9001935042F0048790019E72383
S2141803F04E9348780001486EFFDC2F024EB900185D
S214180400EE9C4FEF001C609A4E5600002039001ADA
S2141804100C884E5E4E754E56FF5848E73F3C487857
S214180420000A4EB9001951AA4EB9001869BC487985
S2141804300019E79E2F2E0008280E0684FFFFFF5E81
S2141804402F044EB90018421424004FEF00106734DA
S2141804504EB900195D322040208248790019E65BB3
S2141804604EB9001951702F044EB9001842964EB95D
S214180470001869CC508F74FF20024CEE3CFCFF30FD
S2141804804E5E4E752F3C000400004EB90019350418
S2141804902C0042B9001A0C8C48790019E7A045F9C7
S2141804A0001952764E9242A742A7487800084EB9CD
S2141804B00018EA404EB9001868D04FEF0014740AB6
S2141804C04BF90018689A264D2A3C00186866284585
S2141804D0487800154E9552B9001A0C8C588F263C41
S2141804E0000003E820454E9072FFB280660000F4C4
S2141804F0538366F0538266D848790019E7B24E924D
S214180500588F6000011E10054600B02EFF7D670A42
S21418051048790019E7D26000010043ED000391C83E
S21418052042002406D483121911812800D00152885B
S214180530B0FC008066F0068300000080B02EFFFE38
S214180540670A48790019E7ED600000CE487800067B
S2141805504E935205588F2E3C000003E84E94240004
S21418056070FFB082662A538766F248790019E80445
S2141805704E92487800184E93508F2F044EB9001894
S21418058042962F064EB900193518508F6000FEEAAD
S2141805907204B282663C487800064E934879001971
S2141805A0E80C4E92486EFF5A2F032F062F044EB9AA
S2141805B00018479024004FEF001866BEB6AEFF5AD4
S2141805C066B82F0348790019E81B4EB900195184EC
S2141805D060A67001B082671A48790019E83760007B
S2141805E0FF1E7201B2806600FF1076007A014BEE8D
S2141805F0FF7B74014E9472FFB28067F81B80280048
S21418060052820C820000008466EABA2EFF7C6700CD
S214180610FEF648790019E7C44E92487800184E93AB
S214180620508F74FF6000FF544E5600002F02206E45
S2141806300008242E001072001228004CE149484188
S214180640424170001028004D484042408280700099
S2141806501028004EE18880818028004F4A80661254
S21418066070001028003EE1888028003F0C400004E7
S2141806706308206E000C11420007241F4E5E4E754C
S2141806804E56FFF82F0A206E0008246800142D68AE
S2141806900018FFF82F2800104EB9001856CA2D401B
S2141806A0FFFC48780010486A006E4878FFFF45F946
S2141806B0001851004E9248780004486EFFF82F0034
S2141806C04E9248780004486EFFFC2F004E924FEF6B
S2141806D000242EAE00102F2E000C2F004E92246EE3
S2141806E0FFF44E5E4E754E56FFF448E73F3C246EB8
S2141806F00008242E000C262E0010205226680014FF
S214180700286B00022F280010486B00064EB90018F8
S21418071059CC42AA001C508F92839182623A202AA2
S214180720000480AA0008660C254200142543001809
S2141807307000601A486A00042F0C4EB9001885D24B
S21418074042AA000442AA0008508F4A8067DA4CEE84
S2141807503CFCFFCC4E5E4E757200122B001EE14913
S214180760484142417000102B001F4840424082808A
S2141807707000102B0020E1888081802B0021223CFD
S21418078000000400E1A926412A01780041F9001961
S214180790CE4C2F012F042F032F022D48FFF44E9016
S2141807A04FEF00102A4141F90019CE4C202A0004B8
S2141807B080AA0008664042A7486EFFF82F0D2F1231
S2141807C04EB90018E1DA4FEF00104A8066802F2ED7
S2141807D0FFFC2F2EFFF8486A00042F0C4EB900189D
S2141807E069644FEF00104A80674842AA000442AA7C
S2141807F000086000FF5A428642872E012F0B2F04EE
S2141808002F2A00182F2A00144E904FEF00109287A8
S2141808109186671E486A00042F0C4EB9001885D2B8
S21418082042AA000442AA0008508F4A8067886000CF
S214180830FF1E25420014254300182F052F042F03EA
S2141808402F024EB90019D3AC4FEF00102052206873
S214180850001442AA001C7003C08166000084200B96
S2141808605180B081657A226A0010D3C170001029B1
S2141808700004E18880290005D280B28B62622200CB
S2141808805F81424214290006760016280052E14B72
S2141808904843424370001028005348404240868020
S2141808A0700010280054E1888083802800554A80FC
S2141808B0661C700010280044E188802800450C400B
S2141808C00004620A700010290007E188844002823A
S2141808D00000FFFFB4816C082549001C6000FE521A
S2141808E070056000FE6A4E560000206E0008720002
S2141808F01228001EE1494841424170001028001F86
S214180900484042408280700010280020E18880818C
S21418091080280021307C04002208E1A9204141E803
S214180920FFF4D1EE000C72001210E1494841424122
S214180930700010280001484042408280700010283D
S2141809400002E1888081802800034A8066204A28B1
S2141809500006661A700010280004E1888028000532
S2141809600C40000C66080C28FFDE0007670291C8CA
S21418097020084E5E4E754E56000048E72030266E0C
S2141809800008242E000C206B001408280002006CA7
S214180990675A2F022F084EB9001808E6508F2440C1
S2141809A04A80674C90822F002F022F0B4EB90018E2
S2141809B006807400142A0008E14A4842424272002F
S2141809C0122A00094841424184817200122A000AFC
S2141809D0E1898282822A000B4FEF000CB08157C043
S2141809E044004CEE0C04FFF44E5E4E75700160F237
S2141809F0420060EE4E5600002F0A246E0008487813
S214180A00000C42A72F0A4EB900195DD4422A0004DA
S214180A10157C000C0005157CFFDE00074FEF000C58
S214180A20246EFFFC4E5E4E754E56000048E720308A
S214180A30266E0008242E000C206B001408280002CE
S214180A40006C67462F022F084EB9001808E6508F1C
S214180A5024404A80673490822F002F022F0B4EB9FD
S214180A6000180680220042414841E0491541000816
S214180A70220042414841154100092200E0891541EB
S214180A80000A1540000B4FEF000C4CEE0C04FFF458
S214180A904E5E4E754E560000206E000820AE000CB6
S214180AA042A8001C42A8001442A8001842A8000435
S214180AB042A80008202E0010222E00142D40000CEC
S214180AC02D4100104E5E4EF9001806E64E560000F0
S214180AD048E73830266E000845F9001806E6206BF9
S214180AE0001C700010280004E18880280005760095
S214180AF036007400202B0014222B0018D283D182C3
S214180B002F012F002F0B4E92206B001C4FEF000C5E
S214180B10B0FC0000672C78001810E14C484442449A
S214180B20720012280001484142418881720012283A
S214180B300002E1898284822800034A8166044A807A
S214180B40679C4CEE0C1CFFEC4E5E4E754E56000025
S214180B50206E000842A8001C2028000480A8000860
S214180B60671A486800042050206800142F280002CE
S214180B704EB9001885D2508F4E5E4E75700060F8CC
S214180B804E56000048E73C38246E0008266E000CC7
S214180B90282E0010286E0014262E0018242E001C4E
S214180BA07A003A047200122A0018E1494841424174
S214180BB07000102A00194840424082807000102A9F
S214180BC0001AE1888081802A001B223C000004005D
S214180BD0E1A9B285641C4878013048790019E846BE
S214180BE048790019E85B4EB9001951844FEF000C8C
S214180BF060FE2F2C00102F0A4EB9001859AE508FD1
S214180C0041F9001806280C8000006000670000EC08
S214180C1062220C8000002000670000D80C800000BC
S214180C20400067340C8000001000660000DE48782C
S214180C30000560280C800000A000670000AE0C803D
S214180C400000C000670000BC0C8000008000660032
S214180C5000BA487800016004487800022F0B2F0A63
S214180C604E904FEF000C16AC0018176C00190001C8
S214180C70176C001A0002176C001B0003E04C174490
S214180C80000417450005174200067200122A004C89
S214180C90E149484142417000102A004D4840424000
S214180CA082807000102A004EE1888081802A004FCA
S214180CB04A80661A7000102A003EE188802A003F93
S214180CC00C40000462083002E048174000072D4226
S214180CD000102D43000C508B2D4B00084CEE1C3C7E
S214180CE0FFE44E5E4EF900195D6448780007600010
S214180CF0FF6C487800036000FF64487800046000C2
S214180D00FF5C487800066000FF5442A76000FF4E5C
S214180D104E56000048E73F3C226E0008286E000C2E
S214180D20246E00102C2E00142E2E00182A2E001CAE
S214180D30720012290018E1494841424170001029F2
S214180D40001948404240828070001029001AE18835
S214180D5080818029001B223C00000400E1A92001A4
S214180D603405504232020241000367060242FFFC75
S214180D705842206A000C47F00800B7C86206701C74
S214180D80600000B472001210E149484142417000F8
S214180D901028000148404240828070001028000247
S214180DA0E188808180280003780018280004E18CE8
S214180DB0882800053A4472001229004CE149484137
S214180DC0424176001629004D4843424386817200F8
S214180DD01229004EE18982838229004F4A816612C1
S214180DE076001629003EE18B8629003F0C43000446
S214180DF0635C162800074A8066580C03FFDE6748AF
S214180E00B44D62442F052F072F063F0D42672F0853
S214180E102F094EB900180B802F2A000C2F0C4EB92C
S214180E2000180A284FEF001C2EAA00084EB9001802
S214180E306904588F70004CEE3CFCFFD84E5E4E7519
S214180E400640000C9041603AD1C46000FF2E4A80DC
S214180E5067AE4240102800064A81661C72001229A6
S214180E60003EE1898229003F0C410004620A7200A4
S214180E7012280007E189804132000241000366C04B
S214180E80504032049240B24265BE3400E04A1142E5
S214180E90000402800000FFFF114000052F052F07F1
S214180EA02F063F014267487008006000FF644E56E0
S214180EB0FFE048E73F3C246E00082A2E000C2C2E34
S214180EC00010282E0014266A0014260B5C83082BA4
S214180ED0000500656746487810002F2A00104EB99E
S214180EE000185A96508F4A0067322F062F052F047F
S214180EF02F0A4EB9001825BA4FEF00100C80FFFFC6
S214180F009E5866000148487810002F2A00104EB9DF
S214180F1000185AD0157C0001001C508F42AEFFE412
S214180F2042AEFFE842AEFFEC7200122B001EE149FB
S214180F30484142417000102B001F484042408280B2
S214180F407000102B0020E1888081802B0021243C23
S214180F5000000400E1AA2F2A00102F034EB900182B
S214180F6059CC2F0242A72F012F004EB90019CE4C8C
S214180F702D41FFE042AEFFE44FEF00187EE8DE8E0C
S214180F8049EEFFF0202EFFE4B0AEFFE0650000C883
S214180F9042AEFFE442AEFFE842AEFFEC486EFFE416
S214180FA02F072F0A4EB90018E4484FEF000C4A8056
S214180FB06600009A2F2EFFEC2F2EFFE849EEFFF062
S214180FC02F0C2F2B00024EB9001869584FEF00103F
S214180FD04A8066782F0242A72F2EFFFC4EB90019BA
S214180FE05DD4202EFFFC4FEF000C41F900180B8043
S214180FF0082B0002006C6700012C2F062F052F0403
S21418100032020641FFF43F0142672F002F034E902D
S214181010307CFFF4D1C2D1EEFFFC2F084EB9001871
S21418102009F44FEF001C2F2EFFFC2F0A4EB900189C
S2141810300A282F2EFFF84EB9001869042F0C2F2BEC
S21418104000024EB9001885D24FEF00144CEE3CFC47
S214181050FFB84E5E4E7542A72F072F002F0A4EB9BF
S2141810600018E1DA4FEF00104A8066E02F2EFFECEA
S2141810702F2EFFE82F0C2F2B00024EB9001869648C
S2141810804FEF00104A8066C42F2EFFFC2F0A4EB969
S21418109000180976508F4A0066504EB90018040892
S2141810A008000006674448790019E880487900194E
S2141810B0E88B4BF9001951844E954878018B48797E
S2141810C00019E88E4E952F2EFFE42F2A001848791F
S2141810D00019E8974E952079001A09EA2F28000873
S2141810E04EB9001949704FEF00202F062F052F0410
S2141810F02F0C2F0A2F034EB900180D102A402F0C4C
S2141811002F2B00024EB9001885D24FEF00204A80C8
S2141811106600FF3ABAFC00006700FF3252AEFFE4E2
S2141811206000FE622F062F052F043F0242672F002D
S2141811302F034E904FEF00186000FEEC4E5600003E
S21418114048E73838266E000C242E0010206E00084B
S2141811502468000C7200122B0018E14948414241DD
S2141811607000102B00194840424082807000102BE7
S214181170001AE1888081802B001B263C00000400A2
S214181180E1ABD68A49F90019555EB68A620670022E
S214181190600000A2200AD082B08362F27200121297
S2141811A0E149484142417000102A00014840424037
S2141811B082807000102A0002E1888081802A00034D
S2141811C04A80677A4241122A00067800182B004C8B
S2141811D0E14C484442447000102B004D48404240B1
S2141811E088807000102B004EE1888084802B004F7A
S2141811F04A80661C7000102B003EE188802B003F4A
S2141812000C400004620A7000102A0007E188824029
S21418121002810000FFFFB28266242F02486A000887
S2141812202F2E00144E944FEF000C4A806610206E36
S2141812300018208A4CEE1C1CFFE84E5E4E75700097
S214181240102A0004E188802A00054A806612487928
S2141812500019E8D24EB900195276588F701660D415
S214181260D5C06000FF264E56FFE448E73F3C266E82
S2141812700008246E000C286A0014260C5C8342931F
S21418128042AB000442AB0010082C00050065674C02
S214181290487810002F2A00104EB900185A96508F0A
S2141812A04A0067382F2E00102F2E00142F0A2F0BE7
S2141812B04EB9001821B82A404FEF00100C80FFFFD7
S2141812C09E586600015A487810002F2A00104EB90A
S2141812D000185AD0157C0001001C508F7200122C72
S2141812E0001EE149484142417000102C001F48403A
S2141812F0424082807000102C0020E1888081802C6B
S2141813000021243C00000400E1AA2F2A00102F0315
S2141813104EB9001859CC2F0242A72F012F004EB9EC
S2141813200019CE4C28014FEF001874002A3C0018FC
S214181330E1DA49EEFFF02C3C001869647EE4DE8E94
S214181340B88262083A7C0002600000D442A7486E51
S214181350FFE82F022F0A20454E902A404FEF001024
S2141813604A80660000BA2F2EFFEC2F2EFFE82F0CAF
S214181370206A00142F28000220464E902A404FEF6D
S21418138000104A80660000982F2EFFFC2F0A4EB9D0
S21418139000180976508F4A00664E4EB90018040891
S2141813A008000006674248790019E880487900194D
S2141813B0E88B4BF9001951844E95487801F948790D
S2141813C00019E88E4E952F022F2A00184879001912
S2141813D0E8974E952079001A09EA2F2800084EB982
S2141813E0001949704FEF00202F072F2E00102F2EB0
S2141813F000142F032F0C4EB90018113C2A404FEF3B
S21418140000144A806624487800102F0C2F0B4EB90B
S21418141000195D64276EFFE400104FEF000C200DD6
S2141814204CEE3CFCFFBC4E5E4E752F0C206A00142A
S2141814302F2800024EB9001885D22A40508F4A80AD
S21418144066DC52826000FEFA4E560000226E0008D5
S214181450206E000C201080A8000467122069001463
S2141814602D68000200084E5E4EF9001885D27000EE
S2141814704E5E4E754E56FFEC48E73038246E000820
S214181480487840002F2A0010202A00145C802F006D
S2141814904EB900185A764FEF000C4A00670000DC69
S2141814A02F2E00102F2E000C2F0A47EEFFEC2F0BB6
S2141814B04EB9001812664FEF00104A80660000B248
S2141814C0226EFFFC421142290001422900024229DD
S2141814D00003286EFFF82209928C67727000102C91
S2141814E00004E188802C0005204C74007600360035
S2141814F0D682B681651E673C487802354879001949
S214181500E84648790019E85B4EB9001951844FEF40
S214181510000C60FE700010280004E1888028000582
S214181520D48041F42800700010280004E188802830
S214181530000560B8720012290004E18982290005A6
S214181540D0413200E04911410004114000052F0C2B
S2141815502F0A4EB900180A282F2EFFF44EB9001875
S21418156069042F0B2F0A4EB9001814484FEF0014B1
S2141815704CEE1C0CFFD84E5E4E75701460F24E562C
S2141815800000206E00082050206800344AA8000288
S21418159056C0488048C04E5E4E754E5600004E5E89
S2141815A04EF90018157E4E560000206E0008205082
S2141815B02068003410104A0066FC10BC0001700049
S2141815C04E5E4E754E560000206E0008205020685D
S2141815D00034421070004E5E4E754E56FFF848E7BF
S2141815E03F20242E001820020280FF000000671AF1
S2141815F048790019E8DA4EB900195276588F70FFF4
S2141816004CEE04FCFFDC4E5E4E75D482202E001085
S214181610222E0014D281D1802C2E000C7E00460774
S21418162045F9001831944A826604700060D2260282
S2141816300C82000000FF630226072F012F062F03D7
S2141816402D40FFFC2D41FFF84E9228037A09EBAC8B
S214181650DC842A037800202EFFFC222EFFF8D28581
S214181660D18494834FEF000C60BC4E56000048E7B8
S2141816703F38282E00102A2E001442804281220558
S2141816800281FF00000024008481671A4879001937
S214181690E8ED4EB900195276588F70FF4CEE1CFCC8
S2141816A0FFDC4E5E4E75242E0018D482DA85D98457
S2141816B02C2E000C7E00460749F90018329A4A82EA
S2141816C06604700060D626020C82000000FF6302D3
S2141816D026072F052F062F034E9420037209E3A81A
S2141816E0DC80264395CA200ADA8BD98094834FEF7C
S2141816F0000C60CA4E56000048E7203848780400A8
S21418170047F9001935044E932400487800064E937E
S2141817102840487800384E932440421442AC0002C1
S21418172024BC0018159A257C001815DA0004257CA8
S2141817300018166A0008257C001815A60010257CC7
S214181740001815C40014257C0018157E000C257C7E
S21418175000000400001842AA001C257C00020000A5
S21418176000202542002470012540002842AA002C9B
S21418177042AA0030254C0034487800304E9320405A
S214181780208A42A8000442A8000842A8000C217C1F
S21418179008000000001042A80014217C0000040075
S2141817A0001842A8001C217C00020000002042A855
S2141817B0002442A8002842A8002C4CEE1C04FFF077
S2141817C04E5E4E754E560000206E00082210206E93
S2141817D0000C2010B081670E52C0488048C07201B5
S2141817E080814E5E4E75700060F84E56FFF848E7DA
S2141817F03030206E0008246E001826680014082B57
S2141818000002006C670000CA2D680018FFF82F2821
S21418181000104EB9001856CA2D40FFFC262E00148C
S214181820E78BD6AE00107000102A0004E148484036
S21418183042407400142A00054842424280827400CE
S214181840142A0006E18A8480842A0007422A0004A3
S214181850422A0005422A0006422A00074878001045
S214181860486B006E4878FFFF47F9001851004E93F2
S21418187048780004486EFFF82F004E934878000406
S214181880486EFFFC2F004E934FEF00242E832F2E0A
S214181890000C2F004E93487800082F0A2F004E93FE
S2141818A0220242414841E0491541000422024241C1
S2141818B04841154100052202E089154100061542E7
S2141818C000074FEF00184CEE0C0CFFE84E5E4E75F6
S2141818D0700060F24E56000048E72030226E00086E
S2141818E0206E000C24690014082A0002006C670099
S2141818F001187200122A001EE14948414241700040
S214181900102A001F4840424082807000102A00208B
S214181910E1888081802A0021223C00000400E1A989
S214181920700010280004E18880280005740CB48024
S214181930660000CC700010280010E188802800117E
S214181940347CFFF4D5C1B5C0660000BE74001428F8
S2141819500018E14A484242427000102800194840D0
S2141819604240848070001028001AE18880828028FF
S214181970001B4A80660000920C280008001D6600AE
S2141819800088742047F02800B6FC0000677A7000BC
S2141819901013E188802B0001E7882440D5C25181B6
S2141819A0B28A656445F308002F0A7000102B0002EF
S2141819B0E188802B00032F002F022F082F094EB91D
S2141819C0001817EA7400142A0004E14A48424242F2
S2141819D07200122A00054841424184817200122A78
S2141819E00006E1898282822A00074FEF0014B08130
S2141819F057C044004CEE0C04FFF44E5E4E75B08192
S214181A00660674086000FF7E700160E84E56FFF0A8
S214181A1048E73F3C286E000C2A2E00102A6C00144B
S214181A207200122D001EE149484142417000102DE7
S214181A30001F4840424082807000102D0020E18828
S214181A408081802D0021283C00000400E1AC22454E
S214181A502069000C47E80020740014280020E18A4A
S214181A60842800211C28001E344445EAFFF03D4A0D
S214181A70FFF651447000102B0002E188802B0003FB
S214181A804A406700014AB4406500014443EB000829
S214181A9006801FFFFFFFE788D08BB3C063444878E3
S214181AA000102F052F2E00182D49FFF24EB90019D9
S214181AB05D64206E0018214B0010226EFFF245E977
S214181AC0FFF8214A00144FEF000C4A066664206E91
S214181AD0001420AE001870004CEE3CFCFFC84E5E9A
S214181AE04E7522009289E68122016A025281E281AD
S214181AF0E78941F1180076001610E14B4843424337
S214181B007400142800014842424284837200122846
S214181B100002E189828282280003246E0008B292AD
S214181B206308200851806000FF7243E800086000D0
S214181B30FF6A70001029FFFCE148484042407600D2
S214181B401629FFFD48434243808376001629FFFE78
S214181B50E18B86808629FFFF530642A7486EFFF85A
S214181B602F032F0C4EB90018E1DA4FEF00104A80F9
S214181B706600FF662F2EFFFC2F2EFFF82F05206C11
S214181B8000142F2800024EB9001869644FEF001091
S214181B904A806600FF4422452069000C47E8000882
S214181BA0740014280008E18A84280009082D000209
S214181BB0006C66243004E648B04267222F05206C75
S214181BC000142F2800024EB9001885D2508F203CDA
S214181BD0FFFF9E586000FF02302EFFF660D82F08D1
S214181BE02F0C4EB9001818D4508F4A0066504EB9AC
S214181BF00018040808000005674448790019E90128
S214181C0048790019E88B2E3C0019518424474E92C7
S214181C104878027448790019E88E4E922F032F2CB4
S214181C20001848790019E9104E922079001A09EA26
S214181C302F2800084EB9001949704FEF0020701869
S214181C40D1AE00186000FE2E4E56000048E7383019
S214181C50246E0008266E000C206E0010242E001825
S214181C60162B001C203CFFFF9E580C030002620037
S214181C7000AA4A2B001F660000A20C2B0001001EAB
S214181C8062000098720012280018E1494841424143
S214181C9070001028001948404240828070001028B2
S214181CA0001AE18880818028001B327C04002209F3
S214181CB0E1A92241082800020066666843E9FFE0A9
S214181CC02209E6897800182B0020E18C882B002141
S214181CD0203CFFFF9E58B88166400283000000FF34
S214181CE02543000808280001016367065683254324
S214181CF0000841E800EC2548000C4A82672C486A20
S214181D0000042F0A2F2A00082F082F2E00142F023F
S214181D104EB900185C824FEF00184CEE0C1CFFEC06
S214181D204E5E4E7543E9FFD86096700060EC4E56CE
S214181D30000048E72030226E0008206E000C246948
S214181D400014082A0002006C670000F67200122AB7
S214181D50001EE149484142417000102A001F4840C1
S214181D60424082807000102A0020E1888081802AF4
S214181D700021223C00000400E1A97000102800048D
S214181D80E18880280005740CB480660000BE7000D8
S214181D9010280010E18880280011347CFFF4D5C183
S214181DA0B5C06600009C740014280018E14A484222
S214181DB04242700010280019484042408480700043
S214181DC01028001AE18880828028001B4A806670D6
S214181DD00C280008001D6668742047F02800B6FC1A
S214181DE00000675C70001013E188802B0001E788FC
S214181DF02440D5C25181B28A654645F308002F0A99
S214181E007000102B0002E188802B00032F002F0291
S214181E102F082F094EB9001817EA220042414841E8
S214181E20E049154100042200424148411541000589
S214181E302200E08915410006154000074FEF0014F0
S214181E404CEE0C04FFF44E5E4E75B08166F27408C4
S214181E5060884E56000048E73C38282E0008286E42
S214181E60000C2A2E0010262E0014246C0014220AA9
S214181E705081266C00107400142B0002E18A842B03
S214181E8000032002E788D08B90812F002F01486A24
S214181E9000104EB9001955D6200342404840E04875
S214181EA01540000C2003424048401540000D200302
S214181EB0E0881540000E1543000F200542404840A4
S214181EC0E0481540000820054240484015400009E3
S214181ED02005E0881540000A1545000B52423002CE
S214181EE0E04817400002174200032F2C000C2F045E
S214181EF04EB900181D2E4FEF00142D6C0008000860
S214181F004CEE1C3CFFE44E5E4EF9001869044E5623
S214181F10FFCC48E73F3C246E000842AEFFD42F2A79
S214181F200010202A00145C802F004EB9001859CCD7
S214181F3024002601286A00147000102C001EE148A0
S214181F40484042407A001A2C001F48454245808572
S214181F507A001A2C0020E18D8A808A2C0021508F56
S214181F607CD8DC8E4280720192839182640001369E
S214181F702F062F2EFFD42F0A4EB90018E4262E004F
S214181F804FEF000C660001122F2EFFDC2F2EFFD805
S214181F904BEEFFE02F0D206A00142F28000247F999
S214181FA0001869584E932E004FEF0010660000EA8E
S214181FB0283C00000400EBAC266EFFEC48780020A6
S214181FC042A72F0B4EB900195DD4487800014879FE
S214181FD00019E7B02F0A4878000C2F0B2E0C5C87D8
S214181FE02F0741F900180B802D48FFCC4E903A0465
S214181FF00645FFF44FEF0024487800024879001988
S214182000E7AF2F2E000C720032052D41FFD02F019E
S214182010486B000C2F07206EFFCC4E90206A0014D9
S21418202017680102001C422B001E177C0008001DB2
S214182030422B0022177C000100234FEF0018082CB3
S2141820400002006C667070E0D084E6883200E049C2
S2141820501741002017400021206EFFD452882D48C3
S214182060FFD44280720192839182644E2F062F0805
S2141820702F0A4EB90018E4262E004FEF000C206ADF
S2141820800014243C001885D24A80673E2F0D2F284E
S214182090000220424E90508F20074CEE3CFCFFA4C6
S2141820A04E5E4E75486EFFD42F062F0A4EB900188E
S2141820B0E4486000FECA70D8608E486EFFD42F06BB
S2141820C02F0A4EB90018E44860AE2F2EFFDC2F2ECC
S2141820D0FFD876F0D68E2F032F2800024EB9001898
S2141820E069582E004FEF001067082F0D206A00144D
S2141820F0609C206EFFFC082C0002006C670000AC89
S214182100E04D11450004116EFFD300054228000665
S21418211042280007487048F42D48FFCC4EB90018DE
S21418212009F4206EFFCC2F082F0A4EB900180A287B
S2141821304FEF000C206EFFCC4210422800014228B8
S2141821400002422800032F2EFFF849F900186904E8
S2141821504E942F03206A00142F28000220424E9017
S2141821602E004FEF000C6682176EFFD40024176EF1
S214182170FFD50025176EFFD60026176EFFD7002747
S2141821802F2EFFEC2F0A4EB900181D2E2F2EFFE803
S2141821904E942F0D206A00142F28000220424E90CD
S2141821A02E004FEF00146000FEF03004E048114097
S2141821B000041144000560804E56FF6C48E73F3C0B
S2141821C0246E000C42A7486EFF7842A72F0A4EB915
S2141821D00018E1DA24004FEF0010660000C6286ADF
S2141821E000142F2EFF7C2F2EFF7847EEFF902F0B14
S2141821F02F2C00024EB90018696424004FEF001007
S214182200660000A02F2EFF9C2F0A4EB9001818D46F
S214182210508F4A00664E4EB900180408080000058C
S214182220674248790019E90148790019E88B4BF993
S214182230001951844E95487802E348790019E88EBB
S2141822404E9542A72F2A001848790019E9464E9548
S2141822502079001A09EA2F2800084EB90019497083
S2141822604FEF002041EC00062D48FF6C2F2E00146F
S2141822702F2E00102F082F2EFF9C4BEEFFA02F0D91
S2141822804EB900181C484FEF00144A8067202F0BD1
S2141822902F2C00024EB9001885D2508F243CFFFF11
S2141822A09E5820024CEE3CFCFF444E5E4E75486E1F
S2141822B0FFD0486EFF702F0B2F0A2F0D4EB900183F
S2141822C01A0C4FEF00144A8066C44BEEFFB07EC05F
S2141822D0DE8E206EFF702068001470001028000430
S2141822E0E1484840424076001628000548434243D5
S2141822F08083760016280006E18B868086280007DD
S21418230042A7486EFF802F032F0A4EB90018E1DA4D
S21418231024004FEF0010660000BE2F2EFF842F2ECD
S214182320FF802F0D2F2C00024EB900186964240068
S2141823304FEF0010660000A02F2EFFBC2F0A4EB9D4
S21418234000180976508F4A00664E4EB900180408D1
S21418235008000005674248790019E901487900190C
S214182360E88B47F9001951844E9348780313487937
S2141823700019E88E4E932F032F2A00184879001953
S214182380E9814E932079001A09EA2F2800084EB9D9
S214182390001949704FEF0020486EFF742F2E001456
S2141823A02F2E00102F2EFF6C2F0D4EB90018113C33
S2141823B024004FEF00146646487800102F0D2F2E75
S2141823C000084EB900195D64226E0008236EFF746B
S2141823D000104FEF000C45EEFFD047F9001885D2D5
S2141823E0B5EEFF706200FEBC2F0A2F2C00024E932B
S2141823F0508F4A826602240045EA001860E22F0DC4
S2141824002F2C00024EB9001885D2508F4A8066C607
S2141824107002B08266C0262EFFA0307C0014D1EE63
S214182420FF707A007CD0DC8E47E8FFEC2228FFFC91
S2141824302241700010290002E188802900032250EA
S214182440280950842084E788D081B084620C41E83B
S214182450FFE8B7C66780528560CE7800080300008C
S214182460663018290008E14C484442447000102988
S214182470000948404240888070001029000AE18808
S21418248080848029000B72FEC081B0836600FF48E6
S2141824907800B8856700FE3C206B00147000102882
S2141824A00004E14848404240760016280005484394
S2141824B042438083760016280006E18B868086289D
S2141824C0000742A7486EFF882F032F0A4EB9001838
S2141824D0E1DA4FEF00104A80660000CA2F2EFF8CF4
S2141824E02F2EFF882F07206A00142F2800024EB9B7
S2141824F0001869644FEF00104A80660000A82F2E57
S214182500FFCC2F0A4EB9001818D4508F4A006654BC
S2141825104EB90018040808000005674848790019DD
S214182520E90148790019E88B2C3C0019518420469B
S2141825304E90487802B848790019E88E22464E918F
S2141825402F032F2A001848790019E91020464E90B4
S2141825502079001A09EA2F2800084EB90019497080
S2141825604FEF002047EB00182F0B206A00142F2877
S21418257000024EB9001885D25284508F4A806624BD
S214182580487800102F072F0B4EB900195D64202EBF
S214182590FFCC508027400010274000144FEF000C47
S2141825A06000FEF04A806C0624006000FE2A720264
S2141825B0B2806700FD1E6000FE1E4E56FF3048E7CC
S2141825C03F3C246E000842A7486EFF5842A72F0AC1
S2141825D047F90018E1DA4E934FEF00104A8066006C
S2141825E000D62D6A0014FF442F2EFF5C2F2EFF589E
S2141825F0240E0682FFFFFF702F02206EFF442F283E
S21418260000024EB9001869644FEF00104A80660041
S21418261000A62F2EFF7C2F0A4EB9001818D4508FFC
S2141826204A00664E4EB900180408080000056742AE
S21418263048790019E90148790019E88B49F9001911
S21418264051844E94487804E748790019E88E4E94D9
S21418265042A72F2A001848790019E9464E9420797F
S214182660001A09EA2F2800084EB9001949704FEFCA
S2141826700020226EFF445C892D49FF402F2E001043
S2141826802F2E00142F092F2EFF7C4BEEFF802F0DB8
S2141826904EB900181C484FEF00144A8067222F02C4
S2141826A0206EFF442F2800024EB9001885D2508F8E
S2141826B0203CFFFF9E584CEE3CFCFF084E5E4E75C5
S2141826C078D0D88E2F04486EFF502F022F0A2F0D61
S2141826D04EB900181A0C4FEF0014263CFFFF9E58F0
S2141826E04A8066000800206EFF50206800147200AA
S2141826F012280004E149484142417000102800059C
S214182700484042408280700010280006E188808188
S214182710802800072D40FF4C42A7486EFF602F0008
S2141827202F0A4E9326004FEF0010660007B8266E45
S214182730FF50B88B6600038E387C0020D9EEFFDC7D
S21418274074001414E18A842C00017000102C000206
S214182750E188802C0003B08266000234200B908437
S214182760E6802F3CAAAAAAAB2F004EB90019C15C66
S214182770508F2A00226EFFDC720012290020E18991
S21418278082290021700010290022E1888029002360
S2141827904A856F06B04167000832226A0014720034
S2141827A01229001EE1494841424178001829001FA5
S2141827B0484442448284780018290020E18C888195
S2141827C088290021486EFF90486EFFA02F0A4EB940
S2141827D00018E44826004FEF000C660006EE2F2E71
S2141827E0FFA42F2EFFA0486EFFB0226A00142F29D0
S2141827F000024EB90018695826004FEF0010660000
S21418280006CA263C00000400E9AB28035184E68C6F
S214182810226EFFBC2C0950864878000842A72F095C
S2141828202D49FF304EB900195DD43003E048226EAA
S214182830FF3013400004134300054FEF000C7600DA
S21418284036023204E0493D41FF4802840000FFFF8B
S2141828504A856F00027A2E02E28F96872007E7884D
S2141828604BF408007A001A15E14D484542457000A9
S214182870102D00014840424080857A001A2D00022B
S214182880E18D8A808A2D00032003E7882F002F0DFC
S2141828902F064BF900195D642D49FF304E957009C7
S2141828A0E0AA19420002194700033003E048226ED6
S2141828B0FF301340000A1343000B136EFF4900083D
S2141828C013440009262B001496AB0010E6834FEF2E
S2141828D0000C49F900181D2EB68765502F2B000CD2
S2141828E02F0A4E942F2B00084EB90018690478C08A
S2141828F0487800102F0B487648004E9548780010F8
S214182900486EFFB02F0B4E959687E78BD6862743D3
S2141829100014274600104FEF002448780010487619
S2141829204800486EFFB04E954FEF000C2F2EFF90C4
S2141829302F05486EFFD02F0A4EB900181E522F2E9C
S214182940FFDC2F0A4E942F2EFFF42F0A4E944FEFCB
S214182950001C2EAEFFD847F9001869044E932F2E88
S214182960FFF04E932F2EFFBC2F0A4E942F2EFFB833
S2141829704E93486EFFB0206A00142F2800024EB9F6
S214182980001885D226004FEF001C6600053E2F2E35
S214182990FF642F2EFF6049EEFF902F0C206EFF4429
S2141829A02F2800024EB90018696426004FEF001051
S2141829B0660005322F2EFF9C2F0A4EB9001809768E
S2141829C0508F4A0066504EB90018040808000005D3
S2141829D0674448790019E90148790019E88B47F9DE
S2141829E0001951844E934878051B48790019E88ECB
S2141829F04E932F2EFF4C2F2A001848790019E9817C
S214182A004E932079001A09EA2F2800084EB90019A3
S214182A1049704FEF00202F2E00142F2E00102F2E47
S214182A20000C2F0C2F0A2F2EFF404EB900180D1031
S214182A304FEF00184A80670004922D6EFF50FF383B
S214182A402A2A0014224572001229001EE14948411C
S214182A50424170001029001F484042408280700092
S214182A6010290020E188808180290021223C00005E
S214182A700400E1A92D41FF4C2F0147F90019350430
S214182A804E932D40FF48588F67344878000C2F2EE9
S214182A90FF4C4EB90019C180508F2200D281D081C8
S214182AA0D080D0802F004E932640588F4A806600DC
S214182AB000C22F2EFF484EB900193518588F780CBB
S214182AC060000210286B000C508C6000FC74E78BBA
S214182AD02F032F0C2F0647F900195D642D49FF3078
S214182AE04E93226EFF30136EFF49000813440009F8
S214182AF0422C0002197C00010003196EFF90000496
S214182B00196EFF910005196EFF920006196EFF9355
S214182B1000072A6EFFDC1B7C0001001E206EFFE4F7
S214182B2091CCD1C62D48FFFC2D46FFF874E8D48EFC
S214182B3048780010486EFFB02F024E932D42FF5073
S214182B402F0D2F0A47F900181D2E4E934FEF001C15
S214182B502EAEFFF42F0A4E932F2EFFD847F90018E3
S214182B6069044E932F2EFFF04E934FEF001060001F
S214182B70FE1E7CB0DC8E48780010486EFF802F064C
S214182B8049F900195D644E94206EFF9C4FEF000CB7
S214182B90242EFF489BCD202EFF4CD0AEFF9CB0882D
S214182BA062704879001817C44878000C2F0D2F0B40
S214182BB04EB900193FE6486EFF54486EFF682F0A54
S214182BC04EB90018E44828004FEF001C660000F2C3
S214182BD02F2EFF6C2F2EFF68486EFFC0206A001439
S214182BE02F2800024EB90018695828004FEF001019
S214182BF0660000CE222EFF4CE28949EB0004204CDA
S214182C007000B88D66000124780042AEFF3C600064
S214182C10012E72001210E1494841424170001028F6
S214182C200001484042408280700010280002E18867
S214182C308081802800034A80670000DE1E28000670
S214182C40670000D6024700FF22457200122900527C
S214182C50E14948414241700010290053484042401B
S214182C608280700010290054E188808180290055E0
S214182C704A80661C700010290044E18880290045A7
S214182C800C400004620A700010280007E1888E4085
S214182C9002870000FFFF486EFFB42F062F2EFFB8DE
S214182CA02F2EFFBC2F07486800082D48FF304EB956
S214182CB000185C8228004FEF0018206EFF30671847
S214182CC02F0B45F9001935184E922F2EFF484E92A5
S214182CD0508F2604600001F450877003C08767067B
S214182CE070FCCE8058872F072F082F022D48FF30EC
S214182CF04E9443F5D800D3CDD3C9D3C943F398001F
S214182D00234200082347000422AEFFB0D487528D12
S214182D104FEF000C206EFF30700010280004E1887A
S214182D2080280005D1C06000FE6E43E8FFFCD090F6
S214182D3041E8000CB280640001C42D51FF3C240405
S214182D40D484D484D482D482206EFF3CB1F328F481
S214182D5057C0488048C02E004487224508290002DC
S214182D60006C670670F4D1AEFF4C7C007A00220423
S214182D7053812D41FF34BA846600018849F328042C
S214182D807C00243C00195D64280D5384BA8D6500B8
S214182D9001C0206A001408280002006C67527200EE
S214182DA01228001EE1494841424170001028001FB1
S214182DB0484042408280700010280020E1888081B8
S214182DC080280021387C0400220CE1A9284149EC0F
S214182DD0FFF4202EFF9CD08C2F00243C001809F4FA
S214182DE020424E90D9EEFFCC2F0C22424E91508F97
S214182DF02F2EFF9C2F0A49F900180A284E942F2EBA
S214182E00FFCC2F0A4E942F2EFF9849F90018690404
S214182E104E942F2EFFC84E942F0B47F900193518CD
S214182E204E932F2EFF484E934FEF001C2EAEFF5496
S214182E30206EFF3C487078002F2EFF382F0A4EB9A8
S214182E4000181E5247EEFFA048780010486EFFC0C4
S214182E502F0B4EB900195D64206EFF5020680014C1
S214182E60700010280008E1484840424072001228B6
S214182E70000948414241808172001228000AE189FF
S214182E8082808228000B4FEF001C41F900180D10A5
S214182E90B2AEFF80620001042F2E00142F2E0010F1
S214182EA02F2E000C2F0B2F0A2F2EFF404E904FEF71
S214182EB000142E8B226EFF442F2900024EB90018DC
S214182EC085D2508F4A806600F7EE486EFF90206EC7
S214182ED0FF442F2800024EB9001885D2508F4A801A
S214182EE06600F7D445EEFFD047F9001885D2B5EE40
S214182EF0FF50630000BA20036000F7BC52846000DD
S214182F00FD02206EFF9CD1C62F142F2C00042F080C
S214182F102D48FF304EB900195D644FEF000C206E37
S214182F20FF30BAAEFF3464182014116C0002000487
S214182F3011400005DC94528549EC000C6000FE3800
S214182F40302EFF4E90463200E0491141000460E0F2
S214182F50206EFFCCD1C62F142F2C00042F082D4816
S214182F60FF3022424E914FEF000C206EFF30B8858E
S214182F7063182014116C0002000411400005DC943C
S214182F80528549EC000C6000FE04302EFF4E904629
S214182F903200E0491141000460E02F2E00142F2E55
S214182FA000102F2E000C486EFF906000FEFA2F0AB5
S214182FB0226EFF442F2900024E93508F4A806600D7
S214182FC0F6F645EA00186000FF26761C6000FEFC40
S214182FD04E56FFE848E72038246E0008242E000CCA
S214182FE042A7486EFFE842A72F0A4EB90018E1DA42
S214182FF04FEF00104A80660000D62F2EFFEC2F2EBB
S214183000FFE849EEFFF02F0C206A00142F28000264
S2141830104EB9001869644FEF00104A80660000B079
S2141830202F2EFFFC2F0A4EB9001818D4508F4A00BE
S214183030664E4EB90018040808000005674248791D
S2141830400019E90148790019E88B47F900195184E5
S2141830504E934878056948790019E88E4E9342A72A
S2141830602F2A001848790019E9464E932079001A35
S21418307009EA2F2800084EB9001949704FEF0020AA
S214183080206EFFFC200242404840E0481140000CE9
S2141830902002424048401140000D2002E0881140AE
S2141830A0000E1142000F2F082F0A4EB900181D2EB9
S2141830B02F2EFFF84EB9001869042F0C206A00143A
S2141830C02F2800024EB9001885D24FEF00144CEE88
S2141830D01C04FFD84E5E4E754E5600002F02223C3A
S2141830E0000182B95381660470FE603E303900FFD5
S2141830F0200EE0484A006D0C1400020200500C0224
S2141831000050672E0800000067DA303900FF2002EA
S214183110E08872004601C2802F0148790019E9C27A
S2141831204EB900195184508F70FF242EFFFC4E5E46
S2141831304E75700060F44E5600002F02223C0001B7
S21418314082B95381660470FE603E303900FF200E47
S214183150E0484A006D0C1400020200180C02001811
S214183160672E0800000067DA303900FF2002E08872
S21418317072004601C2802F0148790019E9C24EB97B
S21418318000195184508F70FF242EFFFC4E5E4E752A
S214183190700060F44E56000048E73F20282E0008BE
S2141831A02A2E000C242E00104EB9001830D82202F1
S2141831B04841E04148C10201000F0001FFE03C0110
S2141831C0E14E024100FF824633C100FF200C7C000E
S2141831D04606CC842204E189024400FF884133C4A1
S2141831E000FF20042802E18C42411202824433C1B7
S2141831F000FF20063202E049280202840000FF0081
S214183200824433C100FF2008484248C22202E1899E
S214183210024200FF844133C200FF200A33FC2020FC
S21418322000FF200E7800227C00FF200E247C00FF72
S21418323020002E00BC846E0A4CEE04FCFFE44E5EA2
S2141832404E7520047209E3A82045D1C0343C270FD8
S214183250161108030003660000160803000066002F
S214183260000853426600FFEA70FF60000010303C0A
S21418327000FF321230C151C8FFFA70004A876C1628
S2141832802D7C0019E9D500084CEE04FCFFE44E5ED0
S2141832904EF9001952765284609A4E56000048E746
S2141832A03430262E0008246E000C242E00104EB93A
S2141832B0001830D820024840E04048C00200000FEE
S2141832C00000FFE03200E149024000FF804133C0B1
S2141832D000FF200C7A004605CA832003E1880243C3
S2141832E000FF864033C300FF20042202E1894240D3
S2141832F01002804133C000FF20063002E048220248
S21418330002810000FF00804133C000FF20084842B9
S21418331048C22002E188024200FF844033C200FF00
S214183320200A33FC303000FF200E740047F90018CE
S2141833303136BA82661633FCE7E700FF200E4CEEED
S2141833400C2CFFEC4E5E4EF9001830D84E934A807F
S2141833506C1A2D40000C2D7C0019E9EF00084CEE75
S2141833600C2CFFEC4E5E4EF900195184700020406C
S214183370D1C03232880033C100FF200052800C8042
S2141833800000010066E8528245EA020060A44E5624
S214183390000048E73800206E0008202E0010226E25
S2141833A0000CD3C07601220992807407C48166285F
S2141833B0E689D1C1220022487407B48165302200FC
S2141833C0E689D1C1E789908172007601B0816624BA
S2141833D04CDF001C4E5E4E754A8067F4E68928035B
S2141833E0E5AC24044602C5301800538060B842196C
S2141833F0518160C42403E3AA4602C510528160CCEA
S2141834004E56000048E73C00206E0008262E000C9A
S214183410226E0014222E001092837801202E00109F
S21418342090817407C480661EE688D1C07A01282E5B
S214183430001098817007B081653274007601B282E8
S2141834406654701C601A4A8167F8E68810300800BF
S2141834500280000000FF2A04E5ADC085660A2283B4
S2141834604CDF003C4E5E4E75538160B016180C0348
S214183470FFFF671E74000283000000FF2005E5A802
S214183480C0836606D882228460D652827008B082BC
S21418349066EA51816098700010102A03E5ADC08561
S2141834A06606D484228260B8528260924E56000015
S2141834B0226E0008206E000C7000123108000C01F5
S2141834C0002F660642104E5E4E754A01660610BC00
S2141834D0000160F252800C80000000FF66DC70006D
S2141834E060E44E5600002F02242E00084A39001AAF
S2141834F00C9067244879001A0C914EB900195D4E45
S2141835002E802F024879001A0C914EB900195B4C80
S2141835104FEF000C4A8067444A39001A157E6740F8
S2141835204879001A157F4EB900195D4E2E802F0265
S2141835304879001A157F4EB900195B4C4FEF000CEE
S21418354072004A80660C223C000008EE0681001ABB
S2141835500C902001242EFFFC4E5E4E75720060EC17
S214183560720060EE4E5600002F0A2F02246E0008D6
S214183570202A047474004A8067184AAA04786612C7
S2141835802F004EB90018ABA6588F4A8067122540F0
S21418359004782002242EFFF8246EFFFC4E5E4E752B
S2141835A0740C60EE4E5600002F0A246E0008202A6F
S2141835B00474671C222A04786716487800012F01BD
S2141835C02F004EB90018A3CA42AA04784FEF000C71
S2141835D0246EFFFC4E5E4E754E5600002F0A246E63
S2141835E00008202A0474671E222A047867182F01F8
S2141835F02F004EB90018ABE242AA0478508F246EFA
S214183600FFFC4E5E4E75700060F44E56FFD848E7C5
S2141836103F3C246E00087A26DA8A4AAA04746700A1
S21418362000E84AAA047856C344030283000000FF41
S21418363047EEFFE22F0B2F2E000C2F054BF9001824
S214183640D7C84E9524004FEF000C660000F62F2EB4
S214183650FFF2486A002C4EB9001859CC2C002E01DF
S2141836602F0B49F90018D7E64E944FEF000C4A83F3
S214183670670A2F0A4EB9001835D8588F202E001012
S214183680222E00144284068101000000D1842D40A9
S214183690FFDA2D41FFDE202EFFDA222EFFDE92877C
S2141836A09186643070FF0687FF000000DD802F0AC1
S2141836B04EB9001835642F0B2F2E000C2F054E957B
S2141836C028004FEF001067462F0A4EB9001835A489
S2141836D0588F2404202E0010222E001492879186CC
S2141836E064522F0A4EB9001835642F0B2F2E000C73
S2141836F02F054E9524004FEF0010676A2F0A4EB913
S214183700001835A4588F602C42036000FF1E2F0740
S2141837102F062F0B4EB90018DDA228004FEF000C0D
S214183720672C2F0B4E94588F2F0A4EB9001835A4B5
S214183730588F24044A83670A2F0A4EB9001835642E
S214183740588F20024CEE3CFCFFB04E5E4E752F0B89
S2141837504E942800588F66D02F0A4EB9001835D8C0
S214183760588F6000FF322F2E00142F2E00102F0BAC
S2141837704EB90018DDA224004FEF000C670A2F0B75
S2141837804E94588F6000FF762F0B4E942400588F57
S2141837906600FF6A2F0A4EB9001835D86000FF6613
S2141837A04E56FFEC48E7383C2A6E0008266E000C8A
S2141837B0246E0010262E0014182E001F2F0A2F2EE7
S2141837C000182F032F0B49F900180EAE4E9424003C
S2141837D04FEF0010660000AE487840002F2A001001
S2141837E0486D002C4EB900185A764FEF000C4A0058
S2141837F0670001764A04660000DA082D0005008B7B
S21418380067502F0B2F0A4EB900181F0E508F4A807C
S21418381066000150487810002F2A00104EB900187C
S2141838205B2C157C0001001C508F487800022F2A4C
S21418383000104EB9001853E82F0B4EB90018E9C0FF
S214183840157C0001001C177C0001001C4FEF000CB3
S21418385060322F0A4878000148790019E7B02F0A15
S2141838604E9428004FEF001067262F034EB9001904
S2141838705D4E2E802F032F0B4EB9001814744FEF81
S214183880000C240420024CEE3C1CFFD04E5E4E75F5
S2141838902F0B4878000248790019E7AF2F0A4E9484
S2141838A028004FEF001067822F034EB900195D4E9F
S2141838B02E802F032F0B47F9001814744E93487850
S2141838C0000148790019E7B02F0A4E934FEF0018F9
S2141838D060B0487810002F2A00104EB900185A9673
S2141838E0508F4A00666A4878000248790019E7AF90
S2141838F02F0A49EEFFEC2F0C4EB9001812664FEF40
S21418390000104A80665A206EFFFC10AB0018116B28
S21418391000190001116B001A0002116B001B00033E
S2141839202F2EFFF44EB9001869042F0C2F0A4EB923
S214183930001814484FEF000C4A8066262F0B4EB915
S2141839400018E9C0177C0001001C588F6000FF366D
S2141839502F2B00182F0A4EB900182FD0508F60D86A
S214183960700524006000FF1E4A046600FF182F0A20
S2141839704EB90018E9C0157C0001001C60CC4E56E4
S214183980FFA848E73F3C2A6E0008242E000C262E77
S2141839900010422EFFAF2F024EB9001834E2588F8F
S2141839A0244042954A806700035E4A2A0026670824
S2141839B008030006660003562B430008486A0001F1
S2141839C04EB900195D4E588F26004AAE001C670681
S2141839D0206E001C20807E26DE8A49EEFFC42F0C3F
S2141839E0487800022F074EB90018D7C82C004FEF9A
S2141839F0000C660000FA4AAE00186708206E001819
S214183A0020AEFFDC41EA002C2D48FFAAD48376AFFF
S214183A10487638002F0247F9001834AC4E93508F6A
S214183A202A3C0000400047EEFFE2486EFFAF2F0228
S214183A304EB9001834AC2800508F661670FDC0AE0C
S214183A40001466084A2EFFAF6600023E7C0260002D
S214183A5000942F002F022F0C486EFFB04EB9001896
S214183A6012662C004FEF0010670000B8486EFFB0C3
S214183A702F0C4EB900181448508F7002B086666422
S214183A80082D0006000B675C4A2EFFAF67042C2E25
S214183A9000142F062F0B2F074EB90018D8DA2C0053
S214183AA04FEF000C663E2F0B2F074EB90018D8485C
S214183AB0508F263C0018D7E60C84000000FF633AA7
S214183AC048790019EA174EB9001952762F0B4EB9D5
S214183AD00018DA4C422EFFFE2F0B20434E904FEF65
S214183AE0000C7C162F0C4EB90018D7E6588F2006F7
S214183AF04CEE3CFCFF804E5E4E7542A72F042F02FC
S214183B002F0B2F0C2F0A4EB9001837A02C004FEF8A
S214183B100018660001FE2F0B20434E90588F600049
S214183B20FF0A4AAE00186708206E001820AEFFDCA1
S214183B30206EFFC070001010E148484042407600E2
S214183B401628000148434243808376001628000250
S214183B50E18B868086280003082A0001008F6700FC
S214183B6000D47200122A0078E14948414241700098
S214183B70102A00794840424082807000102A007A45
S214183B80E1888081802A007B4A8066147000102A9B
S214183B90006AE188802A006B0C40000463000090DD
S214183BA0102800070280000000FF2F004EB90018EA
S214183BB0D8AC2A00588F486EFFB02F0C4EB9001894
S214183BC014482C00508F6600FF1C0C85000040001F
S214183BD067084A2EFFAF6700FE744AAE00146600E8
S214183BE0008A2F0C4EB90018D7E62C00588F66009E
S214183BF0FEF42F0C2F032F074EB90018D7C82C0029
S214183C004FEF000C6600FEDE4A2EFFAF667A2042A3
S214183C1041F0480124084AAE001C6700FE0E206ECC
S214183C20001C20105280D08420806000FDFE4200C8
S214183C306000FF722F0B2F032F074EB90018D7C836
S214183C402C004FEF000C6600FE9C2F2EFFF22F2E36
S214183C50FFAA4EB9001859AE2A002F0B4EB90018F5
S214183C60D7E64FEF000C6000FF4E2F2E00144EB90B
S214183C700018D8AC588FB0856700FF684A2EFFAF7B
S214183C806700FF606000FDC647F90018D7E64A2EA1
S214183C90FFAF6768082D0001000A67280C8500002A
S214183CA08000662042A742A72F2EFFDC2F0A4EB9A7
S214183CB00018360A2C004FEF001067082F0C4E938A
S214183CC06000FE2A2A8A2F2EFFD42F2EFFAA4EB95E
S214183CD0001859CC2B40000C2B4100102B6EFFDC23
S214183CE0000442AD001442AD0018508F082D000293
S214183CF0000A67082B4000142B4100182F0C4E930F
S214183D002C006000FDE87C026000FDE47C1E60006C
S214183D10FDDE2F0B4EB90018DA4C422EFFFE2F0B85
S214183D2020434E90508F6000FDBC4E56000048E76A
S214183D303E202C2E000C242E0010182E00172F06AE
S214183D404EB9001834E2588F2A004A826700011AC2
S214183D5048790019FCCA2F0245F9001956CE4E921A
S214183D60508F4A806700019848790019EA202F0278
S214183D704E92508F4A806700018648790019E79E50
S214183D802F024E92508F4A806700015448790019C6
S214183D90EA232F024E92508F4A80670001424879D4
S214183DA00019E5DD2F024E92508F4A806700016297
S214183DB048790019EA262F024E92508F4A806700DB
S214183DC0012E48790019EA292F024E92508F4A8000
S214183DD06700015448790019EA2C2F024E92508F2A
S214183DE04A806700012848790019EA302F024E9257
S214183DF0508F4A806700013048790019EA342F023C
S214183E004E92508F4A80670000EE48790019EA37BC
S214183E102F024E92508F4A806700011E487900196B
S214183E20EA3B2F024E92508F4A806700010C487961
S214183E300019EA3F2F024E92508F4A806700010AF7
S214183E4048790019EA422F024E92508F4A8067002E
S214183E5000F848790019EA462F024E92508F243CF3
S214183E60000004424A80677C48790019EA4A4EB92D
S214183E7000195276588F74166044347C00017640C8
S214183E80C682670A2F054EB900183564588F2F2E2C
S214183E90001C2F2E00182F0A2F022F062F2E000870
S214183EA04EB90018397E24004FEF00184A83670E63
S214183EB04A8066162F054EB9001835D8588F200236
S214183EC04CEE047CFFE84E5E4E752F054EB9001872
S214183ED035A460E87640C682347C000160A6243C8F
S214183EE0000002414A0466EC347C00026090243CD0
S214183EF00000044160EE243C0000024260E67400B4
S214183F004A0467E47600347C00016082740260F02C
S214183F10243C000004414A046600FF607640347C66
S214183F2000026000FF6074024A046600FF4E7600C6
S214183F30347C00026000FF58243C000002427640A1
S214183F40C6824A04669260D6243C0000044260EE9C
S214183F504E56000048E72030242E0008246E000C29
S214183F606706B4FC0000661C487800764879001985
S214183F70EA5348790019E85B4EB9001951844FEF97
S214183F80000C60FE2F0A4EB900195D4E588F72202D
S214183F90B28065322F0A4879001A1E6C47F9001944
S214183FA056CE4E93508F4A80676C2F0A4879001A5F
S214183FB01E924E93508F4A80675C4AB9001A1E8E1E
S214183FC0661E7000602648790019EA644EB9001912
S214183FD05276588F70164CEE0C04FFF44E5E4E75E3
S214183FE0701C4AB9001A1EB466EC70012F0A2440D9
S214183FF0D5C0D5CAD5C0D5CAD5CA95C0D5CAD5FCD8
S214184000001A1E6C2F0A4EB900195D3A2542002276
S214184010508F700060C0701160BC4E56000048E7A4
S2141840203C3C262E0008266E000C242E0010B6FCEB
S214184030000067044A83661C487801784879001996
S214184040EA5348790019E85B4EB9001951844FEFC6
S214184050000C60FE2F0B4EB900195D4E588F72205B
S214184060B280641C48790019EA6C4EB90019527669
S214184070588F761620034CEE3C3CFFE04E5E4E758D
S2141840800C33002F08FF67067679460360E64879F2
S214184090001A1E6C2F0345F9001956CE4E92508FF3
S2141840A04A80670000CA4879001A1E922F034E925B
S2141840B0508F76134A8066BC72012001D081D0805A
S2141840C0D081D080D0809081D0802040D1FC001A3A
S2141840D01E8E2850B8FC0000670001344BF9001AF1
S2141840E00C904A156700008E2F0B4879001A0C9111
S2141840F04E92508F26006700FF7C4A39001A157EAC
S214184100667672012001E788D0812800EF8C9880A7
S214184110D8842F0B20040680001A0C912F004EB955
S21418412000195D3A2A040685001A0C902F0C4EB911
S2141841300018842626004FEF000C6600FF38264429
S214184140D7FC001A0CB672004601C2822F012F0C3B
S2141841502F0B4EB90018CA5E26004FEF000C6730BA
S2141841602F0C4EB900188586588F6000FF0872000D
S2141841706000FF487200608C2F0B4879001A157F74
S2141841804E92508F26006700FEEC760C6000FEE616
S214184190243C00000400204520280044E1AA2F02F1
S2141841A02F0C4EB9001885182444D5FC001A15583B
S2141841B02F02487800082F0A4EB90018F3D62600A2
S2141841C04FEF0014669A2045B4A808CC6600FEBACD
S2141841D02F0A2F0C4EB9001884D62600508F672049
S2141841E02F0A4EB90018F8F42F0C4EB90018858609
S2141841F02F0A4EB90018F43C4FEF000C6000FE76FC
S214184200294B00281BBC000148006000FE68761386
S2141842106000FE624E56000048E72030242E000C40
S2141842202F024EB9001834E2588F24404A8067622D
S214184230206A0022B0FC0000670420504E90487890
S21418424000012F2A002847F900188E4C4E9342A7D3
S21418425042A7487800012F2E00102F022F2E000894
S2141842604EB900183D2A24004FEF001C42972F2AFB
S21418427000284E93206A0022508FB0FC0000670674
S214184280206800044E9020024CEE0C04FFF44E5E9C
S2141842904E75740260F04E560000206E0008B0FC92
S2141842A0000067044A90661C487806484879001942
S2141842B0EA5348790019E85B4EB9001951844FEF54
S2141842C0000C60FE429042A8000842A8000442A8CB
S2141842D0000C42A8001042A8001442A8001870004B
S2141842E04E5E4E754E56FF8848E73F3C246E0008D3
S2141842F0242E0010266E0014B4FC00006708205206
S214184300B0FC0000661C487806A548790019EA53E0
S21418431048790019E85B4EB9001951844FEF000C24
S21418432060FE082A0000000B6600045A4A826700DE
S214184330045A20680022B0FC0000670420504E90F3
S2141843402A5241ED0026B6FC000067024293486EDA
S214184350FFE22F2A00042F084EB90018D7C82C00E1
S2141843604FEF000C671E205220680022B0FC000099
S2141843706706206800044E9020064CEE3CFCFF6052
S2141843804E5E4E7549ED002C2F2EFFF22F0C4EB9AF
S214184390001859CC2540000C254100107C001C2D17
S2141843A00044E14E484642467A001A2D00454845D4
S2141843B042458A867800182D0046E18C8885882D17
S2141843C00047263C00000400E9AB2D43FFCA2D6ABF
S2141843D00014FF8A2D6A0018FF8E2D42FFC642AEC3
S2141843E0FFC2260028012A2EFF8A98AEFF8E9785D0
S2141843F0508F2C2EFFC22E2EFFC69E849D836306DA
S214184400240194AEFF8E2D6EFFCAFFD242AEFFCEA9
S214184410263C0019CE4C2F2EFFD22F2EFFCE2F2E35
S214184420FF8E2F2EFF8A20434E904FEF00102E013E
S2141844302C012D42FFBE42AEFFBA2F2EFFD22F2ED2
S214184440FFCE282EFFBA2A2EFFBE202EFF8ADAAEFF
S214184450FF8ED9802F052F0420434E904FEF001063
S2141844602D41FFC22F2EFFD22F2EFFCE2F2EFF8EBE
S2141844702F2EFF8A4EB90019D3AC4FEF00102D40DF
S214184480FFBA2D41FFBE26012F3C0000A0002F2E9C
S214184490FFF22F0C4EB900185A764FEF000C4A0050
S2141844A067000096202A000C222A001042847A3BC5
S2141844B092859184620000822F2EFFF22F0C4EB93F
S2141844C000185400508F2A008A81666C307C0028A9
S2141844D0D1EEFFF2202A000C222A00102C2A0014F3
S2141844E02E2A00189E819D8065187C00486EFFE273
S2141844F04EB90018D7E6205220680022588F600060
S214184500FE6C2242D3EEFFBEB2896406240194AE36
S214184510FFBE2F02262EFFBA282EFFBE4870480070
S2141845202F2E000C4EB900195D644FEF000CB6FC28
S214184530000067B6268260B24A8367000160262E9E
S214184540FFCA96AEFFBEB4836402260248780001FE
S214184550486EFFDA2F07486EFFE24EB90018E1DA08
S2141845602C004FEF00106684202EFFDA222EFFDE76
S21418457028008881670001102F032F2E000C2F01AA
S2141845802F002F2EFFD22F2EFFCE4EB90019CD5842
S2141845904FEF00102A2EFFBA2C2EFFBEDC81DB80D0
S2141845A02F062F0520522F2800284EB900188C8267
S2141845B02C004FEF00146600FF342A2E000CDA8306
S2141845C094832D43FFB642AEFFB2202EFFB2222EA2
S2141845D0FFB6D3AA0018282A0014D9802544001438
S2141845E0B6FC00006702D7932C075286700091C855
S2141845F093C94BEEFFE2B4AEFFCA640000A84A8225
S2141846006700FEE848780001486EFFDA2F06486E05
S214184610FFE24EB90018E1DA2C004FEF00106600E2
S214184620FECC2F022F052F2EFFDE2F2EFFDA2F2E71
S214184630FFD22F2EFFCE4EB90019CD584FEF000CD3
S2141846402E812F0020522F2800284EB900188C8251
S2141846502C004FEF00146600FE942D42FF9E42AECB
S214184660FF9A262EFF9A282EFF9ED9AA00182A2AC5
S2141846700014DB8325450014B6FC00006700FE6CAA
S214184680D5936000FE682F0342A72F2E000C4EB954
S21418469000195DD44FEF000C6000FF202A2E000C86
S2141846A06000FF4A280690862D40FFD6262EFFD695
S2141846B0D684B8AEFFC2646648780001486EFFDA42
S2141846C02F042F0D2D48FF962D49FF924EB900182E
S2141846D0E1DA2C004FEF0010206EFF96226EFF9244
S2141846E06600FE0A5284B0FC0000660EB2FC00009B
S2141846F06608206EFFDA226EFFDE2D43FFAE42AE4E
S214184700FFAA202EFFAA222EFFAE2C08D289D18609
S2141847102C2EFFDA2E2EFFDE9E819D80678E2F03AD
S2141847202F092F082F0520522F2800284EB90018B9
S21418473086522C004FEF00146600FDB22F032F2E62
S214184740FFCA4EB90019C15C508F9480DA802D408C
S214184750FFA642AEFFA22C2EFFA22E2EFFA6DFAA81
S2141847600018222A0014D38625410014B6FC00002F
S2141847706702D193206EFFDA226EFFDE70012C04DA
S2141847806000FE747C016000FBF07C006000FBEAB1
S2141847904E56FF9048E73F3C246E00082A6E000CE1
S2141847A0242E0010266E0014B4FC00006708205251
S2141847B0B0FC0000661C4878074548790019EA538B
S2141847C048790019E85B4EB9001951844FEF000C70
S2141847D060FE4A280026660004544A82670004547D
S2141847E020680022B0FC0000670420504E902F125C
S2141847F04EB900183564285241EC0026588FB6FC7E
S214184800000067024293486EFFE22F2A00042F0822
S2141848104EB90018D7C826004FEF000C67282F127D
S2141848204EB9001835A4205220680022588FB0FCC4
S21418483000006706206800044E9020034CEE3CFCEF
S214184840FF684E5E4E752F2EFFF2486C002C4EB940
S214184850001859CC2C002E012540000C25410010BC
S2141848607600162C0044E14B484342437000102C47
S21418487000454840424086807000102C0046E1886B
S2141848808083802C0047223C00000400E1A92D41BB
S214184890FFC22D6A0014FF962D6A0018FF9A2D4144
S2141848A0FFD242AEFFCE2A02780049F90019CE4C44
S2141848B02F2EFFD22F2EFFCE202EFF96222EFF9AB7
S2141848C0D285D1842F012F004E944FEF00102D4122
S2141848D0FF9E2F2EFFD22F2EFFCE2F2EFF9A2F2E73
S2141848E0FF964E944FEF001026012D41FFD6202E2E
S2141848F0FFCE222EFFD24284538191842F2EFFD2D0
S2141849002F2EFFCE28002A01DA87D9862F052F04E6
S2141849104E944FEF00102D41FF922F2EFFD22F2EC0
S214184920FFCE2F2EFF9A2F2EFF964EB90019D3AC16
S21418493028002A014FEF00184A85670000CE2C2E53
S214184940FFC29C85B48664022C02486EFFDA2F03D9
S214184950486EFFE24EB90018E4264FEF000C4A8066
S214184960660001C82F062F0D2F2EFFDE2F2EFFDA1A
S2141849702F2EFFD22F2EFFCE4EB90019CD584FEF3F
S2141849800010D285D1842F012F0020522F280028FE
S2141849904EB900188AB44FEF00144A806600018C8E
S2141849A0260DD68694862D46FFBE42AEFFBA282E12
S2141849B0FFBA2A2EFFBEDBAA00182E2A0014DF84A0
S2141849C025470014B6FC00006702DD9352AEFFD6EA
S2141849D04878000120522F2800284EB900188E4C0F
S2141849E0508F4A806600014442AEFFC642AEFFCAE8
S2141849F0780049EEFFE24BEEFFDAB4AEFFC2650070
S214184A0001602E3C0018E448605A260D60C2B0AE0D
S214184A10FF92645E2F0D2F002F0C4EB90018E42657
S214184A204FEF000C4A806600010252AEFFD6202EC9
S214184A30FFC680AEFFCA670001182D44FFB642AE07
S214184A40FFB2202EFFB2222EFFB62A2EFFC6D2AEF7
S214184A50FFCAD1852A2EFFDA2C2EFFDE9C819B807A
S214184A60660C5284202EFFD6B0AEFF9E65A07A0044
S214184A706014486EFFD62F0D2F0C20474E902A0034
S214184A804FEF000C67A42F042F2EFFCA2F2EFFC639
S214184A902F0320522F2800284EB9001887062C00FE
S214184AA04FEF0014660000BC2F2EFFC22F044EB91D
S214184AB00019C15C508F9480D6802D40FFAE42AE50
S214184AC0FFAA2C2EFFAA2E2EFFAEDFAA0018222A27
S214184AD00014D38625410014B6FC00006702D19353
S214184AE02D6EFFDAFFC62D6EFFDEFFCA78014A85E7
S214184AF06700FF08202A0014222A00182C2A000C07
S214184B002E2A00109E819D8064202540000C254189
S214184B1000102F012F002F2EFFF24EB90018521436
S214184B201D7C0001FFFE4FEF000C486EFFE24EB9E9
S214184B300018D7E62600588F670000E62F124EB9E1
S214184B40001835A4588F2052206800226000FCE018
S214184B502D6EFFDAFFC62D6EFFDEFFCA6000FEDC84
S214184B607C0042A720522F2800284EB900188E4CD9
S214184B70508F4A8666B44A826700FF7A202EFFD680
S214184B8041EEFFE243EEFFDAB0AEFF9264782F09EB
S214184B902F002F084EB90018E4264FEF000C4A8055
S214184BA066882F022F032F2EFFDE2F2EFFDA2F2ECA
S214184BB0FFD22F2EFFCE4EB90019CD584FEF000C4E
S214184BC02E812F0020522F2800284EB900188AB49C
S214184BD04FEF00144A806600FF522D42FFA642AEE1
S214184BE0FFA2262EFFA2282EFFA6D9AA00182A2A28
S214184BF00014DB8325450014B6FC00006700FEF69B
S214184C00D5936000FEF0486EFFD62F092F084EB9D0
S214184C100018E4484FEF000C4A806600FED8608201
S214184C202F124EB9001835D86000FF1A761E60008D
S214184C30FC0A76006000FC044E56000048E73C006C
S214184C40206E0008202E000C222E0010226E001453
S214184C507401B489674A62107602B68967000096AE
S214184C6048790019EA9060184A806B0E2828000CBC
S214184C702A2800109A819980641248790019EA75D2
S214184C804EB900195276588F7016600A21400014D3
S214184C902141001870004CEE003CFFF04E5E4E7539
S214184CA04A806A2624002601448340822828001455
S214184CB02A2800189A8399826532D3A800182A28B9
S214184CC00014DB802145001460CA2A008A8167EA2E
S214184CD02428000C262800102828001496A8001847
S214184CE0958428022A039A81998064CE48790019F7
S214184CF0EA7E608C4A806B122428000C2628001046
S214184D0028022A039A819980640A48790019EA8742
S214184D106000FF6E28022A039A81998021440014A5
S214184D20214500186000FF6E4E560000206E0008E1
S214184D302028000C222800104E5E4E754E56FFC4D2
S214184D4048E72038242E0008286E000C2F024EB98B
S214184D50001834E2588F24404A8067000092206A70
S214184D600022B0FC0000670420504E9042A742A7CD
S214184D7042A742A72F02486EFFC64EB90018397EC2
S214184D8024004FEF0018671C206A0022B0FC0000B1
S214184D906706206800044E9020024CEE1C04FFB4F0
S214184DA04E5E4E7547EEFFE22F0B2F2EFFCA486A4F
S214184DB000264EB90018D7C824004FEF000C66C856
S214184DC0B8FC0000670428AEFFCA4878009C2F2E4F
S214184DD0FFF22F2E00104EB900195D642F0B4EB936
S214184DE00018D7E6206A00224FEF0010609E740263
S214184DF060A64E56FFFC48E72030266E0008242E84
S214184E00000C2F024EB9001834E2588F24404A80FE
S214184E106752206A0022B0FC0000670420504E90AB
S214184E2042A742A742A748790019FCCA2F022F0B9F
S214184E304EB900183D2A42AB012442AB0128206A1D
S214184E4000224FEF0018B0FC0000670E2068000420
S214184E502D40FFFC4E90202EFFFC4CEE0C04FFF06D
S214184E604E5E4E75700260F24E5600004E5E4EF95B
S214184E70001842964E56FFC048E73C3C246E000881
S214184E80205220680022B0FC0000670420504E9084
S214184E90202A0124222A012874FF76FF9283918201
S214184EA0661E205220680022B0FC000067062068A4
S214184EB000044E9070004CEE3C3CFFA04E5E4E75C3
S214184EC04BEEFFC22F0D2F2A00047626D6922F03FC
S214184ED04EB90018D7C84FEF000C4A80662C2F2AF8
S214184EE001282F2A01242F0D74E0D48E2F024EB9D4
S214184EF000180A944FEF0010263C0018D7E64A8090
S214184F00670E2F0D20434E90588F97CB60000132B6
S214184F107A24DA8A487800FF42A72F054EB9001976
S214184F205DD4286EFFFC26524244182C00067200E8
S214184F30122B0078E149484142417000102B007945
S214184F404840424082807000102B007AE1888081A9
S214184F50802B007B4FEF000C4A80661C7000102BCD
S214184F60006AE188802B006B0C400004620A70000F
S214184F70102C0007E18888403F044267486C0008F8
S214184F802F054EB900195D6472001214E1494841A4
S214184F9042417000102C0001484042408280700048
S214184FA0102C0002E1888081802C00032540001C0C
S214184FB07000102C0004E188802C00053540002075
S214184FC0154400227200122B0078E14948414241EC
S214184FD07000102B00794840424082807000102BD9
S214184FE0007AE1888081802B007B4FEF000C4A8086
S214184FF066127000102B006AE188802B006B0C403C
S21418500000046354102C00071540002347EA001CC0
S2141850102F024EB900180ACC588F4AAEFFFC673CD0
S214185020202EFFF4222EFFF82540012425410128C2
S2141850302F024EB900180B4C2F0D20434E90508F50
S214185040205220680022B0FC000067062068000482
S2141850504E90200B6000FE60420060AC70FF72FF3E
S21418506060C64E5600004EB9001869BC2F39001A93
S2141850701EB848790019EA994EB9001951842F3983
S214185080001A1EB842A74EB9001869DA4FEF00107A
S2141850904A80670E48790019EAB14EB90019527657
S2141850A0588F4EB9001869CC60FE4E5600004E7ADE
S2141850B08801217C00185062008C4E5E4E754E5644
S2141850C000002F0A2F02206E000C2248D3EE001084
S2141850D0202E000845F90019EEC2B1C96608241F2B
S2141850E0245F4E5E4E7572001218B1817400460227
S2141850F0C282D281D281E08822321800B38060DA68
S2141851004E5600002F0A2F02206E000C2248D3EEAF
S2141851100010202E000845F90019EAC2B1C9660821
S214185120241F245F4E5E4E7572001218B1817400EB
S2141851304602C282D281D281E08822321800B38019
S21418514060DA4E5600002F02226E0008206E000C01
S21418515070001010E1888028000174001429004897
S214185160E14A4842424272001229004948414241E7
S214185170848172001229004AE18982828229004BB2
S2141851807401B4816612720012280076E1898228AA
S2141851900077484142418081241F4E5E4E754E5618
S2141851A000002F02226E0008206E000C222E00101F
S2141851B010AE001211410001740014290048E14A8B
S2141851C048424242700010290049484042408480B4
S2141851D070001029004AE18880828029004B7401EB
S2141851E0B48066122001424048402200E0891141EE
S2141851F0007611400077241F4E5E4E754E560000FE
S214185200206E0008116E000E0002116E000F0003CB
S2141852104E5E4E754E5600002F02206E0008202E49
S214185220000C222E0010240142424842E04A114245
S2141852300004240142424842114200052401E08A33
S2141852401142000611410007220042414841E04938
S2141852501141006C2200424148411141006D220064
S214185260E0891141006E1140006F241F4E5E4E7586
S2141852704E560000226E0008206E000C7000102893
S214185280007CE1888028007D720012290058E18988
S214185290822900590C41008063127200122800827D
S2141852A0E189822800834841424180814E5E4E75CE
S2141852B04E560000226E0008206E000C720012294E
S2141852C00058E18982290059202E0010116E00120C
S2141852D0007C1140007D0C4100806310424048401D
S2141852E02200E08911410082114000834E5E4E75FF
S2141852F04E560000206E0008202E000C2200424158
S2141853004841E049114100082200424148411141F4
S21418531000092200E0891141000A1140000B4E5E78
S2141853204E754E560000206E0008202E000C2200E7
S21418533042414841E0491141000C2200424148418F
S2141853401141000D2200E0891141000E1140000F96
S2141853504E5E4E754E560000206E0008202E000C2D
S214185360220042414841E0491141001022004241C2
S2141853704841114100112200E089114100121140E4
S21418538000134E5E4E754E560000206E0008202EF6
S214185390000C220042414841E04911410014220005
S2141853A042414841114100152200E089114100167A
S2141853B0114000174E5E4E754E560000206E0008BF
S2141853C0116E000E0018116E000F00194E5E4E7505
S2141853D04E560000206E000870001028001AE1884B
S2141853E08028001B4E5E4E754E560000206E000834
S2141853F0116E000E001A116E000F001B4E5E4E75D1
S2141854004E5600002F032F02226E0008206E000C46
S21418541070001028001CE1484840424072001228CC
S214185420001D48414241808172001228001EE18901
S21418543082808228001F260174000829000300674E
S214185440676E700010280074E188240084280075A0
S2141854500828000200216758720012290018E1492E
S2141854604841424170001029001948404240828045
S21418547070001029001AE18880818029001B223CC0
S21418548000000400E1A92001307C0008220852819F
S214185490E2880C800000010062264868FFF82F0397
S2141854A02F024EB90019CE0C4FEF000C240026011F
S2141854B020022203242EFFF8262EFFFC4E5E4E7581
S2141854C0204160C84E56000048E73020206E00087D
S2141854D0246E000C202E0010222E0014428276FF16
S2141854E096819580657A200142404840E0481540EC
S2141854F0001C2001424048401540001D2001E0884D
S2141855001540001E1541001F422A0074422A0075D5
S2141855107200122A0020E149484142417000102AC0
S21418552000214840424082807000102A0022E188FC
S2141855308081802A0023220008810012240142421A
S2141855404842E04A15420020240142424842154289
S2141855500021E089154100221540002370006018CC
S214185560082800030067661A48790019F2C24EB96F
S21418557000195276588F70164CEE040CFFF44E5ED7
S2141855804E757400464276FF9681958065322401E2
S21418559042424842E04A1542001C24014242484210
S2141855A01542001D2401E08A1542001E1541001FF1
S2141855B03200E04915410074154000756000FF522E
S2141855C0760016280018E14B484342437400142806
S2141855D0001948424242868274001428001AE18A4A
S2141855E084838428001B263C00000400E5AB307C2E
S2141855F0000843E80001E28B0C83000001006200FB
S21418560000927600162A0020E14B48434243740065
S214185610142A00214842424286827400142A002224
S214185620E18A8483842A002308C200122602424391
S2141856304843E04B1543002026024243484315438F
S21418564000212602E08B15430022154200234868E5
S214185650FFF82F012F004EB90019CDCC4FEF000CD4
S214185660240142424842E04A1542001C24014242A4
S21418567048421542001D2401E08A1542001E1541B5
S214185680001F3200E049154100741540007560008F
S214185690FECC20496000FF5C4E560000206E0008C5
S2141856A0202E000C220042414841E04911410020BA
S2141856B0220042414841114100212200E08911414F
S2141856C00022114000234E5E4E754E560000206E86
S2141856D00008720012280064E149484142417000EF
S2141856E010280065484042408280700010280066E6
S2141856F0E1888081802800674E5E4E754E56000001
S214185700206E0008202E000C220042414841E04935
S21418571011410064220042414841114100652200AF
S214185720E08911410066114000674E5E4E754E5670
S2141857300000226E0008206E000C222E001070004A
S21418574010290058E188802900590C400080630C05
S2141857503001E04811400080114100814E5E4E75C0
S2141857604E5600002F02206E0008226E000C7000A5
S21418577010280068E1484840424072001228006924
S21418578048414241808172001228006AE18982806D
S2141857908228006B740014290048E14A48424242A5
S2141857A07000102900494840424084807000102933
S2141857B0004AE18880828029004B4A806612700071
S2141857C010280076E188802800774840424082807A
S2141857D07000241F4E5E4E754E5600002F02206E27
S2141857E00008226E000C242E0010202E0014220012
S2141857F042414841E049114100682200424148416F
S214185800114100692200E0891141006A1140006BBD
S214185810720012290048E149484142417000102997
S214185820004948404240828070001029004AE188AA
S21418583080818029004B4A80660C3002E04811406F
S214185840007611420077241F4E5E4E754E560000A5
S2141858502F02206E0008720AD2AE000CD281D281B6
S214185860740014301800E14A484242427000103062
S2141858701801484042408480700010301802E188B1
S214185880808280301803241F4E5E4E754E560000D8
S2141858902F02206E0008222E0010700AD0AE000CC0
S2141858A0D080D080240142424842E04A1182080043
S2141858B0240142424842118208012401E08A1182DA
S2141858C0080211810803241F4E5E4E754E560000BE
S2141858D02F02206E00087216D2AE000CD281D2812A
S2141858E0740014301800E14A4842424270001030E2
S2141858F01801484042408480700010301802E18831
S214185900808280301803241F4E5E4E754E56000057
S2141859102F02206E0008222E00107016D0AE000C33
S214185920D080D080240142424842E04A11820800C2
S214185930240142424842118208012401E08A118259
S214185940080211810803241F4E5E4E754E5600003D
S2141859502F02206E0008720012280028E1494841DC
S214185960424170001028002948404240828070004A
S2141859701028002AE18880818028002B74001428BB
S214185980002CE14A4842424272001228002D484133
S2141859904241848172001228002EE1898282822870
S2141859A0002F4A8066022001241F4E5E4E754E5602
S2141859B000002F2E000C2F2E00084EB9001851424A
S2141859C0508F02800000F0004E5E4E754E56000056
S2141859D048E73020206E0008246E000C7200122A49
S2141859E00004E149484142417600162A000548431A
S2141859F0424382837600162A0006E18B8681862A21
S214185A000007740072001228004CE14948414241D0
S214185A1070001028004D48404240828070001028C0
S214185A20004EE18880818028004F4A80673A2F0A06
S214185A302F084EB9001859AE508F0C800000800001
S214185A4066267000102A006CE148484042407400F0
S214185A50142A006D4842424280827400142A006E4E
S214185A60E18A8480842A006F200222034CEE040CFC
S214185A70FFF44E5E4E754E5600002F2E000C2F2E3D
S214185A8000084EB9001859AE508FB0AE001057C067
S214185A9044004E5E4E754E560000206E000872008A
S214185AA012280020E1494841424170001028002180
S214185AB0484042408280700010280022E188808189
S214185AC080280023C0AE000C56C044004E5E4E75AB
S214185AD04E560000206E0008720012280020E14979
S214185AE048414241700010280021484042408280B8
S214185AF0700010280022E188808180280023222E3A
S214185B00000C4681C081220042414841E0491141BB
S214185B100020220042414841114100212200E0891C
S214185B2011410022114000234E5E4E754E5600005D
S214185B30206E0008720012280020E14948414241B0
S214185B4070001028002148404240828070001028BB
S214185B500022E18880818028002380AE000C220075
S214185B6042414841E0491141002022004241484143
S214185B70114100212200E089114100221140002322
S214185B804E5E4E754E560000206E000C70001028A3
S214185B9000237230C081662C2F082F2E00084EB9AD
S214185BA0001859AE508F0C8000008000671A0C80C1
S214185BB00000400067120C800000A00057C0440088
S214185BC04E5E4E75420060F8700160F44E56000046
S214185BD07028D0AE00084E5E4E754E56000048E748
S214185BE03E20246E0008242E000C206E0010202E56
S214185BF000142202E18926024843424382838282A5
S214185C002602E14B484342438283B0826402240052
S214185C1026017A00BA826D1C22405989B2FC00000F
S214185C206D042083588851804A806C504CDF047C61
S214185C304E5E4E754AAE001867387800183258000F
S214185C4022447803C88566022601E18BD689280582
S214185C500284800000036C0853847CFC8886528477
S214185C607C03BC8466082083598026015888528590
S214185C7060A2183258004884324460C620C1598041
S214185C8060A64E56FFC448E73F3C266E000C202EF2
S214185C900010242E00144AAE0008670004A64AAE68
S214185CA000186700049E2D4BFFC8220B53810C81E9
S214185CB0000000FE6200046C2D7C67452301FFD0AF
S214185CC02D7CEFCDAB89FFD42D7C98BADCFEFFD89F
S214185CD04A8066282D7C10325476FFDC7005B08218
S214185CE0650004402002D080303B08064EFB0002B8
S214185CF000FE042C00F600FC01560022487800101E
S214185D002F00486EFFD04EB900195D644FEF000C97
S214185D1060CA780145EEFFE049F900185BDA2F04EF
S214185D20487800102F0A2F0B202EFFC8908B206E55
S214185D300008487008004E94226EFFD0222EFFD41A
S214185D402D6EFFE0FFCC2E2EFFE42C2EFFE82D6ED6
S214185D50FFECFFC44FEF001420092601207C9E3765
S214185D6079B92403E98AD4AEFFCC4BF038002A0D53
S214185D70BB822A03EA8D2A45DBC72A0DBB82D0824E
S214185D802400E98A2A42DBC62400EA8AD4AEFFC475
S214185D902A0DBB824BF008002A0DBB82D682D1FC96
S214185DA09E3779B9B1FC81AF154966B6D0892D40B2
S214185DB0FFD0D2832D41FFD447EBFFF0B6FC00008E
S214185DC06E00FF5C78FEC084B880660270FC206E99
S214185DD0001820804AAE001C6706206E001C208122
S214185DE070006000035478006000FF2A7401246E67
S214185DF00008284A76002A3C37ABE8F9283C12A354
S214185E00FE2D4BF90019C15C4A82673070001014D9
S214185E10528C2F3C006D22F52F004E95508FB9806E
S214185E20D0856A0606808000000152832A04B68B45
S214185E306606D0807200608C280060CC10124880ED
S214185E4048C0528A60CC347C00014BEEFFE049F91A
S214185E5000185BDA2F0A487800202F0D2F0B202EFB
S214185E60FFC8908B206E0008487008004E942C2EA1
S214185E70FFD4242EFFD82E2EFFDC222EFFD0D2AE33
S214185E80FFE02002BF80C086BF80D081E798222E10
S214185E90FFE4D2872A06B585CA80B585DA81EF9DD4
S214185EA0222EFFE8D2822806B184C885BD84D88100
S214185EB0720BE3BC222EFFECD2862600BB83C68468
S214185EC0B183D681720DE2BB222EFFF0D280200558
S214185ED0B980C083BB80D081E798206EFFF4D1C507
S214185EE02204B781C280B9812A01DA88EF9D206E14
S214185EF0FFF8D1C42203B181C285B7812801D8889A
S214185F00720BE3BC226EFFFC41F138002200BB8105
S214185F10C284B1812601D688720DE2BB222EFFE418
S214185F2006815A827999D0812D40FFCC2205828429
S214185F30C2832005C0848280D2AEFFCCE799202E7B
S214185F40FFEC06805A827999D0852D40FFCC2A041A
S214185F508A83CA812004C0838A80DAAEFFCCEB9D80
S214185F60202EFFF406805A827999D0842D40FFCCD3
S214185F7028038881C8852003C0818880D8AEFFCCC6
S214185F807009E1BC200906805A827999D0832D4081
S214185F90FFCC26018685C6842001C0858680D6AEAD
S214185FA0FFCC700DE1BB202EFFE006805A8279994F
S214185FB0D0812D40FFCC22058284C2832005C08460
S214185FC08280D2AEFFCCE799202EFFE806805A8250
S214185FD07999D0852D40FFCC2A048A83CA8120045B
S214185FE0C0838A80DAAEFFCCEB9D202EFFF00680A9
S214185FF05A827999D0842D40FFCC28038881C88589
S2141860002003C0818880D8AEFFCC7009E1BC202E52
S214186010FFF806805A827999D6802D43FFCC200146
S2141860208085C0842601C6858083262EFFCCD68020
S214186030700DE1BB202EFFEC06806ED9EBA1D28046
S2141860402005B980B780D280E799200906806ED9D6
S214186050EBA1DA802004B780B380DA807009E1BD3E
S214186060202EFFE806806ED9EBA1D8802003B380D7
S214186070BB80D084780BE9B8206EFFF8D1FC6ED9B7
S214186080EBA1D6882801BB84B184D684780FE9BBE7
S214186090282EFFE406846ED9EBA1D2842805B18495
S2141860A0B784D881E79C222EFFF406816ED9EBA11F
S2141860B0DA812200B781B981DA817209E3BD222E0E
S2141860C0FFE006816ED9EBA1D0812203B981BB818E
S2141860D0D280700BE1B9202EFFF006806ED9EBA1A6
S2141860E0D6802004BB80B380D083D8AEFFD02D4492
S2141860F0FFD0760FE7B8D0862D40FFD4D2822D4138
S214186100FFD8DE852D47FFDC47EBFFE04FEF001486
S214186110B6FC00006E00FD3E6000FCAA95CA600042
S214186120FD2A206E00184290707946004AAE001C70
S2141861306706206E001C42904CEE3CFCFF9C4E5EA0
S2141861404E7570FF60F24E5600002F0A2F02206E12
S2141861500008700010280028E148484042407400A3
S2141861601428002948424242808274001428002AC3
S214186170E18A84808428002B4878001048680068D4
S2141861804878FFFF45F9001851004E925E82E68A5D
S2141861902F022F2E000C2F004E92242EFFF8246E5E
S2141861A0FFFC4E5E4E754E56000048E72030246EB3
S2141861B00008266E000C7400142A00FEE18A842A51
S2141861C000FF082A0002006667382F2E00102F0AD4
S2141861D04EB900186146508F082A00020066672AD2
S2141861E0B06B001A66200C420040661E42404840BB
S2141861F0B06B003A57C044004CEE0C04FFF44E5EE9
S2141862004E75700060D2420060EE700160EA4E561D
S214186210000048E72030246E0008266E000C740034
S214186220142A00FEE18A842A00FF082A0002006663
S21418623067322F2E00102F0A4EB900186146508F5D
S214186240082A0002006667123740001A0C420040FF
S2141862506608424048403740003A4CEE0C04FFF4BB
S2141862604E5E4E75700060D84E56FFD048E73E3CDE
S214186270246E0008162E00132C2E000C538649EE9A
S214186280FFE22F0C7200122A002EE14948414241C3
S2141862907000102A002F4840424082807000102A52
S2141862A00030E1888081802A00312F002F064EB9F1
S2141862B00019C180588F2E802F0A4EB90018CC0AA4
S2141862C024004FEF000C66000126266EFFF22A2BDC
S2141862D0000478007000102A0104E188802A01055D
S2141862E00C4000206304282B00242F052F044BEEA7
S2141862F0FFD22F0D2F2A00024EB900186964240009
S2141863004FEF0010660000E8240A5C822F2EFFDE8E
S2141863102F0B2F024EB9001861A64FEF000C4A003B
S21418632066524EB9001804080800000A67464879ED
S2141863300019F2CA48790019E88B283C00195184CC
S21418634020444E90487800B948790019E88E2044C1
S2141863504E902F2EFFFA48790019F2D820444E9006
S2141863602079001A09EA2F2800084EB90019497032
S2141863704FEF001C7200122A002EE1494841424194
S2141863807000102A002F4840424082807000102A61
S2141863900030E1888081802A00312F002F064EB900
S2141863A00019C20C508F2200E689D2AEFFDE78079D
S2141863B0C084204101902F2EFFDE2F0B2F024EB9DE
S2141863C00018620E2F2EFFDA4EB9001869042F0D2A
S2141863D02F2A00024EB9001885D224004FEF001855
S2141863E041F90018D5D667122F0C4E90588F2002F8
S2141863F04CEE3C7CFFAC4E5E4E754A036738720016
S214186400322B00107000102A0104E188802A01053A
S2141864100C400020630C7400342B00304842424273
S21418642082825381374100100C4000206308424195
S2141864304841374100307200322B000E7400142A7F
S2141864400104E18A842A01050C420020630C7000BE
S214186450302B002E48404240828052813741000E31
S2141864600C4200206308424148413741002E1D7CEB
S2141864700001FFFE2F0C4E902400588F6600FF7008
S2141864807200122A0016E149484142417000102A4B
S21418649000174840424082807000102A0018E18891
S2141864A08081802A00195280220042414841E049E2
S2141864B01541001622004241484115410017220096
S2141864C0E08915410018154000196000FF224E5645
S2141864D0FFC048E73F3C246E00081D6E0013FFC43B
S2141864E02A0A5C85282A04462F054EB900187D7C92
S2141864F02E007200122A0016E149484142417000E7
S214186500102A00174840424082807000102A00184F
S214186510E1888081802A00192D40FFC0588F422EAE
S214186520FFC547EEFFE2BE8464083A7C001C600094
S21418653002D4BE8466144A2EFFC566EE2E2A04467A
S2141865401D7C0001FFC5780060E82F0B2F042F0A6A
S2141865504EB90018CC0A2A404FEF000C4A80660045
S21418656002A4286EFFF27400342C000E7000102A55
S2141865700104E188802A01050C400020630C720093
S214186580322C002E4841424184817600362C001069
S2141865900C400020630002304A82660002742F0BFB
S2141865A04EB90018D5D65284588F6000FF7A2F2E11
S2141865B0FFDE2F0C2F054EB9001861A64FEF000C02
S2141865C04A00664C4EB9001804080800000A6740CE
S2141865D048790019F2CA48790019E88B4BF900195E
S2141865E051844E954878011648790019E88E4E95CC
S2141865F02F2EFFFA48790019F2D84E952279001AEC
S21418660009EA2F2900084EB9001949704FEF001CE7
S2141866102F042F054EB900187EC22C00486EFFCEE8
S2141866202F0042A72F2EFFDE4EB9001834002A403E
S2141866304FEF0018701CB08D6632486EFFD22F2AA6
S21418664000024EB9001885D22A40508F4A80670635
S2141866502F0B600001A82F0B4EB90018D5D62A406C
S214186660588F4A806600019E6000FEBC202EFFCE22
S2141866702E00E68F226EFFDED3C77207C0817E011A
S214186680E1AF8F112F2EFFDE2F0C2F054EB90018F5
S214186690620E2F2EFFDA4EB900186904486EFFD224
S2141866A02F2A00024EB9001885D24FEF001843EE75
S2141866B0FFE247F90018D5D6BAFC000067082F097C
S2141866C04E936000013E53823942000E7200122A21
S2141866D00104E189822A01057000302C001C0C4147
S2141866E00020631E424248423942002E4A2EFFC4FA
S2141866F067245283394300104243484339430030D5
S214186700600C4A2EFFC46706524339430010240013
S2141867100C410020630C7400342C0032484242426C
S2141867208480202EFFCE26069682B0836516468075
S214186730DC803946001C0C41002063084246484657
S214186740394600321D7C0001FFFE2F094E932A4061
S214186750588F4A80660000AE202EFFC05380240053
S21418676042424842E04A1542001624004242484235
S214186770154200172400E08A154200181540001923
S2141867807400142A002EE14A484242427000102A29
S214186790002F4840424084807000102A0030E1885C
S2141867A080822F04802A00312F004EB90019C15C50
S2141867B0508F226EFFCE5289206E000CD089208012
S2141867C025440446603E4A826700FDD42D6C0004BA
S2141867D0FFCA42AEFFC62F2EFFCA2F2EFFC6486E20
S2141867E0FFD22F2A00024EB9001869642A404FEFCC
S2141867F000104A806700FDB8486EFFE24EB90018D0
S214186800D5D6588F200D4CEE3CFCFF984E5E4E7534
S2141868107000302C00304840424086802D6C002492
S214186820FFC62D6C0004FFCA60AC4E5600002F0A37
S2141868302F02740045F90018EAA8B4AE000C6D0EC5
S2141868407000242EFFF8246EFFFC4E5E4E75206EE8
S21418685000081030280067E8488030402F084E920D
S2141868605282588F60D44E560000207C00FF000AD3
S214186870101010000280000000FF7201C0814A80CC
S2141868806712207C00FF0000101010000280000025
S21418689000FF600270FF4E5E4E754E56FFFC202EAF
S2141868A000081D40FFFE4E71207C00FF000A1010E5
S2141868B010000280000000FF7220C0814A8067E83E
S2141868C0207C00FF000010AEFFFE70004E5E4E7576
S2141868D04E56FFFC6010207C00FF000010101D4074
S2141868E0FFFF102EFFFF207C00FF000A101010007C
S2141868F00280000000FF7201C0814A8066D84E717F
S2141869004E5E4E754E56FFF0206E00082268001C2C
S214186910226900142269002820280004222800086A
S2141869202D40FFF02D41FFF42D48FFF82D68000C80
S214186930FFFC4AA9044E6718202904526712486EAD
S214186940FFF02F004EB900189D32508F4E5E4E75D0
S21418695072038390700060F44E5600004E5E4EF937
S2141869600018897C4E5600004E5E4EF900188A3480
S2141869704E560000202E000C222E0010206E000806
S214186980206800284AA8044E672C22680452B2FCD5
S2141869900000670C2D4900084E5E4EF90018A36CCF
S2141869A02D40000C2D4100102D68000200084E5E88
S2141869B04EF90018887270004E5E4E754E560000DE
S2141869C013FC0001001A05C04E5E4E754E560000A8
S2141869D04239001A05C04E5E4E754E56000048E7FE
S2141869E03020202E000C41F9001A3E3E7400244830
S2141869F0223C000080142258B2FC00006724B0B174
S214186A001800661E2F094EB900193518D482D4827C
S214186A1042B22800588F70004CEE040CFFF44E5EFD
S214186A204E7552827608B68266CC70FF60EA4E566D
S214186A3000002F032F02206E0008242E000C262E8E
S214186A400010720012280014E149484142417000B3
S214186A501028001548404240828070001028001602
S214186A60E1888081802800174A80670C200280837E
S214186A706706428053839580720012280020E149E9
S214186A804841424170001028002148404240828008
S214186A90700010280022E1888081802800232F00AB
S214186AA042A72F032F024EB90019D3AC4FEF001090
S214186AB02001242EFFF8262EFFFC4E5E4E754E56ED
S214186AC00000206E0008226E000C70003028000CA3
S214186AD07200122900FEE189822900FF0C4100206D
S214186AE0630C72003228002C4841424180814E5E69
S214186AF04E754E560000222E000C2001E688206E99
S214186B000008D1C07007C2807001E3A881104E5EDD
S214186B104E754E5600002F02202E000C2200E689D5
S214186B20206E0008123018000281000000FF74075B
S214186B30C082010157C04400241F4E5E4E754E5643
S214186B4000002F0A2F02206E000870001028002060
S214186B50E148484042407400142800214842424206
S214186B608082740014280022E18A848084280023F6
S214186B7048780010486800684878FFFF45F90018FC
S214186B8051004E92E68A2F022F2E000C2F004E929E
S214186B90242EFFF8246EFFFC4E5E4E754E560000EF
S214186BA048E72030246E0008266E000C7400142A5D
S214186BB000FEE18A842A00FF082A00020066673869
S214186BC02F2E00102F0A4EB900186B3E508F082A29
S214186BD000020066672AB06B001866200C42004058
S214186BE0661E42404840B06B003857C044004CEE12
S214186BF00C04FFF44E5E4E75700060D2420060EED4
S214186C00700160EA4E5600002F032F02206E00080F
S214186C10242E000C262E0010720012280014E149AB
S214186C204841424170001028001548404240828072
S214186C30700010280016E1888081802800174A8086
S214186C40670C200280836706428053839580720003
S214186C5012280020E14948414241700010280021BE
S214186C60484042408280700010280022E1888081C7
S214186C70802800232F0042A72F032F024EB9001991
S214186C80CE4C4FEF00102001242EFFF8262EFFFCC6
S214186C904E5E4E754E56000048E73C20246E00089F
S214186CA07200122A0020E149484142417000102A19
S214186CB000214840424082807000102A0022E18855
S214186CC080812F2E000C802A00232F004EB9001921
S214186CD0C15C508F260074007200122A0014E14915
S214186CE0484142417000102A0015484042408280B0
S214186CF07000102A0016E1888081802A00174A80C2
S214186D0056C01200488148C120015BC028022A03D9
S214186D109A819980200422054CEE043CFFEC4E5EC6
S214186D204E754E56000048E72030246E0008266E32
S214186D30000C7400142A00FEE18A842A00FF082A30
S214186D400002006667322F2E00102F0A4EB9001860
S214186D506B3E508F082A00020066671237400018EC
S214186D600C420040660842404840374000384CEE17
S214186D700C04FFF44E5E4E75700060D84E56FFC871
S214186D8048E73F3C262E0008204324680014240AAF
S214186D905C822F2E00102F2E000C2F024EB90018D2
S214186DA06C044FEF000C2E002F2E00102F2E000C08
S214186DB02F024EB900186A2E4FEF000C2C0049EE21
S214186DC0FFE22F0C2F072F0A4EB90018CC0A2E00F8
S214186DD04FEF000C6646266EFFF22A1378007000F6
S214186DE0102A0104E188802A01050C40002063045B
S214186DF0282B00202F052F047AD2DA8E2F052F2A5B
S214186E0000024EB9001869642E004FEF00104BF9B7
S214186E100018D5D667122F0C4E95588F20074CEEB3
S214186E203CFCFFA04E5E4E752F2EFFDE2F0B2F025A
S214186E304EB900186B9C4FEF000C4A0066524EB9BC
S214186E400018040808000000674648790019F3037C
S214186E5048790019E88B283C0019518420444E9034
S214186E60487800B848790019E88E20444E902F2E9E
S214186E70FFFA48790019F2D820444E902079001A63
S214186E8009EA2F2800084EB9001949704FEF001C60
S214186E902006E688D0AEFFDE7207CC8120400D9023
S214186EA02F2EFFDE2F0B2F024EB900186D222F2E15
S214186EB0FFDA4EB9001869042F052F2A00024EB9BA
S214186EC0001885D22E004FEF00186600FF4A720091
S214186ED0122A001EE149484142417000102A001F3C
S214186EE04840424082807000102A0020E188808145
S214186EF0802A0021283C00000400E1AC7000102A0B
S214186F00015EE148484042407C001C2A015F484622
S214186F10424680867C001C2A0160E18E8C807200B6
S214186F20122A0012E149484142417A001A2A0013EF
S214186F304845424582857A001A2A0014E18D8A81CE
S214186F402006802A01612205822A00154285528170
S214186F50D1852A0142454845E04D154500122A01BB
S214186F6042454845154500132A01E08D154500147D
S214186F7015410015220042414841E0491541015E7D
S214186F802200424148411541015F2200E08915411F
S214186F9001601540016120432F2800102F024EB9BA
S214186FA0001854007A09EAAC2D44FFCE42AEFFCA48
S214186FB0282EFFCA92AEFFCE91842F012F002043B1
S214186FC02F2800102F024EB9001854C42043117CE5
S214186FD00001001C2F022F0B4EB900186ABE5280F3
S214186FE03740000C7200122A0104E189822A010532
S214186FF04FEF00200C4100206308424048403740BD
S214187000002C1D7C0001FFFE2F2E00102F2E000CCA
S2141870102F2A00024EB9001869702E004FEF000C88
S2141870206708422EFFFE6000FDEE487800012F2EFE
S21418703000102F2E000C206A00022F2800144EB9BC
S2141870400018F9A42F0C4E952E004FEF0014600070
S214187050FDCC4E56FFA048E73F3C206E00082A6835
S2141870600014260D5C832F2E00102F2E000C2F03D5
S21418707045F900186C044E924FEF000C2C00202E89
S214187080000C222E00104282538191822A2E001460
S2141870907800D285D1842F012F002F034E924FEF00
S2141870A0000C2840082D000100686650B086674C12
S2141870B04EB90018040808000000674048790019FF
S2141870C0F30348790019E88B45F9001951844E9254
S2141870D0487800FE48790019E88E4E922F062F0C35
S2141870E048790019F3114E922279001A09EA2F29C5
S2141870F000084EB9001949704FEF00202E2E0014C4
S2141871002D6E000CFFC22D6E0010FFC6B9C664584F
S2141871107A00242E000C262E0010780045F9001848
S2141871206970B8AE0014660003482F042F2E00109E
S2141871302F2E000C206D00022F2800144EB90018B0
S214187140F9A44FEF00104A87670000984878015B4B
S21418715048790019F34948790019E85B4EB90019BF
S21418716051844FEF000C60FE486EFFE22F062F0D7D
S2141871704EB90018CC0A2A004FEF000C6664246E2D
S214187180FFF22F2EFFC62F2EFFC22F034EB9001860
S2141871906A2E4FEF000C28002D52FFCE42AEFFCAC3
S2141871A07000102D0104E188802D01050C40002088
S2141871B063062D6A0020FFCA2F2EFFCE2F2EFFCA79
S2141871C0486EFFD22F2D00024EB9001869642A00A7
S2141871D04FEF00106718486EFFE24EB90018D5D664
S2141871E0588F20054CEE3CFCFF784E5E4E752F2EC1
S2141871F0FFDE2F0A2F034EB900186B9C4FEF000CBA
S2141872004A00664C4EB9001804080800000067408B
S21418721048790019F30348790019E88B47F90019DB
S21418722051844E934878011D48790019E88E4E937C
S2141872302F2EFFFA48790019F2D84E932279001AA1
S21418724009EA2F2900084EB9001949704FEF001C9B
S2141872507200122D001EE149484142417000102D5F
S214187260001F4840424082807000102D0020E188A0
S2141872708081802D0021223C00002000E1A92001F9
S21418728090842407B087640224002F022F042F2E20
S214187290FFDE4EB90018338E2F2EFFDE2F0A2F036F
S2141872A04EB900186D222F2EFFDA4EB90018690451
S2141872B09E822D42FFBE42AEFFBA202EFFBA222E65
S2141872C0FFBED3AEFFC6282EFFC2D9802D44FFC2FC
S2141872D0486EFFD22F2D00024EB9001885D22A000C
S2141872E04FEF00246600FEF07200122D001EE149D2
S2141872F0484142417000102D001F4840424082808D
S2141873007000102D0020E1888081802D0021223CFD
S21418731000000400E1A926417000102D015EE14826
S214187320484042407200122D015F48414241808118
S2141873307200122D0160E18982807A001A2D0012DF
S214187340E14D484542457000102D00134840424014
S2141873508A807000102D0014E1888085822D0161C6
S2141873602D41FFB2802D00152D40FFB6202EFFB2FE
S214187370222EFFB6282EFFBAD2AEFFBED184280121
S21418738042444844E04C1B440012280142444844F6
S2141873901B4400132801E08C1B4400141B410015E5
S2141873A0220042414841E0491B41015E2200424109
S2141873B048411B41015F2200E0891B4101601B40C8
S2141873C00161206E00082F2800102F034EB90018F0
S2141873D054002D40FFA22D41FFA6200B7209E2A8EB
S2141873E02F022F004EB90019C15C508F2D40FFAEEA
S2141873F042AEFFAA202EFFA2222EFFA6282EFFAAF4
S21418740092AEFFAE91842F012F00206E00082F2811
S21418741000102F034EB9001854C4206E0008117CB3
S2141874200001001C2F032F0A4EB900186ABED0821E
S2141874303540000C7200122D0104E189822D0105D9
S2141874404FEF00200C41002063084240484035406A
S214187450002C1D7C0001FFFE486EFFE24EB9001896
S214187460D5D62A00588F6600FCAA52866000FC9E65
S2141874702F032F022F2D00024E922A00428052838D
S214187480D5804FEF000C4A856600FD585284600080
S214187490FC924E56FF9848E73F3C286E00082C2E64
S2141874A0000C2E2E001042AEFFCE246C0014240AB8
S2141874B05C822F072F062F024EB900186C044FEF68
S2141874C0000C28002F072F062F0247F900186A2EDF
S2141874D04E934FEF000C2D40FFA24BEEFFE22F0D00
S2141874E02F042F0A4EB90018CC0A2E004FEF000CA6
S2141874F0660005922C2EFFF22F022F064EB90018A2
S2141875006ABE508F4A806700053C7200122A002611
S214187510E149484142417000102A0027484042403D
S21418752082807000102A0028E188808147F90019A7
S214187530C15C2F2EFFFA802A00292F004E93508FF9
S2141875402D40FFBA42AEFFB67600162A001AE14B57
S214187550484342437000102A001B48404240868029
S2141875607000102A001CE1888083802A001D4A803B
S21418757056C31203488148C120015BC020402241EF
S214187580202EFFB6222EFFBA2608928991832F0145
S2141875902F002F024EB900186A2E4FEF000C260047
S2141875A020462D50FFCA42AEFFC67000102A0104AE
S2141875B0E188802A01050C40002063062D6800200B
S2141875C0FFC62F2EFFCA2F2EFFC67AD2DA8E2F05A9
S2141875D0206C00142F2800024EB9001869642E007B
S2141875E04FEF0010670C2F0D4EB90018D5D6600057
S2141875F001BA2F2EFFDE2F062F024EB900186B9CED
S2141876004FEF000C4A00664C4EB9001804080800E4
S2141876100000674048790019F30348790019E88B89
S21418762047F9001951844E934878019648790019FD
S214187630E88E4E932F2EFFFA48790019F2D84E93FB
S2141876402079001A09EA2F2800084EB9001949703F
S2141876504FEF001C266EFFA2B68B63022643262E1B
S214187660FFDE2F0B2F034EB900186B12508F4A00EF
S214187670670000A42F0B2F034EB900186AF22F2E9E
S214187680FFDE2F2EFFF22F024EB900186D222F2E76
S214187690FFDA4EB9001869042F05206C00142F283D
S2141876A000024EB9001885D22E004FEF0020660053
S2141876B0FF367200122A001AE1494841424170000A
S2141876C0102A001B4840424082807000102A001C76
S2141876D0E1888081802A001D4A806702528B7200DA
S2141876E0122A0026E149484142417000102A002714
S2141876F04840424082807000102A0028E188808125
S2141877002F04802A00292F004EB90019C15C508F0B
S214187710D7C06000015C2F042F024EB900187E3CBB
S2141877202040703FD08B72C0C0812248508FB088DE
S21418773064022240260B52832E2EFFDEB3C36270DD
S214187740486EFFCE2F082F0B2F074EB9001834009F
S2141877504FEF001047F90018D5D6263C001885D2EA
S2141877604A80660002CA2F2EFFCE2F2EFFDE4EB995
S21418777000186AF22F2EFFDE2F2EFFF22F024EB9B8
S21418778000186D222F2EFFDA4EB9001869042F053F
S214187790206C00142F28000220434E902E004FEF26
S2141877A00020670002262F0D4E93588F600002D6D1
S2141877B02F032F072D48FF9A2D49FF9E4EB9001804
S2141877C06B12508F206EFF9A226EFF9E4A0067003B
S2141877D001F42F032F074EB900186AF22F2EFFDE7A
S2141877E02F062F024EB900186D222F2EFFDA4EB92B
S2141877F0001869042F05206C00142F2800024EB9B3
S214187800001885D22E004FEF00206600FDDA7200B1
S214187810122A001AE149484142417000102A001BFA
S2141878204840424082807000102A001CE1888081FF
S214187830802A001D4A80670252837200122A002688
S214187840E149484142417000102A0027484042400A
S21418785082807000102A0028E18880812F04802AF0
S21418786000292F004EB90019C15C508F2640D7C387
S2141878707200122A001EE149484142417000102A3F
S214187880001F4840424082807000102A0020E1887D
S2141878908081802A0021263C00000400E1AB70009D
S2141878A0102A015EE148484042407A001A2A015FD1
S2141878B04845424580857A001A2A0160E18D8A80FB
S2141878C07000102A0012E148484042407800182AF2
S2141878D000134844424480847800182A0014E18C27
S2141878E088802005802A01612204822A0015428495
S2141878F053819184280142444844E04C15440012B0
S214187900280142444844154400132801E08C1544C5
S214187910001415410015220042414841E04915411E
S214187920015E2200424148411541015F2200E0896C
S21418793015410160154001612F2C00102F024EB919
S214187940001854007809E8AB2D43FFAA42AEFFA6EC
S214187950262EFFA6282EFFAAD881D7802F042F03FD
S2141879602F2C00102F024EB9001854C4197C000191
S214187970001C286EFFF22F022F0C4EB900186ABE94
S21418798053803940000C7200122A0104E189822AB9
S21418799001054FEF00200C41002063084240484084
S2141879A03940002C1D7C0001FFFE486EFFE24EB9E0
S2141879B00018D5D62E00206E00144290214B0004D5
S2141879C06000FDE852836000FD74266EFFCE7200DC
S2141879D0122A001AE149484142417000102A001B39
S2141879E04840424082807000102A001CE18880813E
S2141879F0802A001D4A806702528B7200122A0026BF
S214187A00E149484142417000102A00274840424048
S214187A1082807000102A0028E18880812F04802A2E
S214187A2000292F004EB90019C15C6000FCE22F0532
S214187A30206C00142F28000220434E902E00508FE2
S214187A406600FD642F0D4EB90018D5D62E00588F37
S214187A5066322F024EB900187D7C2D40FFB62F00D7
S214187A602044486800014EB90019C20C2A404FEF4E
S214187A70000C2D6EFFB6FFC647EEFFE24AAEFFC6F5
S214187A80660E7E1C20074CEE3CFCFF704E5E4E7554
S214187A902F0B2F0D2F2C00144EB90018CC0A2E00C1
S214187AA04FEF000C66DE262EFFF22F022F034EB97C
S214187AB000186ABE508F4A806700024E20432D5029
S214187AC0FFC242AEFFBE7000102A0104E188802A69
S214187AD001050C40002063062D680020FFBE2F2EDF
S214187AE0FFC22F2EFFBE486EFFD2206C00142F2820
S214187AF000024EB9001869642E004FEF0010670692
S214187B002F0B6000FAE42F2EFFDE2F032F024EB93C
S214187B1000186B9C4FEF000C4A0066524EB90018BE
S214187B20040808000000674648790019F3034879E6
S214187B300019E88B283C0019518420444E90487848
S214187B4001FC48790019E88E20444E902F2EFFFA33
S214187B5048790019F2D820444E902079001A09EA7C
S214187B602F2800084EB9001949704FEF001C7200F4
S214187B70122A0026E149484142417000102A00277F
S214187B804840424082807000102A0028E188808190
S214187B902F0D802A00292F004EB90019C15C508F6E
S214187BA02D40FFB242AEFFAE7200122A001AE1490B
S214187BB0484142417000102A001B484042408280CB
S214187BC07000102A001CE1888081802A001D4A80D7
S214187BD056C01200488148C120015BC0282EFFAE4F
S214187BE02A2EFFB29A8199802F052F042F024EB99C
S214187BF000186A2E4FEF000C2C002F0D2F024EB9CE
S214187C0000187E3C2E002F052F042F024EB90018A0
S214187C106A2E4FEF000C486EFFCE2F07B086630211
S214187C202C002F062F2EFFDE4EB9001834004FEF0B
S214187C300018283C0018D5D62A3C001885D24A8049
S214187C40660000AE2F2EFFCE2F2EFFDE4EB9001880
S214187C506AF22F2EFFDE2F032F024EB900186D2260
S214187C602F2EFFDA4EB900186904486EFFD2206C22
S214187C7000142F28000220454E902E004FEF0020AB
S214187C80670A2F0B20444E906000FB20266EFFCE0E
S214187C907200122A001AE149484142417000102A1F
S214187CA0001B4840424082807000102A001CE18861
S214187CB08081802A001D4A806702528B7200122A21
S214187CC00026E149484142417000102A00274840E2
S214187CD0424082807000102A0028E18880812F0D8B
S214187CE0802A00292F004EB90019C15C6000FA20BE
S214187CF0486EFFD2206C00142F28000220454E90A4
S214187D002E00508F6600FF7C2F0B4EB90018D5D664
S214187D102E00588F6600FD6E2F2EFFB6486D000198
S214187D204EB90019C20C508F2A4053AEFFC66000D9
S214187D30FD4C4E56000048E73030242E0008262EFC
S214187D40000C47F90019C20C45F90019C180B68213
S214187D50622667182F032F024E93508F4A80661894
S214187D602F032F024E92508F240060E270014CEEC3
S214187D700C0CFFF04E5E4E75700060F24E5600000A
S214187D8048E73E00206E0008700010280150E148B1
S214187D9048404240720012280151484142418081B1
S214187DA0720012280152E189828074001428000497
S214187DB0E14A4842424270001028000548404240B6
S214187DC08480700010280006E188808224018428A8
S214187DD00153260086280007720012280020E14961
S214187DE04841424170001028002148404240828095
S214187DF0700010280022E1888081802800232A003D
S214187E0078002F002F042F032F024EB90019CE4CDE
S214187E104FEF00102C012F052F042F032F024EB9F9
S214187E200019D3AC4FEF00102400848167025286E5
S214187E3020064CEE007CFFEC4E5E4E754E5600004B
S214187E4048E73020246E00082F0A4EB900187D7CAB
S214187E50588F7400142A0020E14A484242427200A1
S214187E60122A00214841424184817200122A0022B7
S214187E70E1898282822A00237600162A0004E14BC2
S214187E80484342437400142A0005484242428682F8
S214187E907400142A0006E18A8483842A0007538013
S214187EA0B0AE000C62102F002F014EB90019C15C3D
S214187EB0508F2202928020014CEE040CFFF44E5E86
S214187EC04E754E56000048E73020246E00082F0ADC
S214187ED04EB900187D7C588F7400142A0028E14A81
S214187EE0484242427200122A00294841424184817F
S214187EF07200122A002AE1898282822A002B7600D2
S214187F001612E14B484342437400142A00014842B3
S214187F10424286827400142A0002E18A8483842AE4
S214187F2000035380B0AE000C62102F002F014EB91C
S214187F300019C15C508F2202928020014CEE040C6E
S214187F40FFF44E5E4E754E5600002F0A246E000C37
S214187F50082A000200666736487803FC2F0A487815
S214187F60FFFF4EB900185100220042414841E0492F
S214187F70154103FC220042414841154103FD2200E9
S214187F80E089154103FE154003FF4FEF000C4878B3
S214187F9004002F0A4878040042A72F2E00084EB96E
S214187FA000188AB4246EFFFC4E5E4E754E560000BE
S214187FB0487804002F2E000C4878040042A72F2E6D
S214187FC000084EB900188C824E5E4E754E5600004C
S214187FD02F032F02206E0008700010280038E18842
S214187FE0802800390C40EF536600018E720012107C
S214187FF0E14948414241700010280001484042407B
S2141880008280700010280002E18880818028000392
S2141880104A8067000164700010280150E148484003
S2141880204240720012280151484142418081720034
S21418803012280152E1898280740014280004E14A4B
S214188040484242427000102800054840424084804A
S214188050700010280006E1888082240184280153C5
S214188060260086280007200280836700010C72000D
S21418807012280020E149484142417000102800218A
S214188080484042408280700010280022E188808193
S214188090802800234A80670000E072001228002813
S2141880A0E1494841424170001028002948404240A2
S2141880B0828070001028002AE18880818028002B92
S2141880C04A80670000B4700010280058E18880289D
S2141880D000590C40007F630000A07200122800545C
S2141880E0E149484142417000102800554840424036
S2141880F08280700010280056E188808180280057FA
S214188100720AB28064727000102800FEE188802817
S21418811000FF0C40004062600828000200666754A2
S2141881200C280001017566507000102803FCE14801
S214188130484042407400142803FD48424242808258
S2141881407400142803FEE18A8480842803FF487884
S21418815003FC2F084878FFFF4EB9001851004FEF60
S214188160000CB08257C04400242EFFF8262EFFFCC1
S2141881704E5E4E75700160F0420060EC4E56000080
S2141881802F0A2F02242E00087001B08264500802AD
S2141881900000674E487800072F0245F900187D3210
S2141881A04E92508F4A806632487800052F024E92BB
S2141881B0508F4A806624487800032F024E92508FBC
S2141881C04A8056C0488048C0448002000001242EC9
S2141881D0FFF8246EFFFC4E5E4E75700160EC700161
S2141881E060EC420060E84E560000202E000C206E10
S2141881F00008082800000067670C2D4000084E5E2F
S2141882004EF90018817C70014E5E4E754E56000071
S21418821048E73838246E0008262E000C7200122AFA
S2141882200018E149484142417000102A0019484098
S214188230424082807000102A001AE1888081802AC5
S214188240001B223C00000400E1A920017200122A3B
S21418825000FEE189822A00FF0C4100206402722089
S21418826049F90019C1803F0142672F004E94508F7C
S21418827026407000102A0104E14848404240740025
S214188280142A01054842424280827400142A0106C4
S214188290E18A8480842A01072F0B2F034E94508F6F
S2141882A07800182A00637210C8816704B082643692
S2141882B02F032F0A4EB9001881E6508F4A00674ED2
S2141882C02F0A4EB900187D7C588F4A84660C2F0BDF
S2141882D0487308FF4E94508F240020024CEE1C1C46
S2141882E0FFE84E5E4E752F002F0B4EB90019C15C75
S2141882F0508FB083671C22005281B283671441F3F3
S21418830008FFB68857C2488248C2448260CC7400B8
S21418831060C8740160C44E560000226E00082051D2
S21418832020680010B0FC000067262F094E90588F62
S2141883304A80671C4878003848790019F3614879EC
S2141883400019E85B4EB9001951844FEF000C60FE17
S2141883504E5E4E754E560000226E0008205120685C
S2141883600014B0FC000067262F094E90588F4A80DC
S214188370671C4878004148790019F3614879001954
S214188380E85B4EB9001951844FEF000C60FE4E5E44
S2141883904E754E56FFFC2F0A246E00082F0A4EB94B
S2141883A00018831620522F2E00182F2E00142F2E4A
S2141883B000102F2E000C2F0A206800044E90205212
S2141883C052A8002C2F0A2D40FFFC4EB900188354D3
S2141883D0202EFFFC246EFFF84E5E4E754E56FFFCA0
S2141883E02F0A246E00082F0A4EB90018831620523A
S2141883F02F2E00182F2E00142F2E00102F2E000CA4
S2141884002F0A206800084E90205252A800302F0AD3
S2141884102D40FFFC4EB900188354202EFFFC246E06
S214188420FFF84E5E4E754E5600002F0A246E000852
S214188430B4FC0000661C4878005B48790019F361A4
S21418844048790019E85B4EB9001951844FEF000CB3
S21418845060FE2052B0FC0000661C4878005C487924
S2141884600019F36148790019E85B4EB90019518470
S2141884704FEF000C60FE2250B2FC000067124AA8AC
S214188480000C670C4AA8000467064AA80008661C71
S2141884904878006048790019F36148790019E85B54
S2141884A04EB9001951844FEF000C60FE20280028A2
S2141884B067105280214000287000246EFFFC4E5E24
S2141884C04E752F0A4E91588F4A8066EE20527201CA
S2141884D02141002860E44E560000226E0008206EE7
S2141884E0000CB2FC00006706B0FC0000661C48785A
S2141884F0007248790019F36148790019E85B4EB99B
S214188500001951844FEF000C60FE234800142149CF
S214188510001470004E5E4E754E5600002F0A2F023D
S214188520246E0008242E000C20522F2800182F0224
S2141885304EB90019C20C508F4A80671C4878007BC9
S21418854048790019F36148790019E85B4EB90019A3
S21418855051844FEF000C60FE254200182F0242A7E8
S2141885602F2A00102F2A000C4EB90019CE4C4FEFA8
S21418857000102540001C25410020242EFFF8246EEC
S214188580FFFC4E5E4E754E560000226E0008B2FC7A
S2141885900000661C4878008348790019F36148790A
S2141885A00019E85B4EB9001951844FEF000C60FEB5
S2141885B02051202800286714538021400028660C74
S2141885C02D4900082268000C4E5E4ED170004E5E93
S2141885D04E754E5600002F0A206E0008226E000CAC
S2141885E0B0FC00006706B2FC0000661C4878011153
S2141885F048790019F36148790019E85B4EB90019F3
S21418860051844FEF000C60FE4AA90008661C487893
S214188610011248790019F36148790019E85B4EB9D8
S214188620001951844FEF000C60FE24504AAA002807
S21418863067162D49000C2D6800140008246EFFFCE0
S2141886404E5E4EF90018FD807005246EFFFC4E5ED7
S2141886504E754E56000048E73F20246E0008242E1C
S214188660000C282E00102A2E00142E2E0018B4FCEB
S214188670000067044A82661C487801204879001969
S214188680F36148790019E85B4EB9001951844FEF29
S214188690000C60FE2C2A00182052262800182F03DB
S2141886A02F064EB90019C180588F2E872F004EB945
S2141886B00019C15C508F2D4000182F052F042F0667
S2141886C042A74EB90019CD584FEF000C2E8342A77B
S2141886D0262A0004D2AA0008D1832F012F004EB9EB
S2141886E00019CE4C4FEF00102D4000102D410014ED
S2141886F02D42000C2D4A00084CEE04FCFFE44E5E9A
S2141887004EF9001883924E56000048E73F20246E14
S2141887100008242E000C282E00102A2E00142E2EA8
S2141887200018B4FC000067044A82661C4878012EBC
S21418873048790019F36148790019E85B4EB90019B1
S21418874051844FEF000C60FE2C2A00182052262861
S21418875000182F032F064EB90019C180588F2E8780
S2141887602F004EB90019C15C508F2D4000182F05E8
S2141887702F042F0642A74EB90019CD584FEF000CFC
S2141887802E8342A7262A0004D2AA0008D1832F01D6
S2141887902F004EB90019CE4C4FEF00102D40001088
S2141887A02D4100142D42000C2D4A00084CEE04FCF6
S2141887B0FFE44E5E4EF9001883DC4E56000048E77C
S2141887C02030206E0008246E000C7003C0927203CE
S2141887D0B280670E740020024CEE0C04FFF44E5E56
S2141887E04E7526680014487800012F2A00082F2A8C
S2141887F000042F2A000C2F084EB9001887062400EC
S2141888004FEF00146726206A0046B0FC000067C6C3
S214188810177C000100182F2A004A2F002F0A2F0B4A
S2141888204E90422B00184FEF001060AA4A2A0020DC
S2141888306712206B0022B1CA6628276A00420022F7
S214188840422A002070FDC192206A0046B0FC000043
S2141888506782177C000100182F2A004A42A760BCBE
S214188860204020280042B08A66F6216A004200425C
S21418887060CE4E56FFF048E72030246E00082F2EA4
S21418888000102F2E000C47EEFFF02F0B2F2A001487
S2141888904EB90018FA1C4FEF00104A8067282F00B0
S2141888A02F0A4EB9001887BA24002F0B2F2A001447
S2141888B04EB90018FD804FEF001020024CEE0C0445
S2141888C0FFE44E5E4E75740060F04E56000048E7A2
S2141888D0303C246E0008206A00144A2800186600E7
S2141888E00098117C0001001849F9001900A64BF9E8
S2141888F00018F456243C001887BA263C0018F4765C
S214188900206A00144AA8001E663A70006024082BD5
S21418891000010003660E2F0B2F2A001420434E90DA
S214188920508F60DC2F002F0A20424E90508F4A80BE
S21418893067E4206A0014422800184CEE3C0CFFE846
S2141889404E5E4E752F084E94588F4A0067BC2F2AD5
S21418895000144E952640588F4A8066B2487800C74D
S21418896048790019F36148790019E85B4EB900197F
S21418897051844FEF000C60FE700060BE4E56FFFC30
S21418898048E73030246E0008266E000C202E0010A3
S214188990222E0014B4FC0000661C487800DB4879C8
S2141889A00019F36148790019E85B4EB9001951842B
S2141889B04FEF000C60FEB6FC0000661C487800DC22
S2141889C048790019F36148790019E85B4EB900191F
S2141889D051844FEF000C60FE20524AA80028674CBE
S2141889E0242A001C262A0020968195806342268019
S2141889F0274100042F0A4EB9001888CA588F4A8093
S214188A006620486EFFFF2F0B2F2A00144EB9001849
S214188A10FAA24FEF000C4A8066084AAB000C6602B2
S214188A20700C4CEE0C0CFFEC4E5E4E75700560F23A
S214188A30700660EE4E56000048E73830266E00087E
S214188A40246E000C242E0010262E00142F032F023E
S214188A502F0A2F0B4EB90018897C28004FEF0010EC
S214188A60663C206A0008082800000003663048782C
S214188A7000012F032F022F2A000C2F0B4EB90018B7
S214188A80865228004FEF001467202F0A2F2B001449
S214188A904EB90018FD80429242AA0004508F200456
S214188AA04CEE0C1CFFEC4E5E4E75206A00087001EA
S214188AB0819060EA4E56FFF848E73F3C246E00085F
S214188AC0282E000C2A2E00102C2E00142E2E0018DD
S214188AD0B4FC000067044A86661C4878014048794A
S214188AE00019F36148790019E85B4EB900195184EA
S214188AF04FEF000C60FE26524AAB0028670001783C
S214188B0022077000D285D184242A000C262A001049
S214188B1096819580641A48790019F37B4EB9001926
S214188B205276588F70164CEE3CFCFFD04E5E4E7543
S214188B30286B00182F0C42A7202A0004222A0008A7
S214188B40D285D1842F012F004EB90019CE4C4FEF85
S214188B50001024002601200C5380C0852A40676028
S214188B6099C0BE8C64022847487800012F032F024C
S214188B702F2B00242F0A4EB9001883924FEF00149B
S214188B804A8066A220522F0C2F06DBE800242F0DF1
S214188B904EB900195D64487800012F032F02205241
S214188BA02F2800242F0A4EB9001883DC4FEF002018
S214188BB04A806600FF72DC8C9E8C42815283D58177
S214188BC020522F2800182F074EB90019C180508F31
S214188BD026404A8067402F002F032F022F062F0AA1
S214188BE04EB9001883DC4FEF00144A806600FF3831
S214188BF020522F2800182F0B4EB90019C15C508F21
S214188C00DC809E802D4BFFFC42AEFFF8202EFFF82E
S214188C10D6AEFFFCD5804A876762487800012F03D6
S214188C202F0220522F2800242F0A4EB9001883929C
S214188C304FEF00144A806600FEEE20522F072F06CC
S214188C402F2800244EB900195D644FEF000C7201EE
S214188C502D4100182D4200102D43001420522D6867
S214188C600024000C2D4A00084CEE3CFCFFD04E5E4B
S214188C704EF9001883DC70056000FEAC70006000CA
S214188C80FEA64E56000048E73F3C246E0008242EE9
S214188C900014262E0018B4FC000067044A82661CCE
S214188CA04878018948790019F36148790019E85B12
S214188CB04EB9001951844FEF000C60FE26524AAB8D
S214188CC000286700014622037000282E000CD2AE3A
S214188CD00010D184282A000C2A2A00109A8199801C
S214188CE0641E48790019F3834EB900195276588FC6
S214188CF0367C0016200B4CEE3CFCFFD84E5E4E75AC
S214188D00286B00182F0C42A7202E000C222E0010BD
S214188D10282A0004D2AA0008D1842F012F004EB9A1
S214188D200019CE4C4FEF001028002A01200C538053
S214188D30C0AE00102A40674699C0B68C6402284315
S214188D40487800012F052F042F2B00242F0A4EB920
S214188D500018839226404FEF00144A8066962052D9
S214188D602F0CDBE800242F0D2F024EB900195D6476
S214188D70D48C968C42805285D9804FEF000C2052A6
S214188D802F2800182F034EB90019C180508F28407D
S214188D904A8067382F002F052F042F022F0A4EB946
S214188DA00018839226404FEF00144A806600FF464C
S214188DB020522F2800182F0C4EB90019C15C508F5E
S214188DC0D48096802E0C7C00DA87D9864A83674230
S214188DD0487800012F052F0420522F2800242F0A28
S214188DE04EB90018839226404FEF00144A8066004A
S214188DF0FF0420522F032F2800242F024EB90019E3
S214188E005D644FEF000C6000FEEC367C00056000D9
S214188E10FEE497CB6000FEDE4E5600002F0B2F0A9E
S214188E20246E000847F9001887BA206A001420280C
S214188E300022670C2F002F0A4E93508F4A8067EA3D
S214188E40246EFFF8266EFFFC4E5E4E754E560000DA
S214188E50206E00084A2E000F671652A800244AA84B
S214188E600024661A2D4800084E5E4EF900188E1813
S214188E702028002467E853802140002460E0700012
S214188E804E5E4E754E5600002F032F02206E000CB5
S214188E902208D2AE0010302E000A43F90019F38CBF
S214188EA0B2886608241F261F4E5E4E753400E04AA8
S214188EB0760016180280000000FFB780D080303188
S214188EC00800B54060DA4E560000222E0008E05919
S214188ED04841E059202E000CE0584840E0584E5EB5
S214188EE04E754E560000202E0008E0584840E058B0
S214188EF04E5E4E754E56FFFC48E7203C226E000824
S214188F002A6E000C266D0008286D000CB6FC0000B2
S214188F10662C264C246D0010242D0014B6FC000078
S214188F206704274A0010B4FC000067000178BBEA03
S214188F30000866000168254B0008600000A0B8FC11
S214188F40000067D0202C000866000130266C000C44
S214188F50246C0010242C0014B6FC00006704274A62
S214188F600010B4FC000067000120B9EA000866008B
S214188F700110254B0008BBEC00106602244C4878FC
S214188F800010486D0008486C00082D49FFFC4EB9C3
S214188F9000195D64206D00104FEF000C226EFFFC68
S214188FA0B0FC0000670000F0BBE80008660000E0B0
S214188FB0214C0008206D0008214C0010206D000C74
S214188FC0B0FC00006704214C0010B4FC0000670CCD
S214188FD0204A20680010B0FC000066F64A82660038
S214188FE0017AB6FC000067084AAB001466000168F0
S214188FF0B7D16700015C206A0008B7C86600017C14
S214189000206A000C7001B0A80014663C42A8001430
S2141890102540001426680008254B000C6704274ACC
S2141890200010202A00102140001067000084266ACD
S2141890300010B5EB0008667227480008214A000899
S21418904025480010206A000C266800082868000CBE
S214189050B6FC000067064AAB00146658B8FC000059
S21418906067064AAC0014664C700121400014202A8A
S2141890700010264A24406000FF6A28406000FEC69A
S214189080254B000C6000FEF0228B6000FEEA214C97
S214189090000C6000FF20228C6000FF1A254B000C85
S2141890A06000FF3A228B6000FF342748000C608C63
S2141890B022886088B8FC000067064AAC001466442C
S2141890C0B6FC0000670442AB00147001214000147F
S2141890D0286B000C214C000867042948001020282B
S2141890E00010274000106700008428680010B1ECB4
S2141890F000086672294B00082748000C214B001000
S214189100206A000C216A0014001442AA0014206871
S214189110000CB0FC0000670442A80014206A000C7B
S21418912026680008254B000C6704274A0010202ADA
S214189130001021400010673E266A0010B5EB0008A4
S214189140662E27480008214A000825480010265190
S214189150B6FC0000670442AB0014200D4CEE3C042D
S214189160FFE84E5E4E75294B000C608C228B60888B
S2141891702748000C60D0228860CC7001B0A8001474
S214189180663C42A80014254000142668000C254B9F
S21418919000086704274A0010202A001021400010F3
S2141891A067000086266A0010B5EB00086674274824
S2141891B00008214A000C25480010206A0008266876
S2141891C00008B6FC000067644AAB0014675E4AAB3A
S2141891D000146772216A0014001442AA001420684A
S2141891E00008B0FC0000670442A80014206A0008B3
S2141891F02668000C254B00086704274A0010202A0A
S2141892000010214000106700009A266A0010B5EB7F
S21418921000086600008627480008214A000C6000EF
S214189220FF2A2748000C608A228860862868000C67
S214189230B8FC00006700FE324AAC00146700FE2A2D
S214189240B6FC000066882668000CB6FC00006704AA
S21418925042AB0014700121400014286B0008214C02
S214189260000C67042948001020280010274000101A
S214189270672428680010B1EC00086614294B00080B
S21418928027480008214B0010206A00086000FF4697
S214189290294B000C60EA228B60E62748000C600019
S2141892A0FF7A22886000FF744E560000206E000871
S2141892B00CA801FFFFFF0026631A2228004A08019F
S2141892C0001C66180801001B6616700C08010019A9
S2141892D067046004700C59804E5E4E75701060F806
S2141892E0700E60E84E56000048E70038266E0008F4
S2141892F0246B00242F2B000449F900188EE24E9494
S2141893002540003E2EAB000C4E94588F2540003A50
S214189310157C000104224CEE1C00FFF44E5E4E75C0
S2141893204E5600002F0B2F0A206E0008226E000CD7
S2141893302468001CB4FC000067062568002000207E
S21418934026680020268AB2FC0000671E2469002CB6
S214189350214A001C670847E8001C254B00202348B4
S214189360002C45E9002C214A002021490008245FDA
S214189370265F4E5E4E754E560000226E0008206917
S214189380000CB0FC0000662620690010B0FC000037
S2141893906722B3E80008671C20690010B0FC0000BC
S2141893A06712B3E8000C660C224860EC20402028B0
S2141893B0000866F820084E5E4E754E560000206E61
S2141893C00008720012280004E14948414241700022
S2141893D01028000548404240828070001028000679
S2141893E0E1888081802800070C8001FFFFFF633C1E
S2141893F0720012280028E14948414241700010289E
S214189400002948404240828070001028002AE188CF
S21418941080818028002B0800001B660C0800001CA2
S214189420670A70034E5E4E75700260F8700060F43E
S2141894304E5600002F0A2F02246E000C242E001001
S2141894407022D0AE00082F004EB9001893BA588F65
S2141894504A80671E41F900188EE27202B280661EB4
S2141894602F024E90588F3200E049154100041540DF
S2141894700005242EFFF8246EFFFC4E5E4E752F0254
S2141894804E90588F220042414841E0491541000C41
S2141894902200424148411541000D2200E08915413D
S2141894A0000E1540000F60CA4E5600002F0A2F02F5
S2141894B0246E00082F0A4EB9001893BA588F4A809F
S2141894C067787000102A00FCE14848404240740053
S2141894D0142A00FD4842424280827400142A00FE74
S2141894E0E18A8480842A00FF422A00FC422A00FD72
S2141894F0422A00FE422A00FF487804002F0A4878BD
S214189500FFFF4EB900185100220242414841E04977
S214189510154100FC220242414841154100FD220235
S214189520E089154100FE154200FF4FEF000C242E6F
S214189530FFF8246EFFFC4E5E4E75700060F04E56B7
S214189540000048E73C30266E0008246E000C182AE7
S214189550000C162A000D7000102A0010E14848402A
S21418956042407400142A0011484242428082740015
S214189570142A0012E18A8480842A00132F2B002EC6
S2141895804EB900188EE22A00422A000C422A000D14
S214189590422A0010422A0011422A0012422A0013B8
S2141895A070102E80486B00524878FFFF47F9001855
S2141895B051004E932F052F0A2F004E931544000C7A
S2141895C01543000D220242414841E049154100105A
S2141895D0220242414841154100112202E0891541F4
S2141895E00012154200134CEE0C3CFFE84E5E4E750A
S2141895F04E56000048E73038286E0008266E000CD5
S2141896002F2C002E4EB900188EE2260045F308FCC3
S21418961070001012E148484042407400142A0001B5
S2141896204842424280827400142A0002E18A8480EA
S214189630842A00034212422A0001422A0002422AC1
S214189640000370102E80486C00524878FFFF49F9C6
S214189650001851004E942F032F0B2F004E94220201
S21418966042414841E049148122024241484115418D
S21418967000012202E08915410002154200034CEE53
S2141896801C0CFFEC4E5E4E754E56FFFC48E7203C11
S214189690226E00082A6E000C206D001CB0FC00001C
S2141896A06706216D00200020246D00202488266D72
S2141896B0000C286D0010B6FC0000662C264C246D95
S2141896C00014242D0018B6FC00006704274A00145E
S2141896D0B4FC00006700017EBBEA000C6600016E51
S2141896E0254B000C600000A0B8FC000067D0202CAA
S2141896F0000C66000132266C0010246C0014242C12
S2141897000018B6FC00006704274A0014B4FC0000D2
S21418971067000122B9EA000C66000112254B000CFE
S214189720BBEC00146602244C48780010486D000CF8
S214189730486C000C2D49FFFC4EB900195D64206D6D
S21418974000144FEF000C226EFFFCB0FC0000670000
S21418975000F4BBE8000C660000E4214C000C206DF9
S214189760000C214C0014206D0010B0FC000067049B
S214189770214C0014B4FC0000670C204A2068001422
S214189780B0FC000066F64A8266000186B6FC000049
S21418979067084AAB001866000174B7E9002067002E
S2141897A00166206A000CB7C866000192206A00108D
S2141897B07001B0A80018663C42A80018254000188A
S2141897C02668000C254B00106704274A0014202A28
S2141897D00014214000146700008A266A0014B5EBAE
S2141897E0000C66782748000C214A000C25480014FF
S2141897F0206A00102668000C28680010B6FC0000C6
S21418980067064AAB00186660B8FC000067064AACE4
S21418981000186654700121400018202A0014264AA1
S21418982024406000FF6828406000FEC4254B0010E6
S2141898306000FEEE234B00206000FEE6214C001070
S2141898406000FF1C234C00206000FF14254B0010FE
S2141898506000FF34234B00206000FF2C27480010C0
S2141898606086234800206080B8FC000067064AAC73
S21418987000186644B6FC0000670442AB0018700176
S21418988021400018286B0010214C000C670429484A
S214189890001420280014274000146700008C28683D
S2141898A00014B1EC000C667A294B000C27480010FF
S2141898B0214B0014206A0010216A0018001842AACA
S2141898C0001820680010B0FC0000670442A80018B2
S2141898D0206A00102668000C254B00106704274ADB
S2141898E00014202A001421400014674A266A00141F
S2141898F0B5EB000C663A2748000C214A000C2548A0
S214189900001426690020B6FC0000670442AB001855
S2141899102D4D00084CEE3C04FFE84E5E4EF900193B
S2141899203518294B00106084234B00206000FF7EFA
S2141899302748001060C42348002060BE7001B0A8F5
S2141899400018663C42A80018254000182668001023
S214189950254B000C6704274A0014202A00142140BF
S214189960001467000086266A0014B5EB000C6674AF
S2141899702748000C214A001025480014206A000CBD
S2141899802668000CB6FC000067664AAB00186760CD
S2141899904AAB00186774216A0018001842AA001803
S2141899A02068000CB0FC0000670442A80018206A63
S2141899B0000C26680010254B000C6704274A001474
S2141899C0202A0014214000146700009E266A0014FE
S2141899D0B5EB000C6600008A2748000C214A0010D8
S2141899E06000FF1C27480010608A23480020608407
S2141899F028680010B8FC00006700FE1A4AAC001869
S214189A006700FE12B6FC0000668626680010B6FCD4
S214189A100000670442AB0018700121400018286B3C
S214189A20000C214C00106704294800142028001444
S214189A3027400014672428680014B1EC000C66143C
S214189A40294B000C2748000C214B0014206A000CE8
S214189A506000FF44294B001060EA234B002060E4A6
S214189A60274800106000FF76234800206000FF6E2D
S214189A704E56000048E73C00202E000C222E001000
S214189A80206E000820680020B0FC0000660A200837
S214189A904CDF003C4E5E4E75241026280004280025
S214189AA02A019A839982621028002A019A83998239
S214189AB064DC2068000C60D02068001060CA4E561F
S214189AC0000048E73C00226E000C206E000820506C
S214189AD0B0FC0000660A20084CDF003C4E5E4E754F
S214189AE024112629000420102228000428022A03FC
S214189AF09A819980621028022A039A81998064D6DE
S214189B002068000860CA2068000C60C44E56000022
S214189B1048E72038266E0008246E000C2F2B002EDF
S214189B2049F900188EE24E94588F2400486B00228C
S214189B304EB9001893BA588F4A8067342F0A2F0BDD
S214189B404EB9001895F02F004E9422004241484115
S214189B50E049158128FC220042414841158128FD1C
S214189B602200E089158128FE158028FF4FEF000C8B
S214189B704CEE1C04FFF04E5E4E754E56000042A783
S214189B802F2E00102F2E000C202E000858802F0085
S214189B904EB90018E1DA4E5E4E754E56FFF848E795
S214189BA00038246E00084A2A0422670000D2266A63
S214189BB00018486EFFF842A72F0A4EB900189B7A6D
S214189BC04FEF000C4A80660000AC49EA00222F0CC2
S214189BD04EB9001893BA588F4A8067342F0C4EB96E
S214189BE0001894A82F004EB900188EE222004241A1
S214189BF04841E0491541011E22004241484115419D
S214189C00011F2200E0891541012015400121508FBF
S214189C10487804002F0C7200122B001EE1494841A8
S214189C2042417000102B001F48404240828070004E
S214189C30102B0020E1888081802B0021223C000018
S214189C400400E1A92F2EFFFC2F2EFFF82F0142A7A4
S214189C504EB90019CD584FEF000C2E812F002F2B20
S214189C6000024EB900188AB44FEF00144A806604F2
S214189C70422A04224CEE1C00FFEC4E5E4E75700015
S214189C8060F24E5600002F0A2F02206E0008246E2F
S214189C90000C2410486E00102F2E00142F084EB9F2
S214189CA000189B7A4FEF000C4A8066222F2E00145D
S214189CB02F2E00102F0A2F024EB900188A344FEF95
S214189CC000104A806608206A0008720C8390242EBA
S214189CD0FFF8246EFFFC4E5E4E754E5600002F0A97
S214189CE02F02206E0008246E000C2410486E0010F8
S214189CF02F2E00142F084EB900189B7A4FEF000C21
S214189D004A8066222F2E00142F2E00102F0A2F029C
S214189D104EB90018897C4FEF00104A806608206AF2
S214189D20000872048390242EFFF8246EFFFC4E5E03
S214189D304E754E56FFE848E73F3C2E2E00082A2E52
S214189D40000C78E8D88E4878001842A72F044EB929
S214189D5000195DD420452410262800042D42FFE85B
S214189D602D43FFEC206800084FEF000C0CA80018D5
S214189D70A7D80046661C2068004AB0FC0000671288
S214189D80BEA80014660C70004CEE3CFCFFC04E5E7D
S214189D904E754878002C4878000147F90019338822
S214189DA04E932A40508F4A806700034224472C2A35
S214189DB0001C2F032F022F064EB900189A704FEF6B
S214189DC0000C24404A8067762F072F004EB90018DB
S214189DD09320508F264A42AD0024206B00282B482B
S214189DE00028208D41ED0024274800282B4B00180A
S214189DF02B470014487800102F05486D00044EB9FC
S214189E0000195D6422452069000852A80018217CB4
S214189E100018A7D80046214D004A244752AA000C1D
S214189E20226A00202B49001C4FEF000C66000266C1
S214189E3043ED001C28472949002460000260487832
S214189E40002C487800014E932640508F4A806700B1
S214189E5002922682274300042747000842AB0024B4
S214189E6049EB0024274C002822472069002C274855
S214189E70001C670849EB001C214C00202047214B8A
S214189E80002C702CD08727400020224620690020FE
S214189E907000B0FC00006664274A001442AB00103D
S214189EA042AB000C720127410018B4FC0000677E14
S214189EB072FFB2806672254B000C244B206A001481
S214189EC0B0FC0000676E7001B0A8001866662268BD
S214189ED000142029000CB0886600010C20290010F8
S214189EE0676072012840B2AC0018665642AC00187B
S214189EF042A8001823410018244960C0225024683C
S214189F0000042009220A92839182650001E620093E
S214189F10220A928391826300FEBE2228000C70FFEC
S214189F20244820416000FF6C254B0010608C2046AA
S214189F30214B002022462069002042A80018600005
S214189F40FE96B5E800106638202A000C214000104E
S214189F5067062840294800142028001425400014B5
S214189F60676C202800142840B1EC000C6658294A63
S214189F70000C2548000C214A0014200A24482040CA
S214189F8042A800187001234000182069000C2028E9
S214189F9000102340000C6706284029490014202981
S214189FA00014214000146736202900142840B3EC0A
S214189FB0000C66222948000C21490010234800147A
S214189FC0224A6000FF342840294A001060A4284618
S214189FD0294A0020609C28402948001060DA284644
S214189FE02948002060D24A80670C72012840B2AC1B
S214189FF000186700FEF8B5E8000C6638202A00102E
S21418A0002140000C67062840294800142028001410
S21418A010254000146766202800142840B1EC000C70
S21418A0206652294A000C25480010214A0014200AB6
S21418A0302448204042A800187001234000182069C0
S21418A04000102028000C23400010670628402949D5
S21418A0500014202900142140001467302029001409
S21418A0602840B3EC000C661C2948000C2149000C4B
S21418A0706000FF4A2840294A001060AA2846294A44
S21418A080002060A228402948001060E02846294889
S21418A090002060D845ED001C234A00202447254D93
S21418A0A000207020D0872B40002072038390387CC5
S21418A0B000282F04487478004EB900189ABE508F9E
S21418A0C024006700FCC22F00487478004EB90018A8
S21418A0D08EF42F024EB9001935184FEF000C600099
S21418A0E0FCA62F0D4EB900193518588F700C600045
S21418A0F0FC982228001070016000FE264E56FFE8D5
S21418A10048E73C38266E0008242E000C262E001031
S21418A11045EEFFE84878001842A72F0A4EB90019EE
S21418A1205DD42D42FFE82D43FFEC2F0A486B00281C
S21418A1304EB900189ABE24404FEF00144A80670C98
S21418A14070004CEE1C3CFFCC4E5E4E7548780018DE
S21418A150487800014EB9001933882040508F4A803D
S21418A160670001FA208221430004226B0028700041
S21418A170B2FC00006664214A001042A8000C42A8EF
S21418A18000087A0121450014B4FC0000677E72FFAF
S21418A190B28066722548000822680010B2FC0000DB
S21418A1A0676E7801B8A90014666624690010286AD4
S21418A1B00008B9C9660000FA286A000CB8FC000046
S21418A1C0675A7801B8AC0014665242AC001442A91B
S21418A1D0001425440014204A60BE201122290004C9
S21418A1E028022A039A8199806200017828022A0395
S21418A1F09A8199806400FF4A2229000870FF244932
S21418A20022416000FF6C2548000C608C2748002807
S21418A210206B002842A800146000FF26B1E9000C45
S21418A220663428680008234C000C67042949001077
S21418A2302029001021400010676428690010B3EC2C
S21418A24000086654294800082149000823480010C9
S21418A25020082049224042A900147A0125450014F6
S21418A260226A00082869000C254C00086704294A49
S21418A2700010202A001023400010672E286A0010AD
S21418A280B5EC0008661E29490008234A000C254923
S21418A290001024486000FF402948000C60AA274890
S21418A2A0002860A42949000C60E02749002860DAD5
S21418A2B0B8FC000067187001B0AC0014661042AC09
S21418A2C0001442A90014254000146000FF0AB1E9E2
S21418A2D0000866342868000C234C000867042949CF
S21418A2E000102029001021400010675E2869001011
S21418A2F0B3EC0008664E294800082149000C23488C
S21418A300001020082049224042A900147201254155
S21418A3100014226A000C28690008254C000C6704F3
S21418A320294A0010202A0010234000106728286A9F
S21418A3300010B5EC0008661829490008234A0008DA
S21418A3406000FF4C2948000C60B02748002860AA17
S21418A3502949000C60E62749002860E0700C600068
S21418A360FDE22229000C70016000FE944E56000093
S21418A37048E73020246E0008242E000C262E0010E5
S21418A3802F032F022F2A001C4EB900189A704FEF71
S21418A390000C20404A806726B5E800086610226838
S21418A3A00028226900042251B3E8002467102F03FE
S21418A3B02F022F0A4EB90018A0FC4FEF000C7000A1
S21418A3C04CEE040CFFF44E5E4E754E56FFFC48E7F6
S21418A3D03F3C266E0008246E000C142E0013206BCB
S21418A3E000242D680018FFFC286A00204BF9001876
S21418A3F085D27A001A022C3C0018A9362E3C001971
S21418A4003518B8FC00006700008C262C001C282C79
S21418A41000184A026720226C000C42A9004642A97E
S21418A420004A70FCC191486C0004206EFFFC2F286F
S21418A43000024E95508F206C0024B0FC0000674038
S21418A440216C00280028226C0028228842A72F0595
S21418A4502F042F0A2F0B20464E90206C001C4FEF0F
S21418A4600014B0FC00006724216C00200020226C29
S21418A470002022882F0C20474E90588F2843608241
S21418A480226C0018236C0028002860BA256C00205F
S21418A490002460DA206A00287400B0FC00006634D5
S21418A4A02A3C001893767828D88A4BF900188EF428
S21418A4B049F9001935184A8267222F0220454E900E
S21418A4C026002E822F044E952F024E944FEF000C26
S21418A4D0240360E224082068000860BE206A002C66
S21418A4E049F900189688B0FC000067162428001C46
S21418A4F0B5E8000866082F082F0B4E94508F204298
S21418A50060E42D4A00084CEE3CFCFFD44E5E4EF933
S21418A510001935184E56FFD048E73F3C266E0008FF
S21418A5201D6E000FFFD31D6E0013FFD27EE0DE8E69
S21418A53076F0D68E246B0018B4FC00006700012E47
S21418A540202A000C667E226A0030B2FC0000676C77
S21418A550236A00340034206A00342089242A000430
S21418A560D4AA0008274200042A6B00242F2D003294
S21418A57049F900188EE24E94588F2800B08262105F
S21418A5802F2D00364E94588F9880948427420004B6
S21418A590201252802740000C42A72F0A2F0B4EB9C4
S21418A5A00018A3CA2F0B4EB9001892E44FEF0010EC
S21418A5B04A2EFFD26700FF7E600000B2276A00347A
S21418A5C0001C6092B0AA0014665E242A0004D4AA5E
S21418A5D00008274200042A6B00242F2D003249F960
S21418A5E000188EE24E94588F2800B08262102F2DD5
S21418A5F000364E94588F9880948427420004201270
S21418A60052802740000C226A0030B2FC0000671007
S21418A610236A00340034206A003420896000FF7AE8
S21418A620276A0034001C60EE4A2EFFD36648262A96
S21418A6300004274300042A6B00242F2D003249F902
S21418A64000188EE24E94588F2400B08362102F2D77
S21418A65000364E94588F94809682274300042752CB
S21418A660000C2F0B4EB9001892E4588F4CEE3CFC99
S21418A670FFA84E5E4E752A6A001C206D00242868B6
S21418A68000182F2D00144EB9001935042400588FC1
S21418A690661C4878053548790019F5AB48790019CD
S21418A6A0E85B4EB9001951844FEF000C60FE282A5B
S21418A6B000202C3C001885D24A846700010E2244DC
S21418A6C02D69001CFFD4206900182F2800042F10AD
S21418A6D02F07206C00022F2800144EB90018FA1CF9
S21418A6E02A004FEF001067182045082800000003BE
S21418A6F0670E224420690018B5E80008670000B005
S21418A7004878001042A72F034EB900195DD420448C
S21418A7102D50FFDC42AEFFD82F2EFFDC2F2EFFD891
S21418A7202F032F2D00244EB900189C824FEF001CC3
S21418A7304A80671C4878054548790019F5AB48796A
S21418A7400019E85B4EB9001951844FEF000C60FEF3
S21418A7502F2D00142F2EFFFC2F024EB900195D6402
S21418A7602F032F2C000222464E91487800012244CF
S21418A770206900182F2800042F102F022F2C0002F3
S21418A7804EB9001887064FEF00242E842F002F0589
S21418A790206C00022F2800144EB90018A7D84FEFC7
S21418A7A000104A856616282EFFD46000FF0C2F0569
S21418A7B02F2C00024EB9001887BA508F2F072F2C4F
S21418A7C0000220464E90508F60DC2F024EB90019BA
S21418A7D03518588F6000FDDA4E56000048E7303CB2
S21418A7E02A6E000C202E0010286E0014246C0014FC
S21418A7F0242C0018266A001C262B00184A8067048A
S21418A80025400018226C001CB2FC000067000100EE
S21418A810236C00200020206C00202089226C002445
S21418A820B2FC0000670000F2236C00280028206C99
S21418A8300028208942A742A72F022F0A2F0B4EB9AD
S21418A8400018A9364FEF00142042B5E80008660E27
S21418A850BAFC0000670842AD004642AD004A2F0C0D
S21418A8604EB900193518202A0014528025400014B5
S21418A870588FB0AA000C660000B4B68A660000AE00
S21418A880242A0004D4AA000827420004262B0024F1
S21418A89020432F2800324BF900188EE24E95588F19
S21418A8A02840B082621220432F2800364E95588FC3
S21418A8B099C0948C27420004201252802740000C1E
S21418A8C0206A0030B0FC0000675A216A0034003451
S21418A8D0226A0034228842A72F0A2F0B4EB9001876
S21418A8E0A3CA42A742A72F0B4EB90018A5142F0BC0
S21418A8F04EB9001892E44FEF001C2D6B0024000888
S21418A9004CEE3C0CFFE84E5E4EF900189B9A256CF0
S21418A910002000246000FF002042216C0028002838
S21418A9206000FF0C276A0034001C60A44CEE3C0C38
S21418A930FFE84E5E4E754E56FFE048E73E3C2A2E20
S21418A9400008246E0010102E00171C2E001B222A3A
S21418A9500008B2AE000C66000142224520690024A9
S21418A960286800184A00662E206A002445F9001840
S21418A970A7D8B0FC000067000122242800242F085E
S21418A98042A742A7206C00022F2800144E924FEFC1
S21418A9900010204260DC78E0D88E4878001042A775
S21418A9A02F0447F900195DD44E934BEEFFF0487804
S21418A9B0001042A72F0D4E93206A00282068000426
S21418A9C026504FEF0018B6FC0000670000CE4A0667
S21418A9D0660000D22F2A00042F122F0D2F2C0002EB
S21418A9E04EB90018897C4FEF00104A80671C4878CB
S21418A9F0062648790019F5AB48790019E85B4EB970
S21418AA00001951844FEF000C60FE261374002F03B4
S21418AA102F022F0420452F2800244EB900189C8298
S21418AA204FEF00104A80671C4878062A48790019A4
S21418AA30F5AB48790019E85B4EB9001951844FEF09
S21418AA40000C60FE22452F2900142F2EFFEC2F2E07
S21418AA50FFFC4EB900195D642F2B00142F0A4EB94F
S21418AA6000189320206EFFF8217C0018A7D80046FF
S21418AA70214B004A226EFFE870088191720383907A
S21418AA802F042F2C000245F9001885D24E922F0D50
S21418AA902F2C00024E924FEF00244CEE3C7CFFBC4D
S21418AAA04E5E4E752F2B00142F0A4EB900189320A1
S21418AAB0508F60E64E56000048E73838246E000877
S21418AAC0206E000C282A0008260452832543000806
S21418AAD05290286A00242F2C003247F900188EE26C
S21418AAE04E93588F2400B08362102F2C00364E9346
S21418AAF0588F9480968225430008202A0008B0AA0A
S21418AB000004663A48780001487800012F0A4EB9C2
S21418AB100018A5144FEF000C202A0008B0AA00044D
S21418AB20661C487805C848790019F5AB48790019A5
S21418AB30E85B4EB9001951844FEF000C60FE2004F4
S21418AB404CEE1C1CFFE84E5E4E754E56FFF048E75E
S21418AB50203C206E00082068002428680018206E04
S21418AB60000C2068002045EEFFF04BF900195D64D4
S21418AB7047F9001885D2B0FC000067202428001C6E
S21418AB8048780010486800042F0A4E952F0A2F2C74
S21418AB9000024E934FEF0014204260DA4CEE3C044D
S21418ABA0FFDC4E5E4E754E560000487800384878E2
S21418ABB000014EB9001933882040508F4A80671C10
S21418ABC0216E0008001C70FF2140001042A80018D3
S21418ABD042A8002043E800202149002420084E5EA1
S21418ABE04E754E56FF6C48E73F3C246E00082A2EDA
S21418ABF0000C2D6A0008FF76204520AA0010487819
S21418AC00001042A7486EFFA449F900195DD44E9467
S21418AC104878001042A7486EFFB44E94206A002465
S21418AC202D680018FF842245206900242068000437
S21418AC3026504FEF00184BEEFFDC7628D685283CBA
S21418AC4000189ABE2C3C00189688B6FC0000673E82
S21418AC50206B00202068000424104878001842A7AB
S21418AC602F0D4EB900195DD42E2B00182047201032
S21418AC70222800042D40FFDC2D41FFE0226B000C3B
S21418AC804FEF000C0829000100036700027C2245DC
S21418AC902669002042AEFF9C74FF99CC42AEFF98FE
S21418ACA042AEFF9042AEFF88220550812D41FF7AB2
S21418ACB0B6FC000067000B8E2D6B001CFF724878E0
S21418ACC0001842A7486EFFC44EB900195DD4262B4B
S21418ACD0001820432010222800042D40FFC42D41C0
S21418ACE0FFC82A6B000C4FEF000C082D000100035C
S21418ACF0670002CA262B00102A6A002420452D5009
S21418AD00FFA0486D00224EB9001893BA588F4A8093
S21418AD106700036E2F2D002E4EB900188EE2240001
S21418AD2070102E80486D00524878FFFF4BF90018B7
S21418AD3051004E9548780004486EFFA02F004E9597
S21418AD402F022F032F004E9528004FEF0024226B5A
S21418AD50001074001411E14A48424242700010294B
S21418AD600001484042408480700010290002E188A3
S21418AD708082802900032D40FF8C4203243C001853
S21418AD808EE24AAEFF98660000CE2F2EFF7A2F0A64
S21418AD904EB90018AAB42D40FF982F0042A7486E47
S21418ADA0FFA42F2A00244EB900189CDA2C004FEF67
S21418ADB00018660001302D6EFFB0FF9C226EFF9CB7
S21418ADC012BCFF98137C00390001137C003B00026C
S21418ADD0137CFFC00003137C000100044229000501
S21418ADE0422900064229000728452F1420424E9073
S21418ADF0220042414841E049226EFF9C1341000858
S21418AE00220042414841134100092200E0891341BB
S21418AE10000A1340000B387C000CD9C92A6A0014A3
S21418AE207022D0AA00242E804EB9001893BA588FD4
S21418AE304A806600028A4BEDFFF42D4DFF902045A0
S21418AE404AA800046606216EFF980004226EFFAC1E
S21418AE50700B819176012D6B0004FF942D6B000802
S21418AE60FF7E20452028000C5380B0AEFF8857C0C0
S21418AE7044001D40FF834A03671A48780010705232
S21418AE80D0AA00242F00486EFFEA4EB900195D6458
S21418AE904FEF000C2A6A00242F0D4EB9001892A8FE
S21418AEA0588F2E002C2EFF909C806A00021A487924
S21418AEB00019F5C44EB900195276588F2F2EFF9CDC
S21418AEC02F2A00244EB900189B0C486EFFA4206A3F
S21418AED000242F104EB9001885D22C004FEF001002
S21418AEE06700FEA8721CB28667000924256EFF76D6
S21418AEF00008487800012F052F0A4EB90018A3CA73
S21418AF004FEF000C60000908206B0024B0FC00000E
S21418AF1067000094216B00280028286B00282888D2
S21418AF2042A9004642A9004A2F0D2F0320444E90EE
S21418AF30508F4A8056C0488048C044802F004878B2
S21418AF4000012F072F052F0A4EB90018A936206BB7
S21418AF5000184FEF0014BAA80008660A2F082F0A20
S21418AF6022464E91508F284553AC000C486B00046F
S21418AF70206EFF842F2800024EB9001885D2226B47
S21418AF80001C508FB2FC00006728236B002000209E
S21418AF90206B002020892F0B4EB900193518588FB2
S21418AFA026426000FCA62847296B00280028600067
S21418AFB0FF6A2845296B0020002460D4206B0024E3
S21418AFC0B0FC0000670000A4216B00280028226B44
S21418AFD00028228842AD004642AD004A486EFFC49B
S21418AFE02045486800284EB900189ABE508F4A80E7
S21418AFF056C0488048C044802F00487800012F0368
S21418B0002F052F0A4EB90018A936226B00184FEFD5
S21418B0100014BAA90008660C2F092F0A4EB9001892
S21418B0209688508F224553A9000C486B0004206E52
S21418B030FF842F2800024EB9001885D22A6B001CF0
S21418B040508FBAFC0000672E2B6B00200020226B56
S21418B0500020228D2F0B4EB900193518588F28024C
S21418B0602404266EFF726000FC482243236B0028D7
S21418B07000286000FF5A2245236B0020002460CE6B
S21418B0800CAD01FFFFFF0026632E282D004A028410
S21418B090010000006700FCB82F2D002E4EB90018CE
S21418B0A08EE22E802F032F024EB9001850BE2800AD
S21418B0B04FEF000C6000FC9878006000FC924BED97
S21418B0C0FFF06000FD760CAD01FFFFFF0026630061
S21418B0D0023A082D0004004A67000230487800102B
S21418B0E042A72F0C4EB900195DD42F2EFF7E204292
S21418B0F04E90220042414841E049188122004241C0
S21418B1004841194100012200E089194100021940FE
S21418B11000034FEF00100CAD01FFFFFF002663344D
S21418B120082D0001004A672C2F2EFF9422424E91BC
S21418B130588F220042414841E04919410008220030
S21418B14042414841194100092200E0891941000A84
S21418B1501940000B4A036700014E700FB0866D0A3F
S21418B16048790019F5CD6000FD4C48780010486EF7
S21418B170FFEA200CD0872F007210DE814EB9001916
S21418B1805D644FEF000C2F042F0C2F0D4EB90018CE
S21418B19094304FEF000C4A2EFF83675C7200122C17
S21418B1A00004E149484142417000102C000548400F
S21418B1B0424082807000102C0006E1888081802C26
S21418B1C000072F004BF900188EE24E957208828001
S21418B1D02E814E95588F220042414841E049194128
S21418B1E00004220042414841194100052200E08926
S21418B1F019410006194000070CAE98393BC0FF8C61
S21418B200665C7200122C0004E14948414241700005
S21418B210102C00054840424082807000102C000612
S21418B220E1888081802C00072F004BF900188EE2E9
S21418B2304E95720182802E814E95588F220042417B
S21418B2404841E04919410004220042414841194149
S21418B25000052200E08919410006194000072F2E24
S21418B260FF7A2F0A4EB90018AAB424002F0042A756
S21418B270486EFFB42F2A00244EB900189CDA2C000A
S21418B2804FEF0018670001CA206EFFAC70FCC19023
S21418B290486EFFA4206A00242F104EB9001885D2D5
S21418B2A0508F6000FC407200122C0004E14948419F
S21418B2B042417000102C00054840424082807000C1
S21418B2C0102C0006E1888081802C00072F00243C73
S21418B2D000188EE220424E90720282802E81204202
S21418B2E04E90588F220042414841E04919410004C7
S21418B2F0220042414841194100052200E0891941BF
S21418B3000006194000076000FE7E4878000C42A729
S21418B3102F0C4EB900195DD42F2EFF7E20424E906A
S21418B320220042414841E0491881220042414841E2
S21418B330194100012200E089194100021940000352
S21418B3404FEF00100CAD01FFFFFF00266334082DE9
S21418B3500001004A672C2F2EFF9422424E91588FD8
S21418B360220042414841E049194100082200424162
S21418B3704841194100092200E0891941000A19407C
S21418B380000B4A03670000A0700FB0866D0A487954
S21418B3900019F5D66000FB1E48780010486EFFEAC4
S21418B3A0200CD0872F007210DE814EB900195D640C
S21418B3B04FEF000C2F042F0C2F0D4EB90018943099
S21418B3C04FEF000C4A2EFF8367267200122C0006D9
S21418B3D0E189822C00072401E18A3001E048804286
S21418B3E0004000083200E0591940000619410007CD
S21418B3F00CAE98393BC0FF8C6600FE647200122CA7
S21418B4000006E189822C00072401E18A3001E04811
S21418B4108042004000013200E059194000061941E8
S21418B42000076000FE3A7200122C0006E189822C92
S21418B43000072401E18A3001E048804200400002FB
S21418B4403200E05919400006194100076000FF66EF
S21418B4502A6EFFC02F2A00142F2B00102F0D4EB95E
S21418B46000195D644FEF000C0CAE98393BC0FF8C8A
S21418B470660E4215422D0001422D0002422D000391
S21418B480226EFFBC720B8391486EFFB4226A0024AA
S21418B4902F114BF9001885D24E952C00508F67182F
S21418B4A0206EFFAC70FCC190486EFFA4206A002482
S21418B4B02F104E956000FDEA2682D9C79FAEFF90E2
S21418B4C052AEFF886000FB9A7604600003DE2648BA
S21418B4D020680008600003DC327CFFEC600004B2D1
S21418B4E07008B08366202F2B00042F134EB900184F
S21418B4F08EC6508F2A802B410004DBC39483266E99
S21418B500FF9C600003C62F2B00044EB900188EE26D
S21418B510588F2A8060E42845242C001C486C0008A4
S21418B5202F024EB90018AAB42F0042A7486EFFDCA7
S21418B53020422F2800244EB900189CDA2C004FEF12
S21418B54000186600F9A0286EFFE818BCFF98197C4A
S21418B55000390001197C003B0002197CFFC000036B
S21418B560197C00020004422C0005422C0006422CCE
S21418B570000722452F114BF900188EE24E95588F6A
S21418B580220042414841E049194100082200424140
S21418B5904841194100092200E0891941000A19405A
S21418B5A0000B20422628002422430CA901FFFFFF87
S21418B5B00026634008290000004A6738197C0001F5
S21418B5C0000C197C0004000D20452F2800104E95FD
S21418B5D0588F220042414841E04919410010220084
S21418B5E042414841194100112200E08919410012D0
S21418B5F0194000137C22DC832F06283C001893BAC7
S21418B60022444E91588F4A806744422C000C422C94
S21418B610000D2F0620444E90588F4A806700011858
S21418B6202F0C2F034EB90018953E508F220042411A
S21418B6304841E04919410010220042414841194149
S21418B64000112200E0891941001219400013206EDB
S21418B650FFE4700B8190486EFFDC224220690024BC
S21418B6602F10243C001885D228424E94508F4A80BA
S21418B6706600042252AA0010224520690028B0FC51
S21418B6800000660000B8283C0018937649F90018A0
S21418B6909A702C3C0018FA1C2E3C0018A7D8B6FC3A
S21418B6A00000670000A22F0B22444E9126002EABF6
S21418B6B000042F132F0A4E944FEF000C4A80677021
S21418B6C0224020690028206800042650B6FC000096
S21418B6D0675E4878001042A7486EFFDC4EB900191E
S21418B6E05DD4206B00182F2800042F10486EFFDC3E
S21418B6F0206A002420502F28001420464E902F0B26
S21418B70042A72F00206A002420502F2800142D400E
S21418B710FF6E22474E914FEF002C202EFF6E6710BB
S21418B720486EFFDC206A00242F1020424E90508F5F
S21418B73026436000FF6A70006000FEF22648206804
S21418B74000086000FF3A2845222C000C4AAA001868
S21418B750660000C82C01266A002449F9001892E4ED
S21418B7602045262800044A816760254300042F2BAD
S21418B77000324E95588F2400B08362102F2B003657
S21418B7804E95588F9480968225430004224525515D
S21418B790000C2F0A4E942F2A00244EB900189B9A94
S21418B7A0284542AC0030206A001C29480034208501
S21418B7B07030D0852540001C2F052F0A4EB900186A
S21418B7C0AB4A4FEF0010600002C6D6A80008254303
S21418B7D000042F2B00324E95588F2400B083621029
S21418B7E02F2B00364E95588F94809682254300044A
S21418B7F02045201052802540000C2F0A4E9442A750
S21418B8002F052F0A4EB90018A3CA4FEF00102006AE
S21418B8104CEE3CFCFF444E5E4E7542AC0030206A3F
S21418B820001C2948003420857030D0852540001C1F
S21418B8302C0167DA2F052F0A4EB90018AB4A508F1D
S21418B8406000024C4AAEFF98672E2F2EFF9C2F2AB8
S21418B85000244EB900189B0C224523420010486E4F
S21418B860FFA4206A00242F104EB9001885D22C0089
S21418B8704FEF00106600F66E4878001042A7486E24
S21418B880FFDC47F900195DD44E93206A00244FEF69
S21418B890000C0CA801FFFFFF00266300FC2C0828EC
S21418B8A00001004A6700FC2276082845206C00280C
S21418B8B097CBB0FC00006600FC167C009BCD780089
S21418B8C07400200550802D40FF98B6FC00006700D5
S21418B8D0013A2F0B4EB900189376588F2D40FF9CBF
S21418B8E02E3C00189B0C4A84660000C02F2EFF982A
S21418B8F02F0A4EB90018AAB428002F0042A7486E7F
S21418B900FFDC2F2A00244EB900189CDA2C004FEFC3
S21418B91000186600F5D0286EFFE818BCFF98197C4A
S21418B92000390001197C003B0002197CFFC0000397
S21418B930197C00050004422C0005422C0006422CF7
S21418B940000720452F104EB900188EE222004241FB
S21418B9504841E0491941000822004241484119412E
S21418B96000092200E0891941000A1940000B4BEC27
S21418B9700010242A00147022D0AA00242E804EB953
S21418B980001893BA588F4A806600FB4E327CFFF038
S21418B990D3C2240920454AA800046604214400049A
S21418B9A0226EFFE4700B81912C0CB6826F00FB326E
S21418B9B0222A001492822F014EB900188EE2220015
S21418B9C042414841E04920461141000C22004241BC
S21418B9D048411141000D2200E0891141000E114026
S21418B9E0000F2E862F2A002422474E91486EFFDC21
S21418B9F0206A00242F104EB9001885D22C004FEF5D
S21418BA0000106700FEE86000F4DC4A84675E4A8629
S21418BA106734222A001492822F014EB900188EE23B
S21418BA20588F220042414841E04920461141000CF7
S21418BA302200424148411141000D2200E08911417F
S21418BA40000E1140000F2F062F2A00244EB900189A
S21418BA509B0C486EFFDC206A00242F104EB9001885
S21418BA6085D22C004FEF00106600F47A22454AA9BA
S21418BA7000206600FAA24AA900286600FA9A42A789
S21418BA802F052F0A4EB90018A3CA4FEF000C7C00DA
S21418BA906000FD7C2C006000F44C4E560000222EF0
S21418BAA0000C2001E688206E0008D1C07007C280FE
S21418BAB07001E3A881104E5E4E754E5600002F0A90
S21418BAC02F02242E000808020000674C4EB90018F2
S21418BAD0040808000008674048790019F5DF487917
S21418BAE00019E88B45F9001951844E924878008E53
S21418BAF048790019E88E4E9248790019F5E94EB93A
S21418BB00001952762079001A09EA2F2800084EB92B
S21418BB10001949704FEF001808020001674C4EB91B
S21418BB200018040808000008674048790019F5DF6F
S21418BB3048790019E88B45F9001951844E924878CF
S21418BB40009048790019E88E4E9248790019F5F554
S21418BB504EB9001952762079001A09EA2F280008DB
S21418BB604EB9001949704FEF001844C2664C4EB9CA
S21418BB700018040808000008674048790019F5DF1F
S21418BB8048790019E88B45F9001951844E9248787F
S21418BB90009248790019E88E4E9248790019F5FEF9
S21418BBA04EB9001952762079001A09EA2F2800088B
S21418BBB04EB9001949704FEF001844C26A4C4EB976
S21418BBC00018040808000008674048790019F5DFCF
S21418BBD048790019E88B45F9001951844E9248782F
S21418BBE0009448790019E88E4E9248790019F6069E
S21418BBF04EB9001952762079001A09EA2F2800083B
S21418BC004EB9001949704FEF001808020004674C27
S21418BC104EB900180408080000086740487900194B
S21418BC20F5DF48790019E88B45F9001951844E92CA
S21418BC304878009648790019E88E4E924879001987
S21418BC40F6124EB9001952762079001A09EA2F28EA
S21418BC5000084EB9001949704FEF00180802000680
S21418BC60674C4EB900180408080000086740487961
S21418BC700019F5DF48790019E88B45F90019518441
S21418BC804E924878009848790019E88E4E9248796E
S21418BC900019F61A4EB9001952762079001A09EAD0
S21418BCA02F2800084EB9001949704FEF00184A029D
S21418BCB06C4C4EB90018040808000008674048790C
S21418BCC00019F5DF48790019E88B45F900195184F1
S21418BCD04E924878009A48790019E88E4E9248791C
S21418BCE00019F6224EB9001952762079001A09EA78
S21418BCF02F2800084EB9001949704FEF001808028F
S21418BD000008674C4EB90018040808000008674079
S21418BD1048790019F5DF48790019E88B45F90019B4
S21418BD2051844E924878009C48790019E88E4E92B5
S21418BD3048790019F6284EB9001952762079001A53
S21418BD4009EA2F2800084EB9001949704FEF001855
S21418BD5008020009674C4EB90018040808000008C5
S21418BD60674048790019F5DF48790019E88B45F9D6
S21418BD70001951844E924878009E48790019E88E2A
S21418BD804E9248790019F62C4EB900195276207939
S21418BD90001A09EA2F2800084EB9001949704FEF03
S21418BDA000180802000A674C4EB900180408080064
S21418BDB00008674048790019F5DF48790019E88BBC
S21418BDC045F9001951844E92487800A04879001910
S21418BDD0E88E4E9248790019F6344EB90019527604
S21418BDE02079001A09EA2F2800084EB90019497058
S21418BDF04FEF00180802000C674C4EB900180408DC
S21418BE0008000008674048790019F5DF48790019D6
S21418BE10E88B45F9001951844E92487800A2487963
S21418BE200019E88E4E9248790019F63D4EB9001959
S21418BE3052762079001A09EA2F2800084EB90019F8
S21418BE4049704FEF00180802000D674C4EB90018DD
S21418BE50040808000008674048790019F5DF487993
S21418BE600019E88B45F9001951844E92487800A4B9
S21418BE7048790019E88E4E9248790019F6454EB959
S21418BE80001952762079001A09EA2F2800084EB9A8
S21418BE90001949704FEF00180802000E674C4EB98B
S21418BEA00018040808000008674048790019F5DFEC
S21418BEB048790019E88B45F9001951844E9248784C
S21418BEC000A648790019E88E4E9248790019F64F60
S21418BED04EB9001952762079001A09EA2F28000858
S21418BEE04EB9001949704FEF00184A426C584EB9AF
S21418BEF00018040808000008674C48790019F5DF90
S21418BF0048790019E88B45F9001951844E924878FB
S21418BF1000A848790019E88E4E9248790019F65804
S21418BF204EB9001952764FEF00142079001A09EA14
S21418BF302D6800080008242EFFF8246EFFFC4E5EBD
S21418BF404EF900194970242EFFF8246EFFFC4E5E39
S21418BF504E754E5600002F0A2F02242E000808028F
S21418BF600000674C4EB9001804080800000867401F
S21418BF7048790019F5DF48790019E88B45F9001952
S21418BF8051844E92487800BD48790019E88E4E9232
S21418BF9048790019F6644EB9001952762079001AB5
S21418BFA009EA2F2800084EB9001949704FEF0018F3
S21418BFB008020001674C4EB900180408080000086B
S21418BFC0674048790019F5DF48790019E88B45F974
S21418BFD0001951844E92487800BF48790019E88EA7
S21418BFE04E9248790019F6714EB900195276207992
S21418BFF0001A09EA2F2800084EB9001949704FEFA1
S21418C000001844C2664C4EB9001804080800000808
S21418C010674048790019F5DF48790019E88B45F923
S21418C020001951844E92487800C148790019E88E54
S21418C0304E9248790019F67C4EB900195276207936
S21418C040001A09EA2F2800084EB9001949704FEF50
S21418C050001844C26A4C4EB90018040808000008B4
S21418C060674048790019F5DF48790019E88B45F9D3
S21418C070001951844E92487800C348790019E88E02
S21418C0804E9248790019F6864EB9001952762079DC
S21418C090001A09EA2F2800084EB9001949704FEF00
S21418C0A0001808020004674C4EB900180408080067
S21418C0B00008674048790019F5DF48790019E88BB9
S21418C0C045F9001951844E92487800C548790019E8
S21418C0D0E88E4E9248790019F6904EB900195276A5
S21418C0E02079001A09EA2F2800084EB90019497055
S21418C0F04FEF001808020005674C4EB900180408E0
S21418C10008000008674048790019F5DF48790019D3
S21418C110E88B45F9001951844E92487800C748793B
S21418C1200019E88E4E9248790019F6994EB90019FA
S21418C13052762079001A09EA2F2800084EB90019F5
S21418C14049704FEF001808020006674C4EB90018E1
S21418C150040808000008674048790019F5DF487990
S21418C1600019E88B45F9001951844E92487800C991
S21418C17048790019E88E4E9248790019F6A34EB9F8
S21418C180001952762079001A09EA2F2800084EB9A5
S21418C190001949704FEF001808020008674C4EB98E
S21418C1A00018040808000008674048790019F5DFE9
S21418C1B048790019E88B45F9001951844E92487849
S21418C1C000CB48790019E88E4E9248790019F6AFD8
S21418C1D04EB9001952762079001A09EA2F28000855
S21418C1E04EB9001949704FEF001808020009674C3D
S21418C1F04EB9001804080800000867404879001966
S21418C200F5DF48790019E88B45F9001951844E92E4
S21418C210487800CD48790019E88E4E92487900196A
S21418C220F6B54EB9001952762079001A09EA2F2861
S21418C23000084EB9001949704FEF00180802000A96
S21418C24067584EB90018040808000008674C487963
S21418C2500019F5DF48790019E88B45F9001951845B
S21418C2604E92487800CF48790019E88E4E92487951
S21418C2700019F6BE4EB9001952764FEF0014207901
S21418C280001A09EA2D6800080008242EFFF8246E04
S21418C290FFFC4E5E4EF900194970242EFFF8246EE6
S21418C2A0FFFC4E5E4E754E56FFF448E73C38246E3B
S21418C2B00008266A0014082B0002006C670000AEFF
S21418C2C0260B5C837400142B005EE18A842B005FB7
S21418C2D02D6A0018FFF82F2A00104EB9001856CAF3
S21418C2E02D40FFFC2F2A00102F034EB9001852704D
S21418C2F02A0042A72F2A00102F0349F9001852B017
S21418C3004E9448780010486B006E4878FFFF47F93F
S21418C310001851004E934FEF002448780004486EDA
S21418C320FFF82F004E9348780004486EFFFC2F0045
S21418C3304E932F022F2A00102F004E934FEF0020F7
S21418C3402E852F2A00102F032D40FFF44E944FEF02
S21418C350000C202EFFF40C420080660602800000B7
S21418C360FFFF4CEE1C3CFFD84E5E4E75700060F218
S21418C3704E56FFE848E73F3C246E0008242E000C73
S21418C380286E00102A6E00141D6E001BFFEC266A1D
S21418C39000142F2A0010486B00064EB9001859CC06
S21418C3A0508F260086816612429442AC00047000B4
S21418C3B04CEE3CFCFFC04E5E4E75082B000600691E
S21418C3C067722F3C000800002F2A00104EB900187C
S21418C3D05A96508F4A00675C42A7200D7200460195
S21418C3E0C0812F00486EFFF0487800012F022F0AF0
S21418C3F04EB9001929244FEF00184A8066B228AEA5
S21418C400FFF0296EFFF40004262EFFF086AEFFF428
S21418C410669E4A2EFFEC6698487805634879001998
S21418C420F6CC48790019E85B4EB9001951844FEFDD
S21418C430000C60FE226A0010700BB08265162F0280
S21418C4402F094EB90018584C294000044294508FB2
S21418C4506000FF5C41EB040E76012E027C0020186B
S21418C4602218928791866200008E52837204B283D5
S21418C47066EC70056000FF3AD281D281206EFFFC10
S21418C4802A30180078002F032F2B000220464E90D3
S21418C490508F4A806600FF1A220482856700FF0ABA
S21418C4A0B5EEFFEC67462F2A00042F122F0242A77C
S21418C4B04EB90019D3AC4FEF001024012F222F22AB
S21418C4C02F012F004E954FEF00102F052F042F0326
S21418C4D02F2B00022D41FFE820474E904FEF0010FB
S21418C4E0222EFFE84A8067906000FEC628842945F9
S21418C4F000046000FEBC2C0353862006E78845F32C
S21418C50008002E2A040A2F062F094EB9001858CCF0
S21418C5102A007800508F200480856700FE8C948748
S21418C5204BF90019CE4C2F2A042A2F2A04262F023C
S21418C53042A74E954FEF0010E78B244345EA041E9A
S21418C54045F3A80041EB04262D48FFEC76F0D68E6E
S21418C5502E3C001869642C3C001885D26000FF6CCD
S21418C5604E56FFFC48E7203C246E0008206E000C50
S21418C570266E00107200122A0064E14948414241B2
S21418C5807000102A00654840424082807000102AC9
S21418C5900066E1888081802A00670800000A675ACA
S21418C5A02A4E2B08342B001E426B001E48780010AB
S21418C5B0486A00684878FFFF49F9001851004E94F9
S21418C5C0487800042F0D2F004E947200122A00FE91
S21418C5D0E189822A00FF0C410020640272203F0184
S21418C5E042672F0B2F004E943742001E4FEF002441
S21418C5F04CEE3C04FFE84E5E4E7508000004677665
S21418C6002A4E2B0848780010486A00682F3C00000D
S21418C610FFFF49F900188E844E94487800042F0DB1
S21418C6203F0042674E944878001E2F0B3F00426723
S21418C6304E944FEF00244A2A00636CB47200122AF4
S21418C64000FEE189822A00FF0C4100206402722055
S21418C65002810000FFFF307C0020B28863922041E0
S21418C6604868FFE0486B00203F0042674E944FEF43
S21418C670000C6000FF7C42406000FF764E560000BB
S21418C68048E7303C266E0008262E000CB6FC000044
S21418C69067044A83661C487800D448790019F6CC93
S21418C6A048790019E85B4EB9001951844FEF000C11
S21418C6B060FE4AAB0052660A2043421070006000C3
S21418C6C0032E45F9001804084E9208000008674023
S21418C6D048790019F5DF48790019E88B49F90019E7
S21418C6E051844E94487800DB48790019E88E4E94A9
S21418C6F048790019F6E04EB9001952762079001AD2
S21418C70009EA2F2800084EB9001949704FEF00188B
S21418C7102F2B00664BF90018BABA4E954E92588FC2
S21418C72008000008674048790019F5DF48790019AD
S21418C730E88B49F9001951844E94487800DE4879F8
S21418C7400019E88E4E9448790019F7064EB9001964
S21418C75052762079001A09EA2F2800084EB90019CF
S21418C76049704FEF0018242B006208020000674833
S21418C7704E9208000008674048790019F5DF487996
S21418C7800019E88B49F9001951844E94487800AD81
S21418C79048790019E88E4E9448790019F72A4EB948
S21418C7A0001952762079001A09EA2F2800084EB97F
S21418C7B0001949704FEF00180802000167484E929A
S21418C7C008000008674048790019F5DF487900190D
S21418C7D0E88B49F9001951844E94487800AF487987
S21418C7E00019E88E4E9448790019F7374EB9001993
S21418C7F052762079001A09EA2F2800084EB900192F
S21418C80049704FEF001844C266484E920800000858
S21418C810674048790019F5DF48790019E88B49F917
S21418C820001951844E94487800B148790019E88E5A
S21418C8304E9448790019F7454EB900195276207962
S21418C840001A09EA2F2800084EB9001949704FEF48
S21418C850001844C26A484E92080000086740487993
S21418C8600019F5DF48790019E88B49F90019518441
S21418C8704E94487800B348790019E88E4E94487953
S21418C8800019F7514EB9001952762079001A09EA9C
S21418C8902F2800084EB9001949704FEF00180802E3
S21418C8A0000467484E920800000867404879001947
S21418C8B0F5DF48790019E88B49F9001951844E9428
S21418C8C0487800B548790019E88E4E9448790019CA
S21418C8D0F75A4EB9001952762079001A09EA2F2805
S21418C8E000084EB9001949704FEF001808020005E5
S21418C8F067484E9208000008674048790019F5DF27
S21418C90048790019E88B49F9001951844E944878EB
S21418C91000B748790019E88E4E9448790019F767D9
S21418C9204EB9001952762079001A09EA2F280008FD
S21418C9304EB9001949704FEF00184E9208000008BB
S21418C940674048790019F5DF48790019E88B49F9E6
S21418C950001951844E94487800E148790019E88EF9
S21418C9604E9448790019F7714EB900195276207905
S21418C970001A09EA2F2800084EB9001949704FEF17
S21418C98000182F2B006A49F90018BF524E94242B12
S21418C99000660242FC29588F4A82675C4E9208004D
S21418C9A00008674048790019F5DF48790019E88BC0
S21418C9B045F9001951844E92487800E948790019CB
S21418C9C0E88E4E9248790019F7944EB900195276A7
S21418C9D02079001A09EA2F2800084EB9001949705C
S21418C9E04FEF00182F024E95588F707946004CEE70
S21418C9F03C0CFFE84E5E4E75242B006A0242FB8400
S21418CA004A826700FCB44E920800000867404879CE
S21418CA100019F5DF48790019E88B45F90019518493
S21418CA204E92487800F348790019E88E4E92487965
S21418CA300019F7CA4EB9001952762079001A09EA71
S21418CA402F2800084EB9001949704FEF00182F020A
S21418CA504E94204310BC0001588F6000FC604E5660
S21418CA60FFF848E73F3C246E0008202E000C222EC4
S21418CA7000101D41FFFEB4FC000067044A80661CC7
S21418CA804878004448790019F6CC48790019E85BCC
S21418CA904EB9001951844FEF000C60FE2540000275
S21418CAA01481260A5C832F032F004EB900187FAC1A
S21418CAB02400508F660001442F034EB900187FCC0F
S21418CAC0588F747946024A00670001307200122A9D
S21418CAD0001EE149484142417000102A001F484094
S21418CAE0424082807000102A0020E1888081802AC7
S21418CAF000212C3C00000400E1AE0C86000100006A
S21418CB0062000104486EFFFE2F0A4EB90018C67C54
S21418CB102400508F660000E44A2EFFFE670414BCFB
S21418CB200001E48E42AA0406257C0000000C040AC4
S21418CB3042AA0426257C00000001042A47EA0406B7
S21418CB4041EA041E2D48FFFA2A0678004BF9001908
S21418CB50CD58284B2F2B00242F2B00202F052F04C1
S21418CB604E954FEF0010274000282741002C508B79
S21418CB702C142E2C0004DE81DD8026862747000420
S21418CB80B7EEFFFA66CC082A00010041674C4EB98A
S21418CB900018040808000008674048790019F5DFEF
S21418CBA048790019E88B47F9001951844E9348784C
S21418CBB0006D48790019E88E4E9348790019F7FDEC
S21418CBC04EB9001952762079001A09EA2F2800085B
S21418CBD04EB9001949704FEF00184A12661C357C7A
S21418CBE0000200402F032F2A00024EB900187F4675
S21418CBF02400508F6604526A003A20024CEE3CFC21
S21418CC00FFD04E5E4E75740660F04E56FF9848E795
S21418CC103F3C266E00082C2E000C246E00107E005A
S21418CC201E2B001EE14F484742477000102B001F6E
S21418CC30484042408E807000102B0020E188808784
S21418CC40802B0021223C00000400E1A97000102B64
S21418CC500104E188802B01050C4000206402702036
S21418CC604BF90019C1803F0042672F012D48FF9CE1
S21418CC702D49FF984E95508F28402E0B5C872F0015
S21418CC802F064E95508F2A40082B00040069672CF3
S21418CC907200122B010AE149484142417000102BDC
S21418CCA0010B4840424080817200122B010CE1892A
S21418CCB08280822B010DB28D630004C47400142B7D
S21418CCC0001AE14A484242427200122B001B4841A1
S21418CCD0424182827000102B001CE1888081802BD4
S21418CCE0001D4BF50801224D91C87600162B01043D
S21418CCF0E18B862B01052F092F082F0A2F2B0002F0
S21418CD004EB9001869642D40FFD44FEF0010660026
S21418CD1004602F0C2F064EB90019C20C508F0C4306
S21418CD200020640276203F0342672F004EB9001990
S21418CD30C15C508F286A000CD9C0254C0010254BB2
S21418CD40001425460018422A001C082B0002006C06
S21418CD5067602F0C2F062F074EB90018C5604FEFC7
S21418CD60000CB06C001E674A4EB90018040808007C
S21418CD700008673E48790019F5DF48790019E88BEE
S21418CD804BF9001951844E95487802554879001980
S21418CD90E88E4E952F0648790019F8314E95207969
S21418CDA0001A09EA2F2800084EB9001949704FEFE3
S21418CDB0001C082C000100136700051C2A6A0014C2
S21418CDC02E0D5C87206A00107000102D005EE1881A
S21418CDD0802D005F2D40FFA07200122D001EE14925
S21418CDE0484142417800182D001F48444244828426
S21418CDF07800182D0020E18C8881882D0021740079
S21418CE00142D002EE14A484242427000102D002F81
S21418CE104840424084807000102D0030E18880829F
S21418CE20802D00312D40FFA42D50FFDC42AEFFD8D8
S21418CE307000102D0104E188802D01050C4000209B
S21418CE4063062D680020FFD82D680004FFD042AE78
S21418CE50FFCC0C40002063062D680024FFCC2D68FC
S21418CE600008FFEC42AEFFE80C40002063062D6871
S21418CE700028FFE82F2A00182F074EB900186C94C0
S21418CE802D41FFBC7400142D0104E18A842D010580
S21418CE907000102D0066E148484042407600162D76
S21418CEA000674843424380837600162D0068E18B5E
S21418CEB08680862D00692D43FFB82F2EFFDC2F2E77
S21418CEC0FFD8486EFFF0206A00142F2800024EB9CB
S21418CED00018695826004FEF001866000282203C9A
S21418CEE000000400E9A82D40FFC02F0042A72F2EEF
S21418CEF0FFFC4EB900195DD42F2A00182F074EB91B
S21418CF00001881E616004FEF0014082E0004FFBB29
S21418CF106754282A00180C420020640274203F0226
S21418CF2042672F2EFFC04EB90019C180508F7A0065
S21418CF301A2D010AE14D484542457400142D010B7F
S21418CF404842424284857200122D010CE189828281
S21418CF50822D010D2F012F004EB90019C15C508F7C
S21418CF60B880640002E44A036600029E282A001865
S21418CF702F072A3C00187D7C20454E905380588FEA
S21418CF807C001C2D00267600162D00277200122D08
S21418CF9000287400142D00292042B084660002BEB2
S21418CFA07000102D000AE148484042407800182DBD
S21418CFB0000B4844424488807400142D000CE18A03
S21418CFC08484842D000D7000102D001AE148484006
S21418CFD042407800182D001B484442448880700050
S21418CFE0102D001CE1888084802D001D2802988052
S21418CFF0E14E48464246484342438C832401E18A20
S21418D0008486200884802F0720454E902F02538050
S21418D0102F004EB90019C15C240494804FEF000C01
S21418D020262EFFB8028300000200282A00182F2E8A
S21418D030FFDC2F2EFFD82F074EB900186C044FEFC1
S21418D040000CB08466000572222EFFDC92AEFFBC80
S21418D0502F012F2EFFFC4EB90018BA9A508F282A87
S21418D06000182F2EFFD02F2EFFCC2F074EB90018E2
S21418D0706C044FEF000CB084660005482C2EFFD0C9
S21418D0809CAEFFBC2F062F2EFFFC4EB90018BA9A7E
S21418D090508F2F2EFFA42F2EFFA04EB90019C15C5B
S21418D0A0588F2EAEFFC02F004EB90019C180508F72
S21418D0B02D40FFB442AEFFB0282EFFB02A2EFFB484
S21418D0C0202EFFE8DAAEFFECD9804BF900186C0476
S21418D0D0202EFFE8222EFFEC928591846500019899
S21418D0E0282EFFC0E78CB4846C382A2EFFFC260244
S21418D0F05E8372F8C6814BF90018BA9AB682620037
S21418D10001BCB4846C1C9882E6842F04487800FF0F
S21418D110E6822045487028004EB900195DD44FEFB6
S21418D120000C2F2EFFF84EB9001869042F2EFFFC9E
S21418D1302F2A00102F074EB900186D22157C0001F3
S21418D140001C486EFFF0206A00142F2800024EB903
S21418D150001885D226004FEF00186700016E2F0AB8
S21418D1602F2B00024EB9001885D2508F2D43FFD4AE
S21418D170202EFFD44CEE3CFCFF704E5E4E752F06EC
S21418D1802F074EB9001881E63A407200122B002677
S21418D190E149484142417000102B00274840424060
S21418D1A082807000102B0028E1888081802B00294F
S21418D1B02F0642A72F0042A74EB90019CD58740063
S21418D1C0142B001AE14A484242427600162B001BDE
S21418D1D04843424386827400142B001CE18A8483D9
S21418D1E0842B001D26027400D283D182360D7A0055
S21418D1F01A03780024002601D685D58420422243B7
S21418D2004FEF00186000FAE42F2A00182F074EB9BF
S21418D2100018820C7200122D00D4E189822D00D5D8
S21418D220204041F018012608508F7800243C00183A
S21418D230BA9AB6846700FD362F042F2EFFFC2042BC
S21418D2404E905284508F60EA2F042F074EB900185C
S21418D250820C0283000000FFD68060CCE14E484660
S21418D26042464843424386862401E18A848320083E
S21418D27084806000FDAC2C2A00182F2EFFEC2F2E71
S21418D280FFE82F074E954FEF000CB0866600033E5A
S21418D290222EFFEC92AEFFBC2F012F2EFFFC4EB9AC
S21418D2A00018BA9A508F42807201D3AEFFEC2C2E1B
S21418D2B0FFE8DD802D46FFE86000FE162F022F05DA
S21418D2C04E955282508F6000FE34026CFFFD00129D
S21418D2D0157C0001001C082C000000136700FE9245
S21418D2E02A6A0014282A001020442D680004FFC853
S21418D2F042AEFFC47000102D0104E188802D010590
S21418D3000C40002063062D680024FFC42F2EFFC88B
S21418D3102F2EFFC47AF0DA8E2F052F2D0002243C0C
S21418D3200018695820424E902D40FFD44FEF001039
S21418D330660000E47200122D001EE1494841424181
S21418D3407000102D001F4840424082807000102D3B
S21418D3500020E1888081802D00212C3C00000400EC
S21418D360E1AE7200122D002EE14948414241740088
S21418D370142D002F4842424282827400142D003029
S21418D380E18A8481842D003126025E832003E68894
S21418D3902F0042A72F2EFFFC41F900195DD42D4807
S21418D3A0FF9C4E902E06E78F4FEF000C70F8C68045
S21418D3B02C3C0018BA9AB6826272B487641E2C0780
S21418D3C09C82E68E2F06487800FFE68AD4AEFFFCCD
S21418D3D02F024EB900195DD44FEF000C2F2EFFF810
S21418D3E04EB9001869042F2EFFFC2F04486D00064E
S21418D3F04EB90018620E157C0001001C2F05206A15
S21418D40000142F2800024EB9001885D22D40FFD4DC
S21418D4104FEF001867282F0A206A00142F280002DA
S21418D4204EB9001885D2508F6000FD462F022F2E59
S21418D430FFFC20464E905282508F6000FF7A302CA8
S21418D440001232000241FFFE3941001244C0670044
S21418D45000EA2A6A0014262A00107400142D001EEA
S21418D460E14A484242427000102D001F4840424090
S21418D47084807000102D0020E1888082802D002185
S21418D480283C00000400E1AC7000102D005EE18816
S21418D4902C3C0019C180802D005F2F002F042046D9
S21418D4A04E90508F24002F2A0018486D00064EB94B
S21418D4B000187EC22E002F022F0020464E90508F46
S21418D4C02C002F022F074EB90019C20C4FEF001070
S21418D4D04A806702528620432D680008FFE442AE51
S21418D4E0FFE07000102D0104E188802D01050C4026
S21418D4F0002063062D680028FFE02D46FFAC42AEDC
S21418D500FFA8242EFFA8262EFFAC428053839580B2
S21418D510222EFFE0D6AEFFE4D5814BF90018690439
S21418D5202E3C001885D2202EFFE0222EFFE4928390
S21418D53091826310006C00040012157C0001001C18
S21418D5406000FC2E2F2EFFE42F2EFFE02F05206AFA
S21418D55000142F2800024EB9001869582C004FEFF7
S21418D5600010663E2F0442A72F2EFFFC4EB9001956
S21418D5705DD42F2EFFF84E952F05206A00142F28FD
S21418D580000220474E902C004FEF00186614428079
S21418D5907201D3AEFFE42C2EFFE0DD802D46FFE0AF
S21418D5A060842F0A2F2B00024EB9001885D2508F90
S21418D5B02D46FFD46000FBBA4A836700FA8C6000D9
S21418D5C0FA9E4A836700FAB66000FAC84A8366006D
S21418D5D0FCD66000FCBC4E5600002F0A246E0008CD
S21418D5E04A2A001C672C2F2A00102F2A0018202AD7
S21418D5F000145C802F004EB90018C560206A001011
S21418D6003140001E2F2A00084EB9001869044FEF43
S21418D61000102F0A206A00142F2800024EB900188E
S21418D62085D2246EFFFC4E5E4E754E56FFDC48E7DC
S21418D6303F3C246E0008266E00101D6E0017FFE192
S21418D6402A6A002E286E000C538C74E2D48E2F0291
S21418D65041F90019C1802F0D2F0C2D48FFDC4E9074
S21418D660588F2E802F0A4EB90018CC0A26004FEF76
S21418D670000C66000148206EFFF22A280008780081
S21418D6807000102A0104E188802A01050C40002049
S21418D6906304282800282F024EB90018D5D626006D
S21418D6A0588F660001187200122A001EE149484178
S21418D6B042417000102A001F484042408280700085
S21418D6C0102A0020E1888081802A0021243C00004E
S21418D6D00400E1AA2F0D2F0C4EB90019C20C508F5A
S21418D6E07200322A005E2F012F004EB90019C15C55
S21418D6F0508F28402F022F004EB90019C180508F26
S21418D7002E007C0020062207D285D1842F012F00F8
S21418D7102F0B2F2A00024EB90018696426004FEF07
S21418D72000106600009820025380220CC081D0ABEF
S21418D730000C27400010276E000C0018274A00140B
S21418D740422B001C4A2EFFE16772082A0002006C62
S21418D750676A2F00486A00064EB9001852702400EF
S21418D7602F0B4EB90018C2A64FEF000CB082674CAC
S21418D7704EB90018040808000008674048790019D0
S21418D780F5DF48790019E88B45F9001951844E924F
S21418D7904878030C48790019E88E4E922F2B0018FB
S21418D7A048790019F8784E922079001A09EA2F2835
S21418D7B000084EB9001949704FEF001C20034CEEB4
S21418D7C03CFCFFB44E5E4E754E560000487800017D
S21418D7D02F2E00102F2E000C2F2E00084EB90018D2
S21418D7E0D62A4E5E4E754E5600002F0B2F0A246E04
S21418D7F000084A2A001C6734266A0014082B000200
S21418D800006C671C2F0A4EB90018C2A62F002F2AC4
S21418D8100010486B00064EB9001852B04FEF0010B3
S21418D8202F2A00084EB900186904588F2F0A206A44
S21418D83000142F2800024EB9001885D2246EFFF85F
S21418D840266EFFFC4E5E4E754E56000048E720309A
S21418D850266E0008246E000C242A00102F02486B2F
S21418D86000064EB9001859AE508F0C8000004000C4
S21418D87067080C80000080006628082B00060069E0
S21418D880671A2F3C000800002F024EB900185B2CB0
S21418D8902F0A4EB900190C324FEF000C157C0001F8
S21418D8A0001C4CEE0C04FFF44E5E4E754E560000EF
S21418D8B02F02222E00085381303C80007406B48153
S21418D8C0650CD28141F90019F8B230301800028080
S21418D8D00000FFFF241F4E5E4E754E56FFFC48E7AD
S21418D8E03C3C266E0008286E000C282E00103A2B9A
S21418D8F0005E7002B08457C2488248C244822F0223
S21418D900486EFFFC2F0B4EB9001864CE26004FEF5A
S21418D910000C662A42A72F0C2F2EFFFC2F0B4EB991
S21418D9200018D62A26004FEF0010671E2F022F2E3B
S21418D930FFFC2F0B4EB9001862684FEF000C20033F
S21418D9404CEE3C3CFFDC4E5E4E75246C00103F05DA
S21418D950426742A72F0A4BF900195DD44E954FEF30
S21418D960000C203C000041FF7202B284671A203C6B
S21418D9700000A1FF7207B284670E2F044EB9001874
S21418D980D8AC588F004001B6240B5C822F002F0AA3
S21418D9902F024EB90018519E42A72F0A4EB90018EA
S21418D9A053E842A72F0A4EB9001851FC42A72F0A6F
S21418D9B04EB9001853B84FEF0020429742A72F0AC7
S21418D9C04EB90018521442A72F0A4EB9001852F032
S21418D9D042A72F0A4EB90018532242A72F0A4EB94B
S21418D9E0001853544FEF002042972F0A4EB90018CC
S21418D9F0538642A742A72F0A2F024EB9001854C4BE
S21418DA0042A72F0A4EB9001856984FEF001C429797
S21418DA102F0A4EB9001856FC508F0C450080631616
S21418DA207000302B01642F002F0A2F024EB90018F1
S21418DA30572E4FEF000C4878003C42A7486A00283B
S21418DA404E95197C0001001C6000FEF04E56FFC46F
S21418DA5048E73F3C246E0008266A0014082B000688
S21418DA6000696600016042A72F2A001049F90018BD
S21418DA7058CC4E942E007C00508F20068087660067
S21418DA8001DA7200122B001EE1494841424170002B
S21418DA90102B001F4840424082807000102B002038
S21418DAA0E1888081802B00212C3C00000400E1AE28
S21418DAB0E48E2D46FFCC487800012F2A00104E948D
S21418DAC026007400508F20028083675E2F032F0273
S21418DAD04BEEFFE02F0D2F2B00024EB9001869648D
S21418DAE02C004FEF00106600026C7E00BEAEFFCC16
S21418DAF0660001942F0D2F2B00024EB9001885D200
S21418DB002F032F022F0A4EB900186D7C2C004FEFEA
S21418DB1000146600024042A7487800012F2A001019
S21418DB204EB90018590C4FEF000C487800022F2AEF
S21418DB3000104E942D40FFDC42AEFFD8508F262E94
S21418DB40FFD886AEFFDC670000942F2EFFDC2F2E42
S21418DB50FFD849EEFFE02F0C2F2B00024BF90018C8
S21418DB6069644E952C004FEF0010660001E87400AB
S21418DB7076F0D68E283C00186D7C2A3C001885D284
S21418DB80B4AEFFCC660001422F0C2F2B00024EB904
S21418DB90001885D22F2EFFDC2F2EFFD82F0A4EB94D
S21418DBA000186D7C2C004FEF0014660001A842A7E1
S21418DBB0487800022F2A00104EB90018590C4FEF5B
S21418DBC0000C60182F3C000800002F2A00104EB9D1
S21418DBD000185A96508F4A006700FE8C157C000174
S21418DBE0001C240B5C822F022F2A00104EB9001836
S21418DBF05760508F26008681672A2F012F002F0A1C
S21418DC004EB900186D7C2C004FEF000C66000146CC
S21418DC1042A742A72F022F2A00104EB9001857D82D
S21418DC204FEF0010487840002F2A00102F024EB9E8
S21418DC3000185A764FEF000C41F9001862684A002F
S21418DC406700015A487800012F2A00182F0B4E90AB
S21418DC502C004FEF000C600000FC2F072F062F0A31
S21418DC604EB900186D7C2C004FEF000C660000E6CD
S21418DC7042A742A72F2A00104EB90018590C4FEF8A
S21418DC80000C6000FDFE2007D087D080226EFFECC7
S21418DC902A31080078002004808567262F052F046F
S21418DCA02F0A4EB900186D7C2C004FEF000C671227
S21418DCB02F0D2F2B00024EB9001885D2508F6000FA
S21418DCC0009452876000FE262002D082D080206EF4
S21418DCD0FFEC2D700800FFD442AEFFD0202EFFD0E8
S21418DCE080AEFFD4670000B02F2EFFD42F2EFFD0A3
S21418DCF02F032F2B00024E952C004FEF00106704B1
S21418DD002F0C60AE7E002007D087D080206EFFFCD8
S21418DD102D700800FFC842AEFFC4202EFFC480AE88
S21418DD20FFC8673C2F2EFFC82F2EFFC42F0A20448B
S21418DD304E902C004FEF000C67262F032F2B000257
S21418DD4045F9001885D24E922F0C2F2B00024E92B2
S21418DD504FEF001020064CEE3CFCFF9C4E5E4E75B6
S21418DD605287BEAEFFCC669E2F032F2B000220458F
S21418DD704E902F2EFFD42F2EFFD02F0A20444E90D1
S21418DD802C004FEF0014670E2F0C2F2B0002204587
S21418DD904E906000FF2852826000FDE642A76000A1
S21418DDA0FEA84E56FFD048E73F3C246E0008266A69
S21418DDB00014280B5C842F2A00102F044EB9001864
S21418DDC05B84508F4A00661A48790019F8A24EB933
S21418DDD000195276588F70164CEE3CFCFFA84E5E13
S21418DDE04E752F2A00102F044EB9001859CC2C0047
S21418DDF02E01508F202E000C222E0010928791860E
S21418DE006700008C202E000C222E00109287918618
S21418DE10630848790019F8AA60B42F3C0000A000DF
S21418DE202F2A00102F044EB900185A764FEF000C00
S21418DE304A0067604280723B9287918665562F2A01
S21418DE4000102F044EB900185400508F2A008A81EB
S21418DE506642307C0028D1EA00107C3C9CAE00104C
S21418DE602F0642A7242E000C262E001048703800C5
S21418DE704EB900195DD42F032F022F2A00104EB961
S21418DE8000185214157C0001001C4FEF0018700083
S21418DE906000FF462F2A00102F044EB9001859AEFE
S21418DEA022000241BFFF508F0C8100002000670837
S21418DEB00C800000C000662C206A0010422800283B
S21418DEC0422800294228002A4228002B4228002CE3
S21418DED04228002D4228002E4228002F157C0001CB
S21418DEE0001C60AA7200122B001EE14948414241EC
S21418DEF07000102B001F4840424082807000102B84
S21418DF000020E1888081802B0021223C000004003C
S21418DF10E1A926017400202E000C222E001042843F
S21418DF205381918449F90019CE4C2F032F022800EB
S21418DF302A01DA83D9822F052F044E944FEF00104A
S21418DF402A0170FF72FFD283D1822F032F0224007A
S21418DF502601D687D5862F032F024E944FEF001032
S21418DF6092852D41FFD0082B000600696650780070
S21418DF704BEEFFF0B8AEFFD067602604D685286A49
S21418DF800014082C000600696700008A2F3C000859
S21418DF9000002F2A00104EB900185A96508F4A00C3
S21418DFA067724878044148790019F6CC4879001900
S21418DFB0E85B4EB9001951844FEF000C60FE2F3CF9
S21418DFC0000800002F2A00104EB900185A96508FD5
S21418DFD04A00679A4AAEFFD066202F2E00102F2EC2
S21418DFE0000C2F2A00104EB900185214157C000188
S21418DFF0001C4FEF000C6000FE964878FFFF2F05B8
S21418E0002F0A4EB9001920384FEF000C4A8067CAFD
S21418E0106000FDC6226A00107C0BBC8365522F0375
S21418E0202F092D49FFD44EB90018584C2D40FFE43F
S21418E03042AEFFE0508F226EFFD42E2EFFE08EAE3B
S21418E040FFE4670000F042A72F032F094EB9001807
S21418E050588C2F2EFFE42F2EFFE02F0A4EB90018EB
S21418E0606D7C4FEF00184A80670000CA6000FD6A92
S21418E07041EC040E74012D43FFDC42AEFFD82C2E63
S21418E080FFD82E2EFFDC201822189E819D80650052
S21418E09000CC52827204B28266E470056000FD3AC3
S21418E0A02F2EFFEC2F2EFFE82F0D2F2C00022D41C0
S21418E0B0FFD44EB9001869644FEF0010222EFFD413
S21418E0C04A806600FD14D281D281206EFFFCD1C131
S21418E0D02D50FFEC42AEFFE87001B082660C4290FD
S21418E0E02F2EFFF820474E90588F2F0D2F2C0002FA
S21418E0F020464E90508F4A806600FCDE5382673A60
S21418E1002F2B00042F132F0342A74EB90019D3AC98
S21418E1104FEF001026012F232F232F012F004EB963
S21418E1200019CE4C4FEF0010202EFFE880AEFFEC03
S21418E1306600FF6E52846000FE3C222EFFE882AE18
S21418E140FFEC67F02F2EFFEC2F2EFFE82F0A4EB9A4
S21418E15000186D7C4FEF000C6000FF0C20025380F7
S21418E1602200E78947F4180096AB040A2F002F09F7
S21418E1704EB9001858CC2D40FFEC42AEFFE82F2BB6
S21418E180042A2F2B04262F0342A74EB90019CE4C6B
S21418E1902002E788264047EB041E47F4B8004FEFE6
S21418E1A000182E3C001869042C3C001885D2600014
S21418E1B0FF784E560000206E0008226800142F299B
S21418E1C0002E2028001853802F004EB90019C18041
S21418E1D0508F220070004E5E4E754E56000070002E
S21418E1E0102E00172F0042A72F2E00102F2E000CCF
S21418E1F02F2E00084EB90018C3704E5E4E754E5638
S21418E200FFD448E73F3C286E0008266E000C246CA6
S21418E21000144BEA0006429342AB00042F2C001061
S21418E2202F0D4EB9001859CC2C002E017200122A48
S21418E230001EE149484142417000102A001F48401C
S21418E240424082807000102A0020E1888081802A4F
S21418E2500021223C00000400E1A92A0178002F01C1
S21418E2602F042F072F064EB90019CE4C4FEF00106B
S21418E2702F052F042F072F062D41FFD64EB900194C
S21418E280D3AC4FEF0018206EFFD62800888167029F
S21418E2905288B0FC0000673C42A72F0B4868FFFF67
S21418E2A02F0C4EB90018E1DA4FEF00104A80661AA4
S21418E2B028132A2B000422048285671842817401C9
S21418E2C0D485D3842681274200044CEE3CFCFFAC50
S21418E2D04E5E4E757000102A002EE14848404240A7
S21418E2E07800182A002F4844424480847800182A58
S21418E2F00030E18C8880882A003141F90019C180E5
S21418E3002F04202C001853802F002D48FFD64E902F
S21418E310508F2E007000102A001EE14848404240D8
S21418E3207A001A2A001F4845424580857A001A2A1C
S21418E3300020E18D8A808A2A00217CE2DC8E2F0656
S21418E3402F072F2C00144EB90018CC0A4FEF000CCC
S21418E3504A806600FF76286EFFF22F0D4EB9001819
S21418E3607D7C2D6C0008FFDE42AEFFDA7200122AA2
S21418E3700104E189822A0105588F0C4100206306A2
S21418E3802D6C0028FFDA7200122A005EE18953808D
S21418E390822A005F2A4149F90019C15CB087634E8A
S21418E3A02F042F014E94508F2E00283C0000040096
S21418E3B0EBAC2F042F004EB90019C180508F2600E1
S21418E3C074005384C887670642815283D581202EED
S21418E3D0FFDA222EFFDED283D18226802741000460
S21418E3E02F064EB90018D5D6588F6000FEDE7E0070
S21418E3F01E2A0006E14F484742477200122A0007B5
S21418E4004841424182877E001E2A0008E18F8E818D
S21418E4108E2A00092F002F044E94508F9E802F07A7
S21418E4202F0D4E9460804E560000487800014878AC
S21418E43000012F2E00102F2E000C2F2E00084EB97C
S21418E4400018C3704E5E4E754E56FF9848E73F3C10
S21418E450246E0008206A001449F9001859CC0828B8
S21418E46000060069670000FA2F3C000800002F2AF3
S21418E47000104EB900185A96508F4A00670000E2EE
S21418E480266A00142F2A0010486B00064E947A004D
S21418E4901A2B001EE14D484542457800182B001FE0
S21418E4A0484442448A847800182B0020E18C8885DA
S21418E4B0882B00212A3C00000400E9AD26057400CC
S21418E4C028002A01DA83D9822F032F0270FF72FFE1
S21418E4D0D285D1842F012F004EB90019CE4C4FEF9C
S21418E4E00010206E0010208142A748780001486E60
S21418E4F0FFF0487800012F012F0A4EB90019292479
S21418E5002C004FEF0020664C206E000C20AEFFF05B
S21418E510216EFFF40004202EFFF080AEFFF4661C78
S21418E5204878068148790019F6CC48790019E85BCE
S21418E5304EB9001951844FEF000C60FE2F052F04BA
S21418E5402F2A00104EB900185214157C0001001C12
S21418E5504FEF000C20064CEE3CFCFF704E5E4E75DE
S21418E560266A00142F2A0010486B00064E942D4079
S21418E570FFB02D41FFB47200122B001EE14948412E
S21418E58042417000102B001F4840424082807000A5
S21418E590102B0020E1888081802B0021223C00006F
S21418E5A00400E1A92D41FFAC42AEFFA82F2EFFAC08
S21418E5B02F2EFFA82F2EFFB42F2EFFB04EB90019FE
S21418E5C0D3AC4FEF0018240084816722242EFFB0A6
S21418E5D0262EFFB42C2EFFA8D6AEFFACD5862C025E
S21418E5E02E039E819D802D46FFB02D47FFB4486EA2
S21418E5F0FFC02F0A4EB90018E1FE2C00508F660097
S21418E600FF54486EFFC82F2EFFC42F2EFFC02F0AA8
S21418E6104EB9001874922C004FEF00106600FF36A3
S21418E6202D6EFFCCFF9C266A0014082B0006006986
S21418E6306600008A2F2EFFAC2F2EFFA82F2EFFB4B1
S21418E6402F2EFFB04EB90019CE4C4FEF00102D41AB
S21418E650FFA422417E0BBE81650000822F2EFF9CF0
S21418E6602F2EFFA42F2A00104EB90018588C157C90
S21418E6700001001C4FEF000C202EFFB0222EFFB416
S21418E680242EFFA8D2AEFFACD1822F012F002F2A3E
S21418E69000104EB900185214157C0001001C202ECC
S21418E6A0FFC8222EFFCC206E000C208021410004CB
S21418E6B0206E001020AEFFA46000FE962F3C0008C7
S21418E6C000002F2A00104EB900185A96508F7E79DF
S21418E6D046074A006700FF5E2C07602041EB040ED1
S21418E6E0740178002A0920182218928591846200ED
S21418E6F001C052827204B28266E87C052F2EFFCCC7
S21418E7002F2EFFC82F0A4EB900186D7C6000FE42E7
S21418E7102F2EFFA042A72F2EFFFC4EB900195DD44E
S21418E7202F2EFFF84EB9001869042F0C2F2B000255
S21418E7304EB9001885D22E004FEF0018669A2D6E27
S21418E740FFD0FFB82D6EFFD4FFBC2002E788284004
S21418E75049EC041E49F3C8004BEEFFE0283C0018AD
S21418E76069042F2EFFBC2F2EFFB82F0D2F2B00025B
S21418E7704EB9001869642E004FEF00106600FF5A55
S21418E780D683D683206EFFECD1C32D50FFBC42AE85
S21418E790FFB87E01BE8267000218202EFFB880AE32
S21418E7A0FFBC660000C4486EFFD82F0A4EB9001882
S21418E7B0E1FE2E00508F67122F0D2F2B00024EB938
S21418E7C0001885D2508F6000FF10486EFFD02F2E8D
S21418E7D0FFDC2F2EFFD82F0A4EB9001874922E0081
S21418E7E04FEF001066D22F2EFFD42F2EFFD0486E74
S21418E7F0FFF02F2B00024EB9001869582E004FEF65
S21418E800001066B42F2EFFA042A72F2EFFFC4EB97D
S21418E81000195DD42F2EFFF820444E90486EFFF056
S21418E8202F2B000241F9001885D22D48FF984E90DC
S21418E8302E004FEF0018206EFF98670C2F0D2F2B09
S21418E84000024E906000FF7E206EFFEC21AEFFD4D3
S21418E85038002F2EFFE820444E902D6EFFD0FFB8BC
S21418E8602D6EFFD4FFBC588F2F0D2F2B00024EB9DC
S21418E870001885D22E00508F6600FE5E5382670001
S21418E880FDF82F2C00042F142F0542A74EB9001997
S21418E890D3AC4FEF00102A012F242F242F012F005E
S21418E8A04EB90019CE4C4FEF001026016000FEB48A
S21418E8B07200122B001EE149484142417000102B8D
S21418E8C0001F4840424082807000102B0020E188CC
S21418E8D08081802B0021223C00000400E1A92D41F4
S21418E8E0FFA0280253842004E78849F308002A2E3C
S21418E8F0FFA49AAC040A2F042F2A00104EB9001849
S21418E90058CC2D40FFBC42AEFFB82F2C042A2F2C13
S21418E91004262F0542A74EB90019CE4C26014FEFF4
S21418E9200018202EFFB880AEFFBC6600FE1E486E8C
S21418E930FFE02F0A4EB90018E1FE2E00508F660031
S21418E940FD98486EFFD02F2EFFE42F2EFFE02F0ADB
S21418E9504EB9001874922E004FEF00106600FD7A1C
S21418E9602F2EFFD42F042F2A00104EB90018590C3A
S21418E970157C0001001C2F2EFFD42F2EFFD049EE39
S21418E980FFF02F0C2F2B00024EB9001869582E00D6
S21418E9904FEF001C6700FD7A2F2EFFD42F2EFFD0C6
S21418E9A02F0A4EB900186D7C4FEF000C6000FD2A38
S21418E9B020AEFF9C2F2EFFE820444E906000FEA845
S21418E9C04E56000048E72030246E00082F2A001004
S21418E9D04EB9001853D0340052423F0242672F2ACD
S21418E9E0001047F9001853E84E93206A00144FEFAA
S21418E9F0000C082800050065673C487810002F2A88
S21418EA0000104EB900185A96508F4A0067280C42C4
S21418EA10000163220C42FDE762060C4200026616ED
S21418EA20487800012F2A00104E93206A0014702090
S21418EA3081A8006A508F4CEE0C04FFF44E5E4E759B
S21418EA4048E74080222F000C202F0010206F00145B
S21418EA504E404CDF01024E7548E74080222F000CCE
S21418EA60202F0010206F00144E40484030014840B8
S21418EA704CDF01024E7548E76080222F0010202FC9
S21418EA800014242F0018206F001C4E4048403001F8
S21418EA9048404CDF01064E7554686973206120742F
S21418EAA06573742061736D002F017200202F0008A3
S21418EAB04E40221F4E752F017201202F00084E401F
S21418EAC0221F4E752F0172084E40221F4E7548E7BA
S21418EAD07080206F0018262F001C74007200B483F4
S21418EAE06C00001010186700000A4E405282600032
S21418EAF0FFEE20024CDF010E4E7548E77080206F3F
S21418EB000018262F001C74007201B4836C000010C5
S21418EB1010186700000A4E4052826000FFEE20026E
S21418EB2048E76080206F0014242F001872087000C1
S21418EB304A82670000204E400C00000D6700001641
S21418EB400C00000A6700000E10C0538252AF001067
S21418EB506000FFDE10BC0000202F00104CDF0106FE
S21418EB604E754E56FFDC48E73F3C242E000C48797D
S21418EB700019FCCA2F2E000845EEFFE42F0A4EB9DE
S21418EB80001842144FEF000C4A80670C70FF4CEECA
S21418EB903CFCFFB44E5E4E752F0A4EB900184D2831
S21418EBA02601588F47F9001842960C810004000079
S21418EBB063082F0A4E93588F60D2486EFFE02F01D5
S21418EBC04879001A3E5E2F0A4EB9001842E44FEFF5
S21418EBD000104A806606B6AEFFE0670A2F0A4E9304
S21418EBE0588F70FE60A82F0A4E934878000448790C
S21418EBF00019F8C04879001A3E5E4EB90019555EDD
S21418EC0028004FEF0010660002880C390001001A21
S21418EC103E626600028270001039001A3E7AE14899
S21418EC204840424076001639001A3E7B4843424315
S21418EC30808376001639001A3E7CE18B86808639EA
S21418EC40001A3E7D7A0047F90019C15C49F9001987
S21418EC505D644BF900195DD470001039001A3E8AAD
S21418EC60E1888039001A3E8BB0856E0000E6760083
S21418EC701639001A3E8EE18B8639001A3E8F0C43E1
S21418EC8001006200FF0872001239001A3E7EE14940
S21418EC904841424170001039001A3E7F48404240B1
S21418ECA0828070001039001A3E80E1888081803991
S21418ECB0001A3E812440D5FC001A3E62204A700095
S21418ECC002830000FFFF2D43FFDCB0AEFFDC6C00B4
S21418ECD0FEBC43E8FFFC41E800287202B2A8FFD841
S21418ECE0660000D82C2900100686001A3E5E2A29CF
S21418ECF00014E88D47F90019C1804A866700FE8E11
S21418ED002E127609B687670000B87004B0876700B9
S21418ED1000B0528445EA0028B8AEFFDC66E27200FE
S21418ED201239001A3E76E1494841424170001039BE
S21418ED30001A3E7748404240828070001039001A08
S21418ED403E78E18880818039001A3E79D08260004A
S21418ED50FE3E70001039001A3E88E1882F0580396B
S21418ED60001A3E892F004E93508FD0832440D5FC2E
S21418ED70001A3E5E7001B092663A2C02DCAA0008B1
S21418ED802F2A0010222A00040681001A3E5E2F0140
S21418ED902F064E94202A0010222A001492804FEF35
S21418EDA0000C67102F0142A72046487008004E95A1
S21418EDB04FEF000C52856000FEA052806000FF0CDA
S21418EDC02F2A00202F2A00104E93508F206A000CEE
S21418EDD0D1FC001A3E5E7204B287674A99CCB08C92
S21418EDE06700FF302E2800042207E089B2856430B9
S21418EDF0E9892246D3C1222900043269000E43E964
S21418EE00000F7601B6496402D2822242D3D02A5124
S21418EE1076004603CE837601B687666AD28D22813F
S21418EE20528C508860B87E00B0876700FEE6286867
S21418EE300004220CE089B2856432E9892246D3C1DF
S21418EE402A6900043229000E0641000F0C41000101
S21418EE506302DBC22242D3D0220C76004603C2835A
S21418EE607601B681660EDBE80008228D528741E8E7
S21418EE70000C60B47604B68166F2222800089289DF
S21418EE80D28D228160E67604B68766949BC9608C1C
S21418EE9070FD6000FCFA70FC6000FCF44E56000032
S21418EEA0226E00082D6E001000082D7C001A05C270
S21418EEB000104E5E4ED14E56FFD02F0A2F024879BC
S21418EEC00019FCCA2F2E000845EEFFE42F0A4EB98B
S21418EED0001842144FEF000C4A80670E4200242E8A
S21418EEE0FFC8246EFFCC4E5E4E75486EFFD048782D
S21418EEF00010486EFFD42F0A4EB9001842E42400BA
S21418EF002F0A4EB9001842964FEF00144A8266CC64
S21418EF107010B0AEFFD066C40C2E007FFFD466BC4F
S21418EF200C2E0045FFD566B40C2E004CFFD666ACEA
S21418EF300C2E0046FFD766A4102EFFD853000C00E0
S21418EF4000016298102EFFD953000C00000153C020
S21418EF504400608A4E56FFFC48E7203C226E0008A4
S21418EF602A6E000C266D0032286D0036B6FC00009E
S21418EF70662C264C246D003A242D003EB6FC000064
S21418EF806704274A003AB4FC000067000178BBEA19
S21418EF90003266000168254B0032600000A0B8FCFD
S21418EFA0000067D0202C003266000130266C003630
S21418EFB0246C003A242C003EB6FC00006704274A4E
S21418EFC0003AB4FC000067000120B9EA0032660077
S21418EFD00110254B0032BBEC003A6602244C4878E8
S21418EFE00010486D0032486C00322D49FFFC4EB9AF
S21418EFF000195D64206D003A4FEF000C226EFFFC7E
S21418F000B0FC0000670000F0BBE80032660000E0C5
S21418F010214C0032206D0032214C003A206D00360B
S21418F020B0FC00006704214C003AB4FC0000670CE2
S21418F030204A2068003AB0FC000066F64A8266004D
S21418F040017AB6FC000067084AAB003E6600016805
S21418F050B7D16700015C206A0032B7C86600017C29
S21418F060206A00367001B0A8003E663C42A8003EF2
S21418F0702540003E26680032254B00366704274A8E
S21418F080003A202A003A2140003A67000084266A8F
S21418F090003AB5EB0032667227480032214A003231
S21418F0A02548003A206A0036266800322868003656
S21418F0B0B6FC000067064AAB003E6658B8FC00006F
S21418F0C067064AAC003E664C70012140003E202A76
S21418F0D0003A264A24406000FF6A28406000FEC6B0
S21418F0E0254B00366000FEF0228B6000FEEA214CAD
S21418F0F000366000FF20228C6000FF1A254B003671
S21418F1006000FF3A228B6000FF3427480036608C78
S21418F11022886088B8FC000067064AAC003E664441
S21418F120B6FC0000670442AB003E70012140003E6A
S21418F130286B0036214C003267042948003A2028EC
S21418F140003A2740003A670000842868003AB1EC75
S21418F15000326672294B003227480036214B003A97
S21418F160206A0036216A003E003E42AA003E206809
S21418F1700036B0FC0000670442A8003E206A00363D
S21418F18026680032254B00366704274A003A202A9C
S21418F190003A2140003A673E266A003AB5EB00323C
S21418F1A0662E27480032214A00322548003A265152
S21418F1B0B6FC0000670442AB003E200D4CEE3C0443
S21418F1C0FFE84E5E4E75294B0036608C228B6088A1
S21418F1D02748003660D0228860CC7001B0A8003E60
S21418F1E0663C42A8003E2540003E26680036254B61
S21418F1F000326704274A003A202A003A2140003A8B
S21418F20067000086266A003AB5EB0032667427480F
S21418F2100032214A00362548003A206A003226680D
S21418F2200032B6FC000067644AAB003E675E4AAB25
S21418F230003E6772216A003E003E42AA003E2068E1
S21418F2400032B0FC0000670442A8003E206A003274
S21418F25026680036254B00326704274A003A202ACB
S21418F260003A2140003A6700009A266A003AB5EB41
S21418F27000326600008627480032214A00366000B1
S21418F280FF2A27480036608A228860862868003653
S21418F290B8FC00006700FE324AAC003E6700FE2A43
S21418F2A0B6FC0000668826680036B6FC00006704C0
S21418F2B042AB003E70012140003E286B0032214CC4
S21418F2C0003667042948003A2028003A2740003AB2
S21418F2D067242868003AB1EC00326614294B0032CD
S21418F2E027480032214B003A206A00326000FF4659
S21418F2F0294B003660EA228B60E627480036600005
S21418F300FF7A22886000FF744E560000226E0008AE
S21418F31020690026B0FC000066262069002AB0FC8A
S21418F32000006722B3E80022671C2069002AB0FC98
S21418F33000006712B3E80026660C224860EC2040EE
S21418F3402028002266F820084E5E4E754E5600009D
S21418F35048E73C00202E000C222E0010206E0008D5
S21418F3602068001AB0FC0000660A20084CDF003C33
S21418F3704E5E4E75242800042628000828002A0108
S21418F3809A839982621028002A019A83998264DAED
S21418F3902068002260CE2068002660C84E560000FE
S21418F3A02F0A246E0008206E000C4A280020670ECC
S21418F3B02252B3C8661024A8004242280020245FB0
S21418F3C04E5E4E75224020290042B08866F62368A5
S21418F3D00042004260E44E56000048E73020246E93
S21418F3E00008262E000C242E0010B4FC0000670817
S21418F3F04A8367044A82661C487800494879001987
S21418F400F8C548790019E85B4EB9001951844FEFD2
S21418F410000C60FE4878002642A72F0A4EB900193D
S21418F4205DD424832542000442AA000C42AA001088
S21418F43070004CEE040CFFF44E5E4E754E560000EF
S21418F4404878002642A72F2E00084EB900195DD41A
S21418F45070004E5E4E754E560000206E00082068EE
S21418F460001E7000B0FC000066044E5E4E75200844
S21418F4702068003260EE4E56000048E7303C242ED6
S21418F4800008286E000C4AAC0018670000924EB9A7
S21418F4900018040808000001674A48790019F8DDC2
S21418F4A048790019E88B45F9001951844E92487826
S21418F4B000A748790019E88E4E922F2C00182F2C8A
S21418F4C000082F2C000448790019F8EB4E924FEFDD
S21418F4D000202079001A09EA2F2800084EB90019CA
S21418F4E04970588F266C00222A6C0026B6FC00003D
S21418F4F0663E264D246C002A262C002EB6FC0000EC
S21418F5006704274A002AB4FC00006700018EB9EA8F
S21418F51000226600017E254B0022600000AA2F0CF0
S21418F52020424868001E4EB90018EF54508F60B439
S21418F530BAFC000067BE202D00226600012C266D3E
S21418F5400026246D002A262D002EB6FC000067041F
S21418F550274A002AB4FC00006700011CBBEA0022F8
S21418F5606600010C254B0022B9ED002A6602244DD0
S21418F57048780010486C0022486D00224EB90019D1
S21418F5805D64206C002A4FEF000CB0FC000067008A
S21418F59000F8B9E80022660000E8214D0022206C29
S21418F5A00022214D002A206C0026B0FC00006704BB
S21418F5B0214D002AB4FC0000670C204A2068002A57
S21418F5C0B0FC000066F64A8366000196B6FC00009A
S21418F5D067084AAB002E660001842242B7E9001A73
S21418F5E067000174206A0022B7C8660001CE206A38
S21418F5F000267001B0A8002E663C42A8002E2540B2
S21418F600002E22680022254900266704234A002A6D
S21418F610202A002A2140002A67000090226A002A21
S21418F620B5E90022667E23480022214A0022254892
S21418F630002A206A00262268002226680026B2FCC5
S21418F640000067064AA9002E666AB6FC0000670620
S21418F6504AAB002E665E70012140002E202A002A32
S21418F660264A24406000FF662A406000FECA254BE2
S21418F67000266000FEF42242234B001A6000FEEAC1
S21418F680214D00266000FF182042214D001A600008
S21418F690FF0E254B00266000FF2E2242234B001A31
S21418F6A06000FF2423480026608022422348001A60
S21418F6B06000FF78B6FC000067064AAB002E664668
S21418F6C0B2FC0000670442A9002E70012140002EEB
S21418F6D026690026214B002267042748002A20287E
S21418F6E0002A2340002A670000BA2668002AB1EBD1
S21418F6F00022660000A62749002223480026214932
S21418F700002A206A0026216A002E002E42AA002E01
S21418F71020680026B0FC0000670442A8002E206A65
S21418F720002622680022254900266704234A002A54
S21418F730202A002A2140002A6778226A002AB5E97A
S21418F7400022666823480022214A00222548002AFB
S21418F75020422668001AB6FC0000670442AB002E4A
S21418F760082C0001000367102F0C2642486B002255
S21418F7704EB90018F39C508F2F2C000C45F9001921
S21418F78035184E922F0C4E92204253A8000C508FCC
S21418F7904CEE3C0CFFE84E5E4E752749002660007E
S21418F7A0FF5A26422749001A6000FF5023480026B1
S21418F7B0609622422348001A608E7001B0A8002E68
S21418F7C0663C42A8002E2540002E226800262549B1
S21418F7D000226704234A002A202A002A2140002AE9
S21418F7E067000086226A002AB5E900226674234854
S21418F7F00022214A00262548002A206A002222686C
S21418F8000022B2FC000067684AA9002E67624AA95F
S21418F810002E6776216A002E002E42AA002E206837
S21418F8200022B0FC0000670442A8002E206A0022BE
S21418F83022680026254900226704234A002A202A1F
S21418F840002A2140002A670000A2226A002AB5E989
S21418F85000226600008E23480022214A00266000F7
S21418F860FEEC23480026608A22422348001A60824B
S21418F87026680026B6FC00006700FDDC4AAB002EA2
S21418F8806700FDD4B2FC0000668422680026B2FC2D
S21418F8900000670442A9002E70012140002E266938
S21418F8A00022214B002667042748002A2028002A11
S21418F8B02340002A67242668002AB1EB0022661423
S21418F8C027490022234800222149002A206A0022BC
S21418F8D06000FF422749002660EA26422749001A98
S21418F8E060E2234800266000FF7222422348001A6E
S21418F8F06000FF684E56000048E7303C246E00084B
S21418F900206A001A7400B0FC000066324BF9001822
S21418F910F30849F9001887BA47F90018F4764A82A6
S21418F92067242F024E9526002E822F2A00144E94F6
S21418F9302F022F0A4E934FEF0010240360E024087E
S21418F9402068002260C04CEE3C0CFFE84E5E4E75F8
S21418F9504E5600002F0A246E0008206E000C42A88F
S21418F960004642A8004A20100800000167184A28D6
S21418F97000206712226A0022B3C86618256800425B
S21418F98000224228002072FCC2802081245F4E5E2E
S21418F9904E75224122290042B28866F62368004234
S21418F9A0004260DE4E56000048E73C38282E000815
S21418F9B0202E000C222E001074FF76FFD681D580DC
S21418F9C0226E001491C82A08D689D5852F012F00D3
S21418F9D02F044EB90018F34C4FEF000C244047F98B
S21418F9E00018F30849F90018F950B4FC0000671617
S21418F9F02F0A4E93588F2A00202A0004222A00081D
S21418FA0092839182630A4CEE1C3CFFE44E5E4E7560
S21418FA102F0A2F044E94508F244560CE4E56000061
S21418FA2048E73038266E0008286E000C242E001082
S21418FA30262E00142F032F022F0B4EB90018F34C46
S21418FA404FEF000C24404A80674C4AAA00186632CA
S21418FA50202B0008528027400008254000142F0A43
S21418FA60486B001E4EB90018EF54508F082A000134
S21418FA700003670E2F0A486B00224EB90018F39C35
S21418FA80508F52AA0018288229430004294A0008D1
S21418FA90296A000C000C200A4CEE1C0CFFEC4E5E7B
S21418FAA04E754E56000048E73E3C286E00082C2E31
S21418FAB0000C20462F2800042F102F062F0C4EB9A6
S21418FAC00018FA1C24404FEF00104A806712246E64
S21418FAD00010421270004CEE3C7CFFDC4E5E4E75F9
S21418FAE02A462415262D00042F2C00044EB900197A
S21418FAF035042800588F67204878004E487800014B
S21418FB004EB9001933882640508F4A80660E2F0447
S21418FB104EB900193518588F700C60BA2742000471
S21418FB20274300082744000C274C001C206C001A9A
S21418FB307000B0FC0000666A274A002A42AB00260E
S21418FB4042AB00227A012745002EB4FC000067005D
S21418FB50008472FFB2806676254B0022244B206AFA
S21418FB60002AB0FC000067707001B0A8002E666806
S21418FB702268002A20290022B0886600014220291F
S21418FB8000266700009A78012A40B8AD002E660055
S21418FB90008E42AD002E42A8002E2344002E244983
S21418FBA060BC202800042228000828022A039A810C
S21418FBB09980620001C228022A039A8199806420DB
S21418FBC02228002270FF244820416000FF66254B3B
S21418FBD000266088294B001A206C001A42A8002EAE
S21418FBE0202C000C52802940000CB0AC0010630486
S21418FBF02940001052AB0018202C000852802940CB
S21418FC000008274000142046214B0008216B000CE2
S21418FC10000C246E001014BC00016000FEB8B5E895
S21418FC2000266638202A00222140002667062A4029
S21418FC302B48002A2028002A2540002A676C2028EE
S21418FC40002A2A40B1ED002266582B4A0022254881
S21418FC500022214A002A200A2448204042A8002EC2
S21418FC6070012340002E20690022202800262340F9
S21418FC70002267062A402B49002A2029002A2140FC
S21418FC80002A67342029002A2A40B3ED002266206D
S21418FC902B480022214900262348002A224A6000C1
S21418FCA0FEFE2A402B4A002660A4294A001A609EA7
S21418FCB02A402B48002660DC2948001A60D64A805D
S21418FCC0671A72012A40B2AD002E661042AD002E99
S21418FCD042A8002E2341002E6000FEC4B5E800227C
S21418FCE06638202A00262140002267062A402B481C
S21418FCF0002A2028002A2540002A67662028002A7D
S21418FD002A40B1ED002266522B4A002225480026CA
S21418FD10214A002A200A2448204042A8002E7001B2
S21418FD202340002E20690026202800222340002683
S21418FD3067062A402B49002A2029002A2140002A33
S21418FD40672E2029002A2A40B3ED0022661A2B486F
S21418FD500022214900226000FF402A402B4A002634
S21418FD6060AA294A001A60A42A402B48002660E296
S21418FD702948001A60DC2228002670016000FE4818
S21418FD804E56000048E7303C286E0008262E000C19
S21418FD90B8FC0000661C4878011248790019F8C5A6
S21418FDA048790019E85B4EB9001951844FEF000CDA
S21418FDB060FE2043201080A80004661C48780115B1
S21418FDC048790019F8C548790019E85B4EB9001942
S21418FDD051844FEF000C60FE26680008B6FC000041
S21418FDE0661C4878011848790019F8C5487900192A
S21418FDF0E85B4EB9001951844FEF000C60FE202BBB
S21418FE000018661C4878011B48790019F8C5487907
S21418FE100019E85B4EB9001951844FEF000C60FECC
S21418FE20538027400018660000DC206C001E93C91B
S21418FE30B0FC000066702749003A42AB003642AB69
S21418FE40003272012741003EB2FC0000670000D65F
S21418FE5074FFB480660000C6234B0032244B206A19
S21418FE60003AB0FC0000670000C07001B0A8003E61
S21418FE70660000B62268003A20290032B08866006C
S21418FE80015220290036670000AA72012A40B2AD36
S21418FE90003E6600009E42AD003E42A8003E23414A
S21418FEA0003E244960B8222B001420280014B08184
S21418FEB0650001EC620001DA20137203C280740335
S21418FEC0B481662A206C00144AA80024670001AE84
S21418FED0720CC081660001A64A2B00206610276C9B
S21418FEE000220042294B0022177C000100207009CE
S21418FEF0C0937201B280670C2F0B2F0C4EB90018E6
S21418FF00F476508F2043429042A8000442A8000C72
S21418FF1070004CEE3C0CFFE84E5E4E75234B0036D8
S21418FF206000FF3A294B001E206C001E42A8003EB7
S21418FF306086B5E800366638202A0032214000363A
S21418FF4067062A402B48003A2028003A2540003AEF
S21418FF50676C2028003A2A40B1ED003266582B4AC2
S21418FF60003225480032214A003A200A2448204008
S21418FF7042A8003E70012340003E20690032202827
S21418FF8000362340003267062A402B49003A2029BB
S21418FF90003A2140003A67342029003A2A40B3ED47
S21418FFA0003266202B480032214900362348003A92
S21418FFB0224A6000FEEE2A402B4A003660A4294AE0
S21418FFC0001E609E2A402B48003660DC2948001E1A
S21418FFD060D64A80670C72012A40B2AD003E6700B0
S21418FFE0FEB6B5E800326638202A003621400032C0
S21418FFF067062A402B48003A2028003A2540003A3F
S21419000067662028003A2A40B1ED003266522B4A1C
S214190010003225480036214A003A200A2448204052
S21419002042A8003E70012340003E20690036202871
S21419003000322340003667062A402B49003A202909
S214190040003A2140003A672E2029003A2A40B3ED9B
S2141900500032661A2B480032214900326000FF4EE2
S2141900602A402B4A003660AA294A001E60A42A4054
S2141900702B48003660E22948001E60DC2F0B2F083B
S2141900804EB9001887BA74FBC593508F6000FE608E
S2141900902228003270FF224820416000FD94222851
S2141900A00036700160F04E560000206E00082010D1
S2141900B0B0A8000C53C044004E5E4E754E56000054
S2141900C0206E0008720012280004E18982280005B3
S2141900D030010C4180006304064080004E5E4E7568
S2141900E04E56FFF82F0B2F0A206E0008266E000CAE
S2141900F024680014082A0002006C67762D68001818
S214190100FFF82F2800104EB9001856CA2D40FFFCCC
S21419011048780010486A006E4878FFFF45F90018BD
S21419012051004E9248780004486EFFF82F004E9200
S21419013048780004486EFFFC2F004E924FEF0028B7
S2141901407200122B0004E189822B00052041528887
S2141901502208D288D288D281D2812F012F0B2F0064
S2141901604E924FEF000C246EFFF0266EFFF44E5E93
S2141901704E75700060F04E560000206E000C202858
S214190180000880A8000C67122F2800104EB9001816
S2141901906904588F70004E5E4E75206E000810BCAC
S2141901A0000160F04E56000048E73F38226E0008FE
S2141901B0246E000C2069001074001428002EE18AA1
S2141901C08428002F76003602C4FC002C47F228003B
S2141901D0206B0028B0FC0000670000EC266B00209E
S2141901E0B6FC0000670000E04A83660C70004CEE0F
S2141901F01CFCFFDC4E5E4E7547EB000CB7C866EC70
S21419020072001210E149484142417000102800015D
S214190210484042408280700010280002E1888081A0
S21419022080280003220353812041D1C1D1C1D1C8EE
S214190230D1C891C1D1C8D1C841F288002668002416
S2141902402C0042464846E04E16862800424448444A
S21419025072004601C881174400012A00E08DCA8140
S214190260174500022E01CE801747000347E9001CE8
S2141902702F082F0B49F9001901764E94508F4A8092
S2141902806600FF6C45F228CC7001B0836700FF5EEC
S214190290700CD0AA0028B0AA002C6600FF50205275
S2141902A01086114400011145000211470003486ADF
S2141902B0FFDC2F0B4E94538345EAFFD4508F4A80A8
S2141902C067C66000FF2A70056000FF244E560000BE
S2141902D048E73F3C262E00102403D483D483D482C7
S2141902E0D4829483D482D482246E000CD5C2206A18
S2141902F00024700010280004E14848404240780065
S21419030018280005484442448084780018280006B6
S214190310E18C8880882800077A001A280008E18D61
S2141903208A280009226A0020700010290002E18834
S21419033080290003220052812001D081D081D080EB
S214190340D08043F108F4B3C8671493C82F094868D6
S214190350000C2F084EB9001955D64FEF000C206A1D
S2141903600020700010280002E188802800035340FE
S2141903703200E04911410002114000033A7C001C8A
S214190380DBEE00082F0A2F0D47F9001901764E9358
S2141903902840508F4A80660000AA7C003C052E042F
S2141903A04EB9001804084A006C7648790019F927DE
S2141903B048790019E88B283C0019518420444E903E
S2141903C04878061348790019E88E20444E904878E4
S2141903D000012F072F06206A002472001210E14927
S2141903E0484142417000102800014840424082802E
S2141903F0700010280002E1888081802800032F00F1
S21419040048790019F93520444E904FEF0024207989
S214190410001A09EA2F2800084EB900194970588F92
S214190420487800012F072F062F2E00084EB90018FE
S2141904307052206E000C45F028204FEF00104A83AA
S2141904406E0C200C4CEE3CFCFFD84E5E4E75206AA6
S2141904500004700CD092B08866E872001210E14958
S21419046048414241700010280001484042408280AD
S214190470700010280002E188808180280003206A15
S214190480FFD8220042414841E049108122004241EA
S2141904904841114100012200E08911410002114032
S2141904A00003486AFFB42F0D4E9345EAFFD4508FC8
S2141904B04A80660453836086284060864E5600003C
S2141904C048E73B302E2E0008266E000C282E00100A
S2141904D0B6FC0000670000B8202B00182200D28056
S2141904E0D280D281D2819280D281D281D7C1246B17
S2141904F00028B4FC0000670000887200122A000861
S214190500E149484142417000102A000948404240DA
S21419051082807000102A000AE18880817200122AEF
S2141905200006E1892C018C2A00072E008E2A000B62
S21419053070001012E148484042407200122A000129
S2141905404841424180817200122A0002E189828064
S214190550822A0003B8816316988126047400200243
S2141905602203D287D1864CDF0CDC4E5E4E75928400
S214190570224191C82006220724089289918260E6B2
S214190580202B0008222B000C2400848166D82D47C6
S21419059000084CDF0CDC4E5E4EF90018E1B24E56E0
S2141905A0000048E73C38246E0008242E000C262E3E
S2141905B00010266E00182F032F022F0B206A001426
S2141905C02F2800024EB90018696428004FEF001052
S2141905D06600015A206B000C70001010E188802804
S2141905E000012A3C0019F9530C40F30A660000EE84
S2141905F0700010280006E188802800072A3C001998
S214190600F961B06E0016660000D470001028000458
S214190610E188802800054A40670000BC720012284D
S2141906200002E18982280003B2406200011C226A96
S214190630001408290002006C6700009022005281FD
S2141906402001D081D081D080D0807200123008006D
S214190650E149484142417A001A3008014845424565
S21419066082857A001A300802E18D8A818A30080359
S2141906702F082F0A4EB9001900E0508FB085674A27
S2141906804EB9001804084A006C4048790019F92731
S21419069048790019E88B45F9001951844E92487823
S2141906A002FB48790019E88E4E922F032F024879DB
S2141906B00019F9974E922079001A09EA2F2800088E
S2141906C04EB9001949704FEF002020044CEE1C3C1F
S2141906D0FFE44E5E4E752A3C0019F9754EB900189E
S2141906E004084A006C4448790019F9274879001912
S2141906F0E88B49F9001951844E94487803044879CF
S2141907000019E88E4E942F032F022F0548790019E9
S214190710F9CB4E944FEF00202079001A09EA2F28BA
S21419072000084EB900194970588F7805201380AB08
S214190730000467962F0B206A00142F2800024EB962
S214190740001885D2508F60822A3C0019F984608C73
S2141907504E5600002F02206E0008222E000C22682A
S214190760001070001029002EE1888029002FB28011
S214190770670000842068001443F90019C1807400CA
S2141907801428001EE14A484242424A8166387200DD
S2141907901228001F48414241848172001228002005
S2141907A0E189828282280021203C00000400E3A807
S2141907B04878000C20404868FFF44E91508F242E3C
S2141907C0FFFC4E5E4E7572001228001F48414241CA
S2141907D08481720012280020E189828282280021F1
S2141907E0203C00000400E3A84878000C2040486824
S2141907F0FFF44E9160C6700460C44E56000048E778
S214190800383C282E0008266E000C102E0013B6FC55
S2141908100000671C4A006622262B0018508B7400AD
S21419082049F9001885D24BF9001900E0B4836F0E08
S2141908304CEE3C1CFFE44E5E4E75760060DE2013CF
S21419084080AB00046764226B0008082900010003C6
S2141908506748226B0018700010290004E188802967
S214190860000552802440D5C0D5C0D5CAD5CA45F191
S214190870A8002F092F044E95220042414841E0490D
S2141908801481220042414841154100012200E089A5
S2141908901541000215400003508F2F0B2044226883
S2141908A000142F2900024E94508F528247EB002CC9
S2141908B06000FF7A4E56FFE448E73F3C286E000872
S2141908C047EEFFF04878001042A72F0B4EB90019D3
S2141908D05DD4206E00102450206C00107628D6881F
S2141908E074001428002EE18A8428002F4FEF000C7C
S2141908F0B4FC0000672642A72F0A2F0C4EB9001920
S21419090007FA4FEF000CB4AA001C6F462F0A4EB90F
S21419091000193518206E00104290588F2202548103
S2141909202001D081D081D080D0809081D080D08095
S2141909302F00487800014EB9001933882440508F8B
S2141909404A806606700C600000E02002528025403E
S214190950001C25430020487800102F0B486A000811
S2141909602A3C00195D6420454E902A4A4FEF000C28
S214190970280276002E3C0019C15C4A84660000B431
S2141909802643D7C3D7C3D7CBD7CB97C3D7CBD7CBCA
S21419099047F2B80042AB001842AB002842AB00241D
S2141909A0206B0020700010280002E18880280003C0
S2141909B04A80672A7418D48852802200D280D0813F
S2141909C0D080D08041F008F4260849F90019C15C96
S2141909D0B483630001FE72F4D28227410028206B8B
S2141909E00028B0FC00006738720012280008E14998
S2141909F04841424170001028000948404240828010
S214190A0070001028000AE18880818028000B720087
S214190A1012280006E189822800072681274000044B
S214190A20206E0010208A70004CEE3CFCFFBC4E5E17
S214190A304E75206D002047E8001872001228000233
S214190A40E1898228000352812001D081D081D0808B
S214190A50D08043F008F4B7C9630000E641EBFFF411
S214190A602B4800247200122BFFF8E14948414241F5
S214190A707000102BFFF94840424082807000102BFE
S214190A80FFFAE18880817200122BFFFCE189822B24
S214190A90FFFD2D41FFE8802BFFFB2D40FFEC2AAE12
S214190AA0FFE82B6EFFEC00042B44001842AD00281B
S214190AB053845283206D0034226D0038B0FC000038
S214190AC06606B2FC000067142A2EFFE82C2EFFECEF
S214190AD0200822099C819B80670000F0486EFFF071
S214190AE02F042F2EFFEC2F2EFFE82F0C4EB90019CE
S214190AF0059E4FEF00144A80661CB6826F0000AE42
S214190B00486EFFF0206C00142F2800024EB900180A
S214190B1085D2508F700542A72F0A2F0C2D40FFE45F
S214190B204EB9001907FA2F0A4EB900193518206E52
S214190B30001042904FEF0010202EFFE46000FEEAEE
S214190B402009908BE4802F3CAAAAAAAB2F002D4926
S214190B50FFE420474E90508F20006A025280E280B0
S214190B602040D1C0D1C0D1C8D1C841F38800700087
S214190B701010E148484042407200122800014841CE
S214190B8042418280700010280002E1888081802806
S214190B900003226EFFE4B0AE000C630843E8FFF4CE
S214190BA06000FEB447E8000C6000FEAC266EFFFC41
S214190BB048780010486EFFF0486D00344EB9001999
S214190BC05D642B4B004C4FEF000C4BED002C600076
S214190BD0FDAA20039082E4802F3CAAAAAAAB2F0074
S214190BE04E94508F20006A025280E2802040D1C075
S214190BF0D1C0D1C8D1C8D1C272001210E14948413A
S214190C00424170001028000148404240828070001E
S214190C1010280002E188808180280003B0AE000CFD
S214190C20630876F4D6886000FDA8740CD488600032
S214190C30FDA04E5600002F0A246E00082F2A001019
S214190C404EB900185BCC20404228000642280007FF
S214190C5042280002422800034228000842280009B8
S214190C604228000A4228000B10BCFFF3117C000A28
S214190C70000142280004117C00040005157C0001BF
S214190C80001C588F246EFFFC4E5E4E754E56FF7430
S214190C9048E73F3C266E0008246E0010206E000CB4
S214190CA02D50FFDC42AEFFE07800206B0010760076
S214190CB01628002EE18B8628002F720032032D414C
S214190CC0FFD83A03CAFC002C2D45FFE4286EFFDC3A
S214190CD0D9C52A6C0028BAFC0000674E700010129D
S214190CE0E148484042407200122A000148414241F8
S214190CF080817200122A0002E1898280822A00030A
S214190D007A001A15E14D484542457000102D00012C
S214190D10484042408A807000102D0002E188808584
S214190D20802D0003B0816700058C082E000500177A
S214190D306600014EBAFC0000670001467200122DCB
S214190D400008E149484142417000102D0009484009
S214190D50424082807000102D000AE188808172005E
S214190D60122D0006E189822D00072D41FFC8802D1E
S214190D70000B2D40FFCC2F0D2E3C001900BC204730
S214190D804E90588F34007A001A2A0008E14D4845CB
S214190D9042457000102A0009484042408A80700077
S214190DA0102A000AE18880857200122A0006E18955
S214190DB0822A00072D41FFC0802A000B2D40FFC450
S214190DC0700030022D40FFA842AEFFA42A2EFFA4C1
S214190DD02C2EFFA8202EFFC8DCAEFFCCDB80202EE1
S214190DE0FFC0222EFFC49C819B8066327A001A2D82
S214190DF00004E18D8A2D00050C4580006300010E64
S214190E002F0A20474E90588F720032020280000037
S214190E10FFFFD2800C8100007FFF6F00010E2F0AA2
S214190E204EB9001900BC588F3E007A003A002D457D
S214190E30FF9842AEFF942A2EFF942C2EFF98202E50
S214190E40FFC0DCAEFFC4DB80202EFFC8222EFFCCED
S214190E5092869185662A7A001A2D0004E18D8A2DCC
S214190E60000502820000FFFF70003007D4800C4591
S214190E708000630001940C8200007FFF6F000194CC
S214190E80206C0020700010280002E18880280003DA
S214190E90720012280004E18982280005B240670012
S214190EA00FF8BAFC00006600020A4BE8000C294D40
S214190EB0002802800000FFFF220052812001D08105
S214190EC0D081D080D08043F008F42009908DE4803A
S214190ED02F3CAAAAAAAB2F002D48FF784EB90019A5
S214190EE0C15C508F22005281206EFF786A00021A68
S214190EF04878052348790019F9F948790019E85B03
S214190F004EB9001951844FEF000C60FE2F0A224784
S214190F104E91588F7200320202800000FFFFD28075
S214190F200C81000080006E00FEF672001215E14971
S214190F30484142417000102D0001484042408280CD
S214190F407000102D0002E1888081802D0003720048
S214190F503202D0817E001E12E14F48474247720086
S214190F60122A0001484142418E817200122A00025B
S214190F70E1898287822A0003B2806600FEA22F0AC0
S214190F804EB9001900BC588FD0420C458000630436
S214190F90004080003200E0491B4100041B40000558
S214190FA02F0C486B001C4EB9001901762A00508F79
S214190FB0660002FC294D00287200122D0008E1492E
S214190FC0484142417000102D000948404240828035
S214190FD07000102D000AE1888081802D000B7200A8
S214190FE0122D0006E189822D000728812940000468
S214190FF04AAEFFE0670002AC2F2EFFE04EB900198B
S2141910003518588F6000029C0C82000080006E0014
S214191010FE707E001E12E14F484742477400142A9C
S21419102000014842424284877200122A0002E1896E
S2141910308282822A0003D08174001415E14A48423C
S21419104042427E001E2D0001484742478E82740098
S214191050142D0002E18A8487842D0003B48066006B
S214191060FE20200142404840E0481A8020014240B4
S21419107048401B4000012001E0881B4000021B412C
S21419108000032F0D263C001900BC20434E90340057
S2141910902E8A22434E91588FD0423200E0491B4186
S2141910A000041B4000050C4580006200FEE4600049
S2141910B0FEF072001212E149484142417400142AA6
S2141910C000014842424282827400142A0002E18AD0
S2141910D08481842A000376001615E14B484342435F
S2141910E07200122D00014841424186817200122D6C
S2141910F00002E1898283822D0003B2826400FDB466
S2141911004BED000C6000FDAC4A8167242001D081AC
S214191110D081D080D0802F002F0D486D000C2D481F
S214191120FF784EB9001955D64FEF000C206EFF7890
S214191130700010280004E1888028000522005281DA
S2141911402001D081D081D080D08043F008F4B3CD6F
S2141911506500016272001212E1494841424170006D
S214191160102A00014840424082807000102A00026E
S214191170E1888081802A0003220042414841E049E3
S2141911801A812200424148411B4100012200E08990
S2141911901B4100021B4000037000102A0004E1885E
S2141911A0802A00052200E0891B4100041B40000527
S2141911B07200122A0008E149484142417000102A7B
S2141911C000094840424082807000102A000AE188CF
S2141911D08081802A000B7200122A0006E189822A71
S2141911E00007240042424842E04A1B4200082400F5
S2141911F0424248421B4200092400E08A1B42000A68
S2141912001B40000B2001E0881B4000061B4100070D
S214191210700010280002E18880280003524032002E
S214191220E0491141000202800000FFFF114000034F
S21419123052802200D280D081D080D08041F008F42C
S214191240B1CD65702F2EFFDC2F0B4EB9001901A4F6
S2141912502A00508F6700FD4A4AAEFFDC671242A784
S2141912602F2EFFDC2F0B4EB9001907FA4FEF000C83
S2141912702004D084D084D080D0809084D080D08030
S214191280206EFFE045F008DC49F9001870524BF95A
S214191290001907FA53846B00FD584AAEFFE0660042
S2141912A00BBA20054CEE3CFCFF4C4E5E4E75700595
S2141912B0B08566A47A0560A02D44FFE4225072001A
S2141912C012290002E18982290003700010290004FE
S2141912D0E18880290005B0416200029C282EFFE4AF
S2141912E0528441E8FFD4202EFFD8908472FFB28032
S2141912F066C64878001042A7486EFFF04EB9001926
S2141913005DD4206B001070001028002EE18880280C
S214191310002F4FEF000C4A8066142F0B4EB9001899
S214191320E1B22D40FFB82D41FFBC588F603A7200CC
S21419133012280038E1494841424170001028003906
S21419134048404240828070001028003AE188808127
S21419135072001228003CE1898228003D2D41FFB811
S2141913608028003B2D40FFBC42AEFFE842AEFFECA2
S214191370486EFFE82F2EFFBC2F2EFFB82F0B4EB945
S214191380001874922A00242EFFE8262EFFEC4FEF41
S21419139000102C028C83670002962F032F02486ECA
S2141913A0FFF0206B00142F2800024EB90018695858
S2141913B02A004FEF00106718487800012F032F02F4
S2141913C02F0B4EB9001870524FEF00106000FE8AAE
S2141913D04878003C7028D0AB00102F002F2EFFFC49
S2141913E04EB9001955D62A6EFFFC206B00107000F6
S2141913F01028002EE1888028002F4FEF000C206B54
S21419140000147A001A28001EE14D484542454A80C4
S214191410670001E670001028001F484042408A8085
S214191420700010280020E188808580280021223C41
S21419143000000400E1A94878000C20414868FFF430
S2141914404EB90019C180508F3200E0491B41000483
S2141914501B4000051ABCFFF31B7C000A0001700034
S214191460102D0004E188802D000552802840D9C02F
S214191470D9C0D9CCD9CC49F5C8002F0D2F0B4EB9E8
S214191480001900E0220042414841E0491881220033
S21419149042414841194100012200E08919410002E0
S2141914A019400003206B00104228002A117C000105
S2141914B0002B200342404840E048114000382003E2
S2141914C042404840114000392003E0881140003A54
S2141914D01143003B3002E0481140003C1142003DE8
S2141914E070001028002EE1888028002F508F4A801F
S2141914F0660A4228002C117C0004002D5240320046
S214191500E0491141002E1140002F2F2EFFF84EB939
S21419151000186904177C0001001C486EFFF0206B48
S21419152000142F2800024EB9001885D24FEF000C70
S2141915302F2E000C72001212E149484142417000E8
S214191540102A00014840424082807000102A00028A
S214191550E1888081802A00032F002F0B4EB90019CD
S21419156008B42A004FEF000C6600FCEE286E000C3B
S2141915702D54FFDC52874AAEFFE4670008AE202ED2
S214191580FFE4D080D0AEFFE4D080D08090AEFFE4E8
S214191590D080D0802D40FFA02F00487800014EB98A
S2141915A0001933882D40FFE0508F670008A4202EBD
S2141915B0FFE453809E802D47FFD4206B00107000E7
S2141915C01028002EE1888028002F760036002D433B
S2141915D0FFB496872D43FFD84A876E5C487803FA7E
S2141915E048790019F9F948790019E85B4EB90019D4
S2141915F051844FEF000C60FE70001028001F484001
S21419160042408A80700010280020E1888085802852
S2141916100021223C00000400E1A94878000C224170
S2141916204869FFF44EB90019C1806000FE1A4A8055
S2141916306700FEFE6000FC22C0FC002C206EFFDC5A
S214191640D1C022680028286800207200122C0004D5
S214191650E189822C0005204152882208D288D28836
S214191660D281D28141F418F4B1C9670001AE76006F
S2141916701629000CE14B4843424374001429000D07
S21419168048424242868274001429000EE18A8483F5
S2141916908429000F222EFFD8D281D2AEFFD8D2814C
S2141916A0D28192AEFFD8D281D2812D41FF9C2A6E6B
S2141916B0FFE0DBC1206EFFDC41F0082026082D6E06
S2141916C0FFB4FFD078002A0242454845E04D2D4523
S2141916D0FF882002424048407C004606CC802D46B2
S2141916E0FF842002E0887A004605CA802D45FF80CF
S2141916F07C004606CC822D46FF7C2A2EFFD4BAAE35
S214191700FFD06F00013E200553802A40DBC0DBC0A6
S214191710DBCDDBCD9BC0DBCDDBCDDBEEFFDC286D77
S2141917200024B8FC0000672A76001614E14B4843DB
S21419173042437000102C00014840424086807000D9
S214191740102C0002E1888083802C0003B082670089
S2141917500742206D0020700010280002E1888028BA
S2141917600003720012280004E18982280005B0815E
S214191770670007207A001A12E14D4845424578005D
S214191780182A00014844424488857600162A000221
S214191790E18B8684862A0003226EFFE0282900083A
S2141917A02A29000CB8FC00006600049249E8000CCF
S2141917B02B4C002452812241D3C1D289D281D281A5
S2141917C043F018F4B3CC650006CA52802200D280C2
S2141917D0D081D080D08043F008F42009908CE48022
S2141917E02F3CAAAAAAAB2F002D48FF784EB900198C
S2141917F0C15C508F5280206EFF786A000472487858
S21419180003D748790019F9F948790019E85B4EB9F0
S214191810001951844FEF000C60FE72001212E14954
S214191820484142417400142A0001484242428282C9
S2141918307400142A0002E18A8481842A0003600055
S214191840FE5449EEFFF04878001042A72F0C4EB907
S21419185000195DD47A001A12E14D484542457000C8
S214191860102A0001484042408A807000102A00025F
S214191870E1888085802A00032F002F2EFFDC2F0B8E
S2141918804EB9001904BC42AEFFE842AEFFEC486EF2
S214191890FFE82F012F002F0B4EB9001874922A005B
S2141918A02D6EFFE8FFAC2D6EFFECFFB04FEF002852
S2141918B04A80660003382F2EFFB02F2EFFAC2F0C50
S2141918C0206B00142F2800024EB9001869582A00F8
S2141918D04FEF001066000316307CFFE0D1C32D4889
S2141918E0FF902A2EFFB4BAAEFFD06600016E2043D1
S2141918F0225020680008720012290004E189822902
S214191900000552812001D081D081D080D08043F14A
S21419191008F42E099E882007E4802F3CAAAAAAABB1
S2141919202F002D48FF784EB90019C15C508F2A0038
S214191930286EFFFC7C0CDC8C422C0002422C000327
S21419194042A72F0B4EB900190750508F3200E049A5
S214191950194100041940000518BCFFF3197C000A48
S2141919600001422C0006422C0007206EFF784A859B
S214191970670000DC2F074868000C2F064EB90019BF
S21419198055D63005E0481940000219450003224390
S2141919902051700010280002E18880280003904525
S2141919A03200E04911410002114000032F2EFF902A
S2141919B0486B001C4EB9001901762A004FEF001427
S2141919C06600022A7A001A2C0014E14D4845424551
S2141919D07000102C0015484042408A807000102C68
S2141919E00016E1888085802C00177200122C0012D0
S2141919F0E189822C00132A812B4000042B460028EB
S214191A007000102C0006E188802C00072B40001867
S214191A1042AD001C42AD00242B4C00204878001023
S214191A20486EFFF0486D00084EB900195D642F2EF8
S214191A30FFF84EB9001869044FEF001053AEFFD0E7
S214191A4052844BEDFFD470D4D6806000FCAE42951C
S214191A5042AD000442AD002860A6284322542E2C1D
S214191A600004720012290004E189822900055281B6
S214191A702001D081D081D080D08043F108F493C75B
S214191A802D49FF742009E4802F3CAAAAAAAB2F007F
S214191A904EB90019C15C508F2C00286EFFFC41EC22
S214191AA0000C2D48FF8C422C0002422C00032F04F8
S214191AB02F0B4EB900190750508F3200E0491941C3
S214191AC000041940000518BCFFF3197C000A000130
S214191AD03004E0481940000619440007196EFF8BB8
S214191AE0000C196EFF87000D196EFF83000E196E14
S214191AF0FF7F000F222D0034202D00382A00424582
S214191B004845E04D194500102A00424548451945F3
S214191B1000112A00E08D19450012194000133001F2
S214191B20E0481940001419410015422C0002197C8E
S214191B30000100034A86665A7A001A2C0010E14DF5
S214191B40484542457000102C0011484042408A8092
S214191B507000102C0012E1888085802C001372000A
S214191B60122C0014E189822C00152A812B400004BE
S214191B707000102C0006E188802C00072B400018F6
S214191B8042AD001C42AD00282B6EFF8C002460006D
S214191B90FE882F2EFF7420474868000C486C0018E2
S214191BA04EB9001955D6300652403200E04919414F
S214191BB00002194000032243205170001028000229
S214191BC0E1888028000390463200E049114100025E
S214191BD0114000032F2EFF90486B001C4EB90019B8
S214191BE001762A004FEF00146700FF4E222EFFAC35
S214191BF082AEFFB06718487800012F2EFFB02F2E3F
S214191C00FFAC2F0B4EB9001870524FEF0010286E0C
S214191C10FFE0262EFF9C45F43808283C001885D28C
S214191C2049F9001870524BF900195DD44AAEFFD81D
S214191C306C000174282EFFE46000F61E7C001C144C
S214191C40E14E484642467E001E2C00014847424750
S214191C508E867C001C2C0002E18E8C878C2C00034F
S214191C60BC826400FB5049EC000C6000FB484A80BB
S214191C7067242200D280D081D080D0802F002F0CEC
S214191C80486C000C2D48FF784EB9001955D64FEF01
S214191C90000C206EFF78200242404840E048188029
S214191CA0200242404840194000012002E0881940AD
S214191CB0000219420003200542404840E0481940F6
S214191CC00004200542404840194000052005E088D8
S214191CD019400006194500073004E0481940000865
S214191CE019440009700010280002E18880280003B2
S214191CF052403200E0491141000202800000FFFF05
S214191D001140000352802200D280D081D080D0802A
S214191D1041F008F4B1CC6500017A2F0D486B001C10
S214191D204EB9001901762A00508F6600FEE2B68277
S214191D306500015A2B4C00247400142C0004E14A47
S214191D40484242427000102C0005484042408480A8
S214191D507000102C0006E1888082802C0007720023
S214191D60122C0008E189822C00092A812B400004D4
S214191D707401206EFFE0226EFFA049F098D42E2E33
S214191D80FFD4DEAEFFE42007D087D087D080D0807E
S214191D909087D080D080206EFFDC4BF008D476D4A4
S214191DA0D6AEFFE0607A2412262A00042C028C8311
S214191DB067282F0A206B00142F28000220444E9003
S214191DC0487800012F032F022F0B4E9448780010E5
S214191DD042A72F0A4E954FEF002453AEFFD845EA77
S214191DE0FFD46000FE484A026748487800012F0D64
S214191DF02F0B4EB9001907FA4878002C2F0C2F0D07
S214191E004EB900195D644878002C42A72F0C4EB9BC
S214191E1000195DD44FEF002449ECFFD44BEDFFD4E5
S214191E20B68C66C276FF2D43FFE4282EFFE46000C9
S214191E30EE7A202C000880AC000C67DC487800018C
S214191E402F0C2F0B4EB9001907FA4FEF000C60C86C
S214191E50282EFFE47A0C6000F400240A518220121E
S214191E60222A000426008681671A487800012F0165
S214191E702F002F0B4E94487800012F022F0B4E95EA
S214191E804FEF001C45EAFFD46000F40A42026000D6
S214191E90FEE27A056000FD787E003E03226EFFDCC6
S214191EA0286EFFE441F1C82042AEFFE46000F40E4C
S214191EB04E56FFEC48E73F3C286E00082C2E0010C3
S214191EC0206C001076001628002EE18B8628002F2D
S214191ED0C6FC002C206E000C2650D7C32A6B00288F
S214191EE070001015E148484042407400142D000156
S214191EF04842424280827400142D0002E18A84808E
S214191F00842D00032F0D4EB9001900BC588F3A00C6
S214191F1045EC001CBC826646082E00020017673284
S214191F207000102D0004E188802D00050040800007
S214191F303200E0491B4100041B4000052F0B2F0AF5
S214191F404EB900190176508F4CEE3CFCFFC44E5E1C
S214191F504E75E0481B4000041B45000560DE720004
S214191F60122D0008E149484142417800182D000910
S214191F704844424482847800182D000AE18C8881EE
S214191F80882D000B7E001E2D0006E18F8E2D000772
S214191F9030069042082E00010017660000943200A1
S214191FA0E0491B4100041B4000052F0B2F0A4EB9B0
S214191FB000190176508F4A80668E70003007220409
S214191FC0204691C22D48FFF042AEFFEC282EFFECBA
S214191FD0D2AEFFF0D1842D46FFF49446D4453D4247
S214191FE0FFF82D41FFFC3D40FFFA082E00020017AE
S214191FF06708004280003D42FFF848780020486E86
S214192000FFF42F2E000C2F0C4EB900190C8C4FEF25
S21419201000104A806700FF323005E0481B40000474
S2141920201B450005206E000CD6902F036000FF108C
S214192030004080006000FF684E56FF7C48E73F3C32
S214192040266E000842AEFFEC206B001076001628AC
S214192050002EE18B8628002F486EFFEC2F2E000CE1
S2141920602F0B4EB9001908B42E004FEF000C66005E
S21419207001583C03CCFC002CDCAEFFEC204624684F
S2141920800028B4FC00006700014070001012E148F7
S214192090484042407400142A000148424242808255
S2141920A07400142A0002E18A8480842A0003B4AEDC
S2141920B0000C620001142F0A49F9001900BC4E944D
S2141920C0588F2802538402800000FFFFD084B0AED8
S2141920D0000C650000F4B4AE000C640001102F0A61
S2141920E04E94588F38407000300CD880B8AE001017
S2141920F0630000FA7600162A0004E18B862A00058A
S2141921002E2E001052877200122A0008E149484103
S21419211042417000102A00094840424082807000EF
S214192120102A000AE18880817200122A0006E189C5
S2141921302801882A00072A008A2A000B200790827D
S2141921402D40FFE842AEFFE4202EFFE4DAAEFFE8AA
S214192150D980302E000E90423200E0491541000415
S214192160154000050C4380006310004080003200C3
S214192170E04915410004154000052F06486B001C60
S2141921804EB9001901762D47FFF0302E0012464041
S214192190D440D44C3D42FFF42D45FFF83D44FFF69C
S2141921A0508F0C4380006308004280003D42FFF4C4
S2141921B042A7486EFFF0486EFFEC2F0B4EB9001978
S2141921C00C8C2E004FEF001042A72F2EFFEC2F0B72
S2141921D04EB9001907FA2F2EFFEC4EB9001935180B
S2141921E020074CEE3CFCFF544E5E4E757C003C03BB
S2141921F024462006D086D086D080D0809086D0807F
S2141922002D40FF92286EFFECB5C666000532222EC9
S214192210FF92D2812D41FFB2207418207000102829
S2141922200002E188802800034A80661C487806E385
S21419223048790019F9F948790019E85B4EB9001977
S21419224051844FEF000C60FE52802200D280D0815C
S214192250D080D0804BF008F472001228000CE149A7
S2141922604841424174001428000D48424242828275
S21419227074001428000EE18A84818428000F2F0D1B
S2141922804EB9001900BC588F78001815E14C48440F
S21419229042447600162D0001484342438684720054
S2141922A0122D0002E1898283822D0003028000002C
S2141922B0FFFF224141F108FF2D6E000CFFD4B4AE8A
S2141922C0000C63042D42FFD42D6E0010FF7EB1EE74
S2141922D0001064042D48FF7E206B00107000102833
S2141922E0002EE1888028002F720032002D41FFBE93
S2141922F0C0FC002C2D40FFC6D08C2D40FFE020409E
S2141923002D680028FFD02A6800207000102D0002C2
S214192310E188802D00033D40FFCA206EFFD042AEF3
S214192320FFC2222EFF7E46812D41FF8E262EFF7E6E
S21419233052832D43FF96226EFFE024290020224265
S214192340700010290002E1888029000322005281BA
S2141923502001D081D081D080D08043F108F4B3C851
S214192360652C70001010E14848404240720012284F
S2141923700001484142418081720012280002E18919
S214192380828082280003B2AEFF7E630000C44AAE84
S214192390FFC26704206EFFC27000102D0002E1888C
S2141923A0802D0003220052812001D081D081D08057
S2141923B0D08043F508F4B1C9623E93C82009E48079
S2141923C02F3CAAAAAAAB2F002D48FF8A4EB900198E
S2141923D0C15C508F220052812001D081D081D080DB
S2141923E0D0802F00206EFF8A2F082F2EFFD04EB9CF
S2141923F0001955D64FEF000C302EFFCAE0481B4087
S21419240000021B6EFFCB00032F2EFFE0486B001C4B
S2141924104EB900190176508F700CD08D206EFFE0E2
S214192420B0A80028670002647000102D0002E18829
S214192430802D00034A80670002DC4AAEFFBE6700A3
S214192440026E700C222EFFC6D1B418F86000026016
S2141924502F082D41FF862D48FF8A4EB9001900BC5A
S214192460588F206EFF8A7A001A280008E14D4845D1
S2141924704245740014280009484242428A82740070
S2141924801428000AE18A8485760016280006E18B4E
S214192490862800072D43FFD88428000B2D42FFDC21
S2141924A076003600222EFF86B2AEFFD46400010AEB
S2141924B0200190AEFFD4D6802D43FF82242EFFD460
S2141924C09481780CD9AEFFD02D6EFFD8FFE42D6E0F
S2141924D0FFDCFFE82A01282EFFD4200490812D4026
S2141924E0FFA642AEFFA2202EFFA2222EFFA6262E60
S2141924F0FFD8D2AEFFDCD1832D40FFB62D41FFBAEF
S2141925002D48FF8A4EB900180408206EFF8A4A0023
S2141925106C5648790019F92748790019E88B4EB98D
S21419252000195184487805F748790019E88E4EB98C
S214192530001951842F2EFF822F2EFFBA2F2EFFB689
S2141925402F0448790019FA114EB9001951844FEF22
S21419255000242279001A09EA2F2900084EB9001911
S2141925604970588F206EFF8A2F2EFF822F2EFFBAA2
S2141925702F2EFFB62F0B2D48FF8A4EB90018705212
S214192580200542404840E048206EFF8A108020050A
S21419259042404840114000012005E08811400002E1
S2141925A0114500034FEF00104A826670536EFFCA3A
S2141925B041E8000C6000FD802D43FF822403D4817E
S2141925C020025380B0AEFF7E633CD4AEFF8E95AE2C
S2141925D0FF822A2EFF96200590812D40FFAE42AE2F
S2141925E0FFAA262EFFAA282EFFAE202EFFD8D8AE79
S2141925F0FFDCD7802D43FFE42D44FFE828012D4842
S214192600FFC26000FED62D6EFFD8FFE42D6EFFDCEC
S214192610FFE82A01280174006000FEC07000102827
S2141926200004E188802800053202E04911410004BF
S21419263011420005222EFFE842414841E049114166
S2141926400008222EFFE84241484111410009222E76
S214192650FFE8E0891141000A116EFFEB000B322EDC
S214192660FFE6E04911410006116EFFE700070C402E
S21419267080006300FF3C004280003002E0481140B1
S2141926800004114200056000FF287000102D00029A
S214192690E188802D00034A806700FD8E2F0C2F0BD2
S2141926A04EB9001901A4508F4A806700FD7C42A7D5
S2141926B0262EFFB2D6AEFFEC2F032F0B4EB90019FC
S2141926C007FA538A4FEF000CB4FC00006C00FB3677
S2141926D0226EFFEC20690020700010280002E188A5
S2141926E0802800034A806600FAE0206B0010422812
S2141926F0002E4228002F4228002C117C0004002DA1
S2141927002F09486B001C4EB9001901762E00508F00
S2141927106000FAB6206EFFE02028000880A8000C9A
S2141927206700FD18226EFFBE4869FFFF2F0C2F0B9E
S2141927304EB9001902CC4FEF000C6000FF724BF235
S214192740A800DBCADBCDDBCD9BCADBCDDBCD43F4E2
S214192750D80020690020700010280002E18880281F
S21419276000034A80670001862269002452802200ED
S214192770D280D081D080D08041F008F4B1C9652AC2
S21419278072001211E14948414241700010290001B6
S214192790484042408280700010290002E1888081FA
S2141927A080290003B0AE0010632AB4FC00006E1A2C
S2141927B0B4FC000066000152538A6000FF0C720CCC
S2141927C0D2802B4100246000FF00760CD7B4D8F8CD
S2141927D0600001364878001042A7486EFFF04EB9DF
S2141927E000195DD4742CD48DD9C24FEF000C282C47
S2141927F0000888AC000C671042A72F0C2F0B4EB997
S214192800001907FA4FEF000C2606968A5383206E96
S214192810FFEC2070D824720012280004E1494841C0
S21419282042417000102800054840424082807000DE
S21419283010280006E188808149EEFFF02F0C2F033F
S214192840720012280008E189822800092D41FF9A92
S214192850802800072D40FF9E2F2EFF9E2F2EFF9AB1
S2141928602F0B4EB90019059E2E004FEF0014660067
S214192870F958202EFFECDBC0206D00247A001A28A8
S2141928800004E14D4845424578001828000548449B
S21419289042448885720012280006E18982848228BB
S2141928A00007780018280008E18C882800092A846F
S2141928B02B4100042A40DBC2487800102F0C486DC3
S2141928C000084EB900195D64202EFFFC2B4000202D
S2141928D02B430018528A4FEF000CB5C66600FEE06F
S2141928E0780CD8802B4400286000FDDEB4FC00006C
S2141928F06F00FEBE486AFFFF2F0C2F0B4EB900194A
S21419290002CC2E004FEF000CDBEEFFEC486D0008F2
S214192910206B00142F2800024EB9001885D2508F4C
S2141929206000FE964E56FFD448E73F3C246E0008DA
S214192930242E000C162E001B42AEFFEC4AAE0014D5
S214192940670A206E0014429042A800044AAE001C82
S2141929506706226E001C429149EEFFEC2F0C2F02DF
S2141929602F0A4EB9001908B428004FEF000C67302B
S21419297042AEFFEC202EFFEC671A42A72F002F0A53
S2141929804EB9001907FA2F2EFFEC4EB90019351853
S2141929904FEF001020044CEE3CFCFFAC4E5E4E751B
S2141929A02A6EFFEC206A001070001028002EE188AD
S2141929B08028002FC0FC002C26750828B6FC0000BD
S2141929C0670002A072001213E149484142417E0095
S2141929D01E2B00014847424782877E001E2B0002A5
S2141929E0E18F8E818E2B00032F0B4EB9001900BC78
S2141929F0588FBE826200026C7A003A00224741F173
S214192A0058FFB1C26500025C7200122B0008E1493A
S214192A10484142417C001C2B0009484642468286A2
S214192A207C001C2B000AE18E8C817000102B00068E
S214192A30E188802B00072206822B000B204791C2C3
S214192A40DA887C001C2B0004E18E8C2B00050C46C2
S214192A508000624E94872D42FFE042AEFFDC242EA2
S214192A60FFDC262EFFE0D681D5802D42FFE42D43CC
S214192A70FFE8202E0010BA80640220054AAE001422
S214192A80670E206E001420AEFFE4216EFFE80004E6
S214192A904AAE001C6700FEDE226E001C2280600013
S214192AA0FED44A03670002622D45FFD4BAAE001061
S214192AB063062D6E0010FFD4204291C72D48FFE8FB
S214192AC042AEFFE42C2EFFE42E2EFFE8DE81DD80D9
S214192AD02D46FFE42D47FFE8206A001472001228DD
S214192AE0001EE1494841424170001028001F484025
S214192AF042408280700010280020E188808180285A
S214192B0000212E3C00000400E1AF2D47FFD82D6EA2
S214192B10FFE4FFDC2D6EFFE8FFE0760047EEFFF0DE
S214192B2049F900195DD44BF900186904B6AEFFD4FB
S214192B306662206A001070001028002EE18880282E
S214192B40002FC0FC002C206EFFEC207008287000A7
S214192B501010E148484042407C001C2800014846B5
S214192B60424680867C001C280002E18E8C808C28C8
S214192B700003BC826300008C4878077648790019F0
S214192B80F9F948790019E85B4EB9001951844FEFE5
S214192B90000C60FE4878001042A72F0B4E942F2E7B
S214192BA0FFE02F2EFFDC2F0B206A00142F280002BF
S214192BB04EB9001869584FEF001C4A806600009EEF
S214192BC02F2EFFD842A72F2EFFFC4E942F2EFFF83C
S214192BD04E952F0B206A00142F2800024EB90018A4
S214192BE085D242867E01DFAEFFE0222EFFDCD38639
S214192BF02D41FFDC4FEF00184A8066605283600053
S214192C00FF2CD6822F084EB9001900BC588F0280A7
S214192C100000FFFFD08649EEFFEC47F900191EB0F9
S214192C20B0836608487800022F02600ABC826618CC
S214192C30487800042F032F0C2F0A4E934FEF0010DD
S214192C404A806700FE2E6014487800062F032F0C62
S214192C502F0A4E934FEF00104A8067C8280060006D
S214192C60FD144A036700FD0E2F022F0D2F0A4EB9C9
S214192C70001904BC42AEFFF042AEFFF447EEFFF077
S214192C802F0B2F012F002F0A4EB900187492206EA1
S214192C90FFF0226EFFF44FEF001CB0FC0000660632
S214192CA0B2FC000067B62D42FFF02D49FFF83D48EB
S214192CB0FFF63D7C0001FFF442A72F0B2F0C2F0ABD
S214192CC04EB900190C8C26004FEF0010206EFFF835
S214192CD07400342EFFF64A8067207000302EFFF4F9
S214192CE02F0020022F082F002F0A4EB900187052F5
S214192CF04FEF001028036000FC7C2D42FFE42D489E
S214192D00FFE87A016000FD6C42AEFFE442AEFFE8D0
S214192D106000FD604E56FFE42F0A2F02242E00088D
S214192D2045EEFFE44878001C48790019FA2B2F0A5B
S214192D304EB900195D644878001B2F0A4EB9001861
S214192D40682A4FEF001445F90018EAA87009B082EE
S214192D506518060200300282000000FF2F024E920C
S214192D60700A2E804E92588F60FE4878003F60EEAB
S214192D704E5600002F0246FC27004AB9001A1EBC00
S214192D806610203C001E5F6772FCC08123C0001AC3
S214192D901EBC2039001A1EBC206E000C41F0080318
S214192DA0220874FCC48123C2001A1EBC46FC2200E9
S214192DB0241F4E5E4E754E56FF6048E73020206E33
S214192DC0000C246E0010B0FC000067044A1067025D
S214192DD060FE260E0683FFFFFF642F03486EFF6012
S214192DE02F084EB900184D3C2400206E000820808C
S214192DF04FEF000C667E256EFF6C001842AA001471
S214192E00256EFFF4003042AA002C256EFF740024AC
S214192E1042AA0020356EFF620002356EFF7C000C58
S214192E202F034EB90018594C34807000302EFF64A9
S214192E3025400004257C000004000038222EFF6877
S214192E4020010680000001FF7609E6A82540003C0F
S214192E50356EFF66000A25410010357CFFFF000E0F
S214192E60356EFF7E0008588F20024CEE040CFF5476
S214192E704E5E4E7574FF60F04E560000202E000C04
S214192E80E1880680001A1EC02D40000C4E5E4EF9D1
S214192E9000192DB64E5600007002B0AE000C54C084
S214192EA0488048C044804E5E4E754E56000048E72E
S214192EB02030266E0008202E000C222E00147402D4
S214192EC0B4806D0470FF6042D080D08041F9001A3A
S214192ED026C024700800B4FC00006606701626800A
S214192EE060E27402B48165DC2F012F2E00105BC0DE
S214192EF0488048C02F002F0A4EB900184C38268033
S214192F004FEF001066BE202A00184CEE0C04FFF492
S214192F104E5E4E754E56000070E2D0AE00087243F3
S214192F20B280650E41F90019FAC2103008004E5EDB
S214192F304E75700760F84E56000070D7D0AE000870
S214192F407242B280650E41F90019FA7F10300800F6
S214192F504E5E4E75420060F84E56FFB848E73F3C45
S214192F60246E00082A2E000C286E001074004204E5
S214192F7076024BEEFFC04A8567041212660C2002D1
S214192F804CEE3CFCFF904E5E4E750C01001B660025
S214192F90013E0C2A005B00016600013448780020C7
S214192FA042A72F0D4EB900195DD441EA00024FEF22
S214192FB0000C7200200126482C059C812D46FFB86E
S214192FC01C105288670C0C06006D67067E1FBE81A2
S214192FD0665E0C13006D660000D6423608C0487847
S214192FE0001F2F0D7AE0487658004EB900195BF489
S214192FF0422EFFFF486EFFBC48790019FA474876FB
S21419300058002A3C00195D1220454E904FEF0018C3
S2141930102C3C00192F142E3C00192F364A80662690
S21419302097CA528BD5CB2A2EFFB89A8B6000FF48C9
S214193030528026481B8618002200B0856600FF7647
S21419304042AEFFB8608C2F004EB90019337220407B
S21419305043E8FFE2588F7007B089640843E8FFA673
S214193060B08965202F0820464E90588F1600486E56
S214193070FFBC48790019FA4742A720454E904FEFF2
S214193080000C609843E8FFD87007B089640843E8D5
S214193090FF9CB089650C2F0820474E90588F180052
S2141930A060CCB0FC000066C64204760760C0528A3F
S2141930B070001004E9888003E1880040001B3880FE
S2141930C052822A2EFFB85385548C6000FEAA528A63
S2141930D070001004E9888003E188488182403881AD
S2141930E0528260E24E56FFFC48E73C30246E0008D8
S2141930F0262E000C2A2E0010242E0014200353808E
S214193100E28866522002D0822F004EB90019350483
S21419311026002F002F022F054EB900192F5846FCEE
S21419312027004FEF00104A8267122F032F004878A6
S21419313000144EB90018EA404FEF000C46FC220066
S2141931402F034EB9001935182002588F4CEE0C3C37
S214193150FFE44E5E4E752003578047F9001A26C0C5
S2141931602803D8837204B28065282004D0842033BB
S21419317008006732486EFFFC2F022F052F004EB944
S2141931800018479024804FEF00106648202EFFFC49
S21419319060BA7008B0836C0E48790019FA494EB9AE
S2141931A000195276588FD8844AB34800660E487963
S2141931B00019FA5E4EB900195276588F7202B28308
S2141931C06D0E48790019FA6D4EB900195276588F56
S2141931D07009248070FF6000FF744E56FFFC48E7A4
S2141931E03838246E0008242E000C286E0010282E5D
S2141931F00014B4FC0000670000CA4A82664645F906
S2141932000018EA40B882660C20024CEE1C1CFFE43B
S2141932104E5E4E7542A742A7487800084E92260081
S21419322042A72F0042A74E92198328004FEF001885
S214193230200252800C03000A67D00C03000D67CADF
S214193240240060C02002578047F9001A26C02602BB
S214193250D6827204B28065282003D08320330800F2
S2141932606732486EFFFC2F042F0C2F004EB900183A
S21419327042E424804FEF00106648202EFFFC608A37
S2141932807008B0826C0E48790019FA494EB90019BF
S2141932905276588FD6834AB33800660E4879001985
S2141932A0FA5E4EB900195276588F7202B2826D0EB6
S2141932B048790019FA6D4EB900195276588F700967
S2141932C0248070FF6000FF444E56000048E73030F7
S2141932D0246E0008242E000C200257807204B28037
S2141932E0651247F9001A26C02602D682D6832033DD
S2141932F0380066107009248070FF4CEE0C0CFFF035
S2141933004E5E4E752F004EB90018429624802F3304
S21419331038004EB90019351842B33800E18A487892
S214193320010042A70682001A1EC02F024EB90019C4
S2141933305DD44FEF00144A9256C0488048C060BA10
S2141933404E56000070014E5E4E754E560000206EA9
S21419335000087058208070FF4E5E4E7542A742A72F
S2141933602F2F000C42A74EB900195E464FEF0010DA
S2141933704E754878000A42A72F2F000C4EB900192F
S2141933803FC84FEF000C4E752F2F00082F2F00083F
S2141933902F39001A09EA4EB9001933A24FEF000C5B
S2141933A04E7548E73820202F0018222F001C2400BD
S2141933B0424248422601424348434A426600009C1C
S2141933C04A43660000DEC0C12F002F2F00184EB9E1
S2141933D00019352C2440508F4A80670000BC70FCB9
S2141933E0C0AAFFFC59807224B28065387213B28065
S2141933F0644A429242AA0004721BB280644C42AAE2
S214193400000842AA000C7224B280670000B641EA8E
S2141934100010429042A8000442A80008200A4CDF77
S214193420041C4E752F0042A72F0A4EB900195DD4F9
S2141934304FEF000C200A4CDF041C4E75204A4290B0
S21419344042A8000442A8000860D241EA0008429047
S21419345042A8000442A8000860C24A4366483602D9
S21419346034013800C8C1C4C3260442434843D48330
S2141934702602484348C34A4366324842424220021B
S21419348080442F002F2F00184EB90019352C2440D0
S214193490508F4A806600FF4895CA200A4CDF041CE4
S2141934A04E75340060BC2F012F00508F2F012F004E
S2141934B0508F4EB900195D32720C2040208195CA82
S2141934C060D842AA001041EA001842AA0014429095
S2141934D042A8000442A800086000FF422F02242FC9
S2141934E0000842A72F024EB900195EDC2079001A8F
S2141934F0284C508FB0FC000067024E902F024EB930
S21419350000192D142F2F00042F39001A09EA4EB965
S2141935100019352C508F4E752F2F00042F39001A8D
S21419352009EA4EB900196072508F4E7548E73E3E4B
S214193530266F002C226F003041E9000B7016B088F8
S214193540655E7210B289650001E22F0B4EB900193B
S2141935503D6E588F307C001876027410D1FC001A14
S21419356005D62468000420085180B08A670001EE49
S21419357070FCC0AA0004206A000C226A00082348BE
S214193580000C214900087A018BB208042F0B4EB99A
S21419359000193D70200A5080588F4CDF7C7C4E7580
S2141935A0240876F8C483B0FC00006D00017EB48947
S2141935B0650001782F0B4EB900193D6E588F2602FB
S2141935C00C82000001F76300041C7C09ECAB670051
S2141935D001667004B083650003242602EC8B387CE0
S2141935E00038D9C37239D6812003E7882040D1FC28
S2141935F0001A05D643E8FFF824680004B5C96732EF
S21419360072FCC2AA000420019082780FB8806D203F
S214193610206A000C4A806C000260B1C967142448FD
S21419362072FCC2AA000420019082780FB8806CE060
S214193630260C2479001A05E6B5FC001A05DE670083
S214193640013870FCC0AA0004220092827C0FBC814B
S2141936506D0003B023FC001A05DE001A05EA23FCE8
S214193660001A05DE001A05E64A816C000360223945
S214193670001A05DA0C80000001FF62000220E688B5
S2141936802A00E4857801EBAC828423C1001A05DA96
S214193690E7882040D1FC001A05DE225049E8FFF8D9
S2141936A0254C000C25490008208A234A000C2003C3
S2141936B0E4807801E1ACB284650000D22004C081B0
S2141936C0660E7AFCC6855883D8842004C08167F6AE
S2141936D02003E7882840D9FC001A05D6224C2A036D
S2141936E02069000CB1C96700025272FCC2A8000416
S2141936F02001908224482068000C7C0FBC806D0045
S214193700027A4A806DDE7A018BB21804226A0008A2
S2141937102348000C214900082F0B4EB900193D709B
S214193720200A5080588F6000FE72780C268470002C
S2141937304CDF7C7C4E75203C000002007640387CBD
S214193740003F2040D1FC001A05D643E8FFF824684C
S2141937500004B5C96600FEAA6000FED82468000CED
S214193760B5C86600FE0C54832479001A05E6B5FC24
S214193770001A05DE6600FECC2239001A05DA200387
S214193780E4807801E1ACB2846400FF322479001A2F
S21419379005DE7AFCCAAA0004B485620C200590825C
S2141937A07C0FBC806D0000A6280AD8852602D6B9DB
S2141937B0001A271070FFB0B9001A05CE670003DE8D
S2141937C006830000100F0243F0002F032F0B4DF94C
S2141937D000192D704E962840508F7CFFBC806700CC
S2141937E00298B0846500028A4BF9001A26E0204335
S2141937F0D1D520082A88B9C4660002E4220C0281B1
S21419380000000FFF660002D82879001A05DED68553
S2141938107001868029430004B1F9001A270C630643
S21419382023C8001A270CB1F9001A2708630623C8FB
S214193830001A2708244C7CFCC68620039082B48381
S2141938406200033C720FB2806C00033476018682E4
S2141938502543000441F2280023C8001A05DE780122
S2141938608880214400042F0B4EB900193D70200A98
S2141938705080588F6000FD24226A00082348000CE7
S214193880214900087A018BB218042F0B4EB900197A
S2141938903D70200A5080588F6000FD0028007A0974
S2141938A0EAAC7C04BC84640001A07A14BA8465006E
S2141938B00316327C005BD3C47C5CD886E78C204424
S2141938C0D1FC001A05D649E8FFF82050B1CC67009C
S2141938D001DE78FCC8A80004B084640820680008D3
S2141938E0B1CC66EE2868000C254C000C254800085B
S2141938F0294A0008214A000C6000FDB47814B883E0
S214193900640001847C54BC83650002EE2602700CA8
S214193910E0AB387C006ED9C3726FD6812003E78876
S2141939202040D1FC001A05D643E8FFF824680004A5
S214193930B5C96600FCCC6000FCFA50895285700344
S214193940C0856600FD9C7003C0836700040E538310
S214193950518CB9EC000867EE2039001A05DAD884BC
S214193960B0846500FE284A846700FE222204C280BD
S214193970660003B05885D88460F243F228007601B1
S214193980868225430004286A00082948000C214C21
S214193990000823C9001A05EA23C9001A05E6237C7C
S2141939A0001A05DE000C237C001A05DE00087801D3
S2141939B0888023440004258018002F0B4EB900195F
S2141939C03D70200A5080588F6000FBD07A018BB268
S2141939D008042F0B4EB900193D70200A5080588FD5
S2141939E06000FBB8E68B20425088D1FC001A05D639
S2141939F02468000420085180B08A6600FB746000B1
S214193A00FD5C41F22800760186822543000423C80E
S214193A10001A05EA23C8001A05E6217C001A05DEF5
S214193A20000C217C001A05DE0008780188812144E3
S214193A300004258108002F0B4EB900193D70200A85
S214193A405080588F6000FB542800EC8C204443E8C3
S214193A50003841E800392808E78C2044D1FC001AC0
S214193A6005D649E8FFF82050B1CC6600FE66603EE0
S214193A70B5FC001A05D6675A2479001A05DE262AD7
S214193A8000046000FDB2387C005BD9C37A5CD68529
S214193A902003E7882040D1FC001A05D643E8FFF832
S214193AA024680004B5C96600FB586000FB86200927
S214193AB0E4807801E1AC828423C1001A05DA254C2A
S214193AC0000C25480008294A0008214A000C600005
S214193AD0FBDE4BF9001A26E02003D0952A8072FFE8
S214193AE0B2B9001A05CE67000146220C9284D2801C
S214193AF02A812C0C7807CC84670000AA7008908657
S214193B00D9C0D68C283C0000100898869883028461
S214193B1000000FFF2F042F0B4E96508F72FFB280A6
S214193B20676C908C2600D6842044D1D52A8823CC5D
S214193B30001A05DE7001868029430004B5FC001AB8
S214193B4005D66700FCD4720FB285642E72F4D2853E
S214193B5076F8C2837001C0AA00048081254000044B
S214193B60780525841804258418087A0FBA81650003
S214193B700138262C00046000FCA0294000042F0BF5
S214193B804EB900193D70588F70006000FBA422438F
S214193B9041F168F82608968C7800608C7210D681E8
S214193BA06000FC28280CD8834484028400000FFF88
S214193BB02F042F0B4E96508F7CFFBC806600FF6437
S214193BC078006000FF647A54BA84656C2C00780C0F
S214193BD0E8AE204643E8006E41E8006F2808E78CF7
S214193BE02044D1FC001A05D649E8FFF82050B1CC7C
S214193BF06600FCE06000FEB80C8300000154626E9B
S214193C002602780FE8AB387C0077D9C37A78D68540
S214193C102003E7882040D1FC001A05D643E8FFF8B0
S214193C2024680004B5C96600F9D86000FA0623CCE2
S214193C30001A05CE6000FEBC0C8400000154620018
S214193C4000862A007C0FECAD204543E8007741E852
S214193C5000782808E78C2044D1FC001A05D649E8D4
S214193C60FFF82050B1CC6600FC6A6000FE420C8357
S214193C700000055462000086260242434843E44B7E
S214193C80387C007CD9C37C7DD6862003E788204003
S214193C90D1FC001A05D643E8FFF824680004B5C914
S214193CA06600F95E6000F98C486A00082F0B4EB959
S214193CB00019607220552879001A05DE262C000492
S214193CC0508F6000FB540C8400000554626A28006B
S214193CD042444844E44C204443E8007C41E8007DD3
S214193CE02808E78C2044D1FC001A05D649E8FFF8C5
S214193CF02050B1CC6600FBDC6000FDB4203C00000F
S214193D0003F8767F387C007E2040D1FC001A05D651
S214193D1043E8FFF824680004B5C96600F8E46000B3
S214193D20F91226052003E7882840D9FC001A05D67B
S214193D30224C2A036000F9AA283C000003F8327CBA
S214193D40007E2044D1FC001A05D649E8FFF8205019
S214193D50B1CC6600FB7E6000FD5620044680C0B9D3
S214193D60001A05DA23C0001A05DA6000FBF24E7550
S214193D704E7548E73F3C2C2F003824067024B08631
S214193D80650000EA7201B286670000E2266F00300D
S214193D9041F90019FB07220B7000101B08300003AD
S214193DA0080066F22440702DB08A6700016E702BE9
S214193DB0B08A670000DA283C7FFFFFFF9BCD4A8652
S214193DC0660000E47030B08A67000168740A7C0ADD
S214193DD02F022F044EB90019C20C508F26002F023D
S214193DE02F044EB90019C180508F2E007200700032
S214193DF049F90019C15C41EAFFD07A09BA88652EDB
S214193E002448B5C66C3C7AFFBA816712B0876274CB
S214193E10676E2F022F004E94508FD08A72017A0047
S214193E201A1B244541EAFFD07A09BA8864D241EAB6
S214193E30FFBF7A19BA88650000AA45EAFFC9B5C650
S214193E406DC474FFB481670000AEBAFC0000670247
S214193E5044804AAF0034670E4A816600015E206FBF
S214193E60003420AF00304CDF3CFC4E754EB90019BB
S214193E705D3274162040208270004CDF3CFC4E7573
S214193E80B5C36F8E72FF7A001A1B244560967A00A6
S214193E901A1324452641548B283C7FFFFFFF9BCDE0
S214193EA04A866700FF207210B2866600FF247430B7
S214193EB0B48A670000B874102F022F044EB900197F
S214193EC0C20C508F26002F022F044EB90019C1803C
S214193ED0508F2E007200700049F90019C15C6000FD
S214193EE0FF1641EAFF9F7A19BA886500FF5645EA18
S214193EF0FFA96000FF0E206F002C7A2220854AAF9A
S214193F000034670000AE538B2F4B00302004206F0F
S214193F10003420AF00306000FF4E7A001A13244593
S214193F202641548B283C800000003A7C0001600032
S214193F30FE8E10130200FFDF0C000058673C740851
S214193F407C082F022F044EB90019C20C508F260078
S214193F502F022F044EB90019C180508F2E007200FF
S214193F60700049F90019C15C6000FE8C101302003C
S214193F70FFDF0C0000586600FF3E7A001A2B00017E
S214193F802445548B74107C102F022F044EB9001937
S214193F90C20C508F26002F022F044EB90019C1806B
S214193FA0508F2E007200700049F90019C15C60002C
S214193FB0FE4620044CDF3CFC4E752800538B2F4BD5
S214193FC0003020046000FF482F2F000C2F2F000C04
S214193FD02F2F000C2F39001A09EA4EB900193D7215
S214193FE04FEF00104E754FEFFFA448E73F3E2C2FBA
S214193FF0008C282F00902E2F0094286F00982006EA
S21419400080877203C0816700072076022207E48939
S2141940102F41003042AF0038240744822207D28746
S2141940202F4100402F072F044EB90019C15C508F3D
S21419403024402A06DA872F45003C41F268002F48AB
S21419404000347006B084640001222F072004E28829
S2141940502F004EB90019C15C508F2646D7C095C798
S2141940604DF268007007B08467287228B28465001C
S214194070048E280E24462F0B2F0A4E94508F4A80F2
S2141940806D00045A2F042F0B4E94508F4A806F00E0
S21419409001F44A83660002042046201020932680E5
S2141940A0246F003C264E2F4A002C78002A4ABDCA97
S2141940B0640001184A84670002AA280A98AF002CDF
S2141940C0206F002C91C6B8886C022044B0FC000002
S2141940D0660003C62A0B9A8E202F0034908B908781
S2141940E0BA80640220054A8066000168246F00348D
S2141940F095C5B885650C20052A042800200A24468B
S2141941002C00BE84640003447007B0AF0038650005
S2141941100492202F0038E78841EF0088D1C0214A41
S214194120FFC045E8FFC447F90019C1802F072F05BE
S2141941304E93508F248052AF00382F072F044E937A
S214194140508F28002F072F044EB90019C15C508FC5
S21419415024402A06DA872F45003C41F268002F488A
S21419416000347006B0846500FEE2BA8864382C6F95
S21419417000342A6F0030282F0040BC85642226455B
S214194180244BD7C22F0A2F0B4E94508F4A806F108C
S2141941904A8366000268201224932680BC8B65E049
S2141941A0DA87BA8E65D44AAF00386700020053AF73
S2141941B00038202F0038E78841EF0088D1C02C2816
S2141941C0FFC02828FFC46000FE5C2F062F0A4E94F5
S2141941D0508F4A806F502F062F0E4E94508F4A805C
S2141941E06D284A8066104A83660000E020162C93D4
S2141941F02680D7C27801DDC2B5CE6200FEB82F067A
S2141942002F0E4E94508F4A806CD84A836600010E42
S214194210201224962C80D5C7DDC278012A4ABDCA39
S2141942206500FE9260A44A80661A4A8366000238C0
S214194230206F002C2010209224802008D0872F4031
S214194240002C7801D5C72A4ABDCA6500FE686000E9
S214194250FF7A206F003491C07202B283660004029E
S214194260D08A12151AD010C12200928D4A816F0079
S214194270FE7C12151AD010C12200928D4A816EE268
S2141942806000FE6A2F042F0A4E94508F4A806D00E4
S214194290026826444A836700FE0070012246B083EE
S2141942A067000362222F003C101112D316C020019A
S2141942B090894A806F00FDEA101112D316C02001AA
S2141942C090894A806EE26000FDD87201224B204E1A
S2141942D0B2836726220ED287101010D112C0200181
S2141942E090884A806F00FF0C101010D112C0200160
S2141942F090884A806EE26000FEFA202F0030221065
S21419430020D122C153804A806F00FEE8221020D1A6
S21419431022C153804A806EE66000FED87001204E96
S214194320B0836724D5C710151AD010C0200A908DEF
S2141943304A806F00FEE410151AD010C0200A908D1E
S2141943404A806EE26000FED2202F003022152AD055
S21419435020C153804A806EF4D5C7DDC2780160004B
S214194360FEBC206F0034B1EF003C6300FE3A2C6FA0
S21419437000342A6F0030282F0040BC85642026455B
S214194380244BD7C22F0A2F0B4E94508F4A806F0E8C
S2141943904A836622201224932680BC8B65E2DA872C
S2141943A0BA8E65D64AAF00386600FE044CDF7CFC30
S2141943B04FEF005C4E757201204BB2836722220BB9
S2141943C0D284101214D010C02001908A4A806FCA65
S2141943D0101214D010C02001908A4A806EE460BA78
S2141943E0200D221224D020C153804A806FAC22128D
S2141943F024D020C153804A806EE8609E7201204BFB
S214194400B2836726220BD284101214D010C0200152
S214194410908A4A806F00FD86101214D010C02001B1
S214194420908A4A806EE26000FD74200D221224D014
S21419443020C153804A806F00FD64221224D020C107
S21419444053804A806EE66000FD5447F90019C18012
S214194450BE856400FD522F072F054E93508F2800F6
S2141944602C0A6000FBC07001206F002CB083670017
S21419447001742008D087121010D51AC1220092880C
S2141944804A816F00FDBA121010D51AC122009288FF
S2141944904A816EE26000FDA8224A93C87002B08372
S2141944A06600018E2006D0882046121010D112C13F
S2141944B0220092884A816EF22A0B9A8E202F003497
S2141944C0908B9087BA806500015E4A806700FC1E53
S2141944D0206F003491C0D08A6000FD882F042F0BFE
S2141944E04E94508F4A806D00FBAA2F042F0A4E94C3
S2141944F0508F4A806D00FD9C264A6000FB96E68C1C
S2141945002F072F044EB90019C15C508F2800D08090
S2141945102A46DBC02446D5C42F0A2F064E94508F40
S2141945204A806D00022C2F0D2F0A4E94508F4A8008
S2141945306F00019E41F348002F48002C2204448145
S2141945402F4100442A4B9BC42F0B2F0D4E94508F8E
S2141945504A806D0001AE2F2F002C2F0B4E94508FD2
S2141945604A806F00011C282F0044D88E2A44DBEF9E
S21419457000442F042F0D4E94508F4A806D00013041
S2141945802F0E2F044E94508F4A806E00FAEA2F0E83
S2141945902F0D4E94508F4A806D000130280E600002
S2141945A0FAD62F0C2F0747F90019C1802F072F04A9
S2141945B04E93588F2E802F064EB900193FE64FEFAF
S2141945C00010BE856500FE9053AF0038202F0038C6
S2141945D0E78841EF0088D1C02C28FFC02828FFC4DF
S2141945E06000FA42202F0030221020D52AC15380AD
S2141945F04A806EF4202F002CD0872F40002C78018B
S2141946006000FC42202F0030221122D326C153808D
S2141946104A806F00FA8C221122D326C153804A8011
S2141946206EE66000FA7C20056700FAC26000FEA2FA
S2141946302008E4882446221224D122C153804A80B5
S2141946406EF42A0B9A8E202F0034908B9087BA809E
S214194650640220054A806700FA94206F003491C0DE
S214194660E48822152AD020C153804A806F00FA7E2A
S21419467022152AD020C153804A806EE66000FA6E51
S2141946802F2F002C2F0D4E94508F4A806D000094BA
S214194690266F002C282F0044D88E2A44DBEF0044BE
S2141946A02F042F0D4E94508F4A806C00FED42F0E77
S2141946B02F044E94508F4A806D00F9BC2F0E2F0D83
S2141946C04E94508F4A806D00FED4280D6000F9A8CC
S2141946D02F0D2F064E94508F4A806D000090244D52
S2141946E041F348002F48002C220444812F410044EE
S2141946F02A4B9BC42F0B2F0D4E94508F4A806C005B
S214194700FE562F2F002C2F0B4E94508F4A806D007B
S214194710FE562F2F002C2F0D4E94508F4A806D0069
S214194720FF70264D6000FE407004B08756C348835C
S21419473048C344832207E4892F41003042AF00382A
S214194740240744822207D2872F4100406000F8D6FA
S2141947502F0D2F0A4E94508F4A806D00FDD82F0DBD
S2141947602F064E94508F4A806D00FF7424466000C1
S214194770FDC448E73830266F0018246F001C322A0B
S214194780000C08010003660000C03401004208004E
S2141947903542000C4AAA00046F000118206A002846
S2141947A0B0FC00006700009A26134293202A001CCA
S2141947B00801000C67000116202A005008020002A2
S2141947C0670E90AA00044AAA0030670490AA003C13
S2141947D042A72F002F2A001C2F0B4E904FEF0010C8
S2141947E072FFB280660001202413322A000C781D4D
S2141947F0B882650000AE283C204000010504670019
S21419480000A238010244F7FF3544000C42AA0004FE
S21419481024AA00100801000C67064A8267000106E0
S2141948202683202A0030671841EA0040B1C0670C79
S2141948302F002F0B4EB900196072508F42AA003004
S21419484070004CDF0C1C4E75262A001067F22412D5
S21419485094832483024100036664202A00142540A9
S21419486000084A826FDA2F022F032F2A001C2F0BFB
S214194870206A00244E904FEF00104A806F20D68091
S21419488094804A826FBA2F022F032F2A001C2F0BEF
S214194890206A00244E904FEF00104A806EE0322AAC
S2141948A0000C004100403541000C70FF4CDF0C1C19
S2141948B04E754AAA003C6E00FEE4700060847000D3
S2141948C0254000084A826E9E6000FF7648780001EF
S2141948D042A72F002F0B4E904FEF001072FFB28099
S2141948E0670C342A000C206A00286000FED02213B8
S2141948F067F0741DB48167067816B88166A026839A
S21419490070006000FF3E322A000C34010242F7FFA5
S2141949103542000C42AA000424AA00100801000C13
S2141949206700FEFE254000506000FEF62F0B2F0A8A
S214194930246F000C266F0010B4FC000067064AAA04
S214194940003267204A6B000C66087000245F265FE9
S2141949504E752F4B00102F4A000C245F265F4EF918
S214194960001947722F0A4EB900194BCC588F60D4CC
S2141949702F0B2F0A246F000CB4FC0000674426790D
S214194980001A09EAB6FC000067064AAB003267202F
S2141949904A6A000C66087000245F265F4E752F0A57
S2141949A02F0B4EB900194772508F245F265F4E752C
S2141949B02F0B4EB900194BCC588F4A6A000C67D684
S2141949C060DC4879001A09DE48790019492C4879BB
S2141949D0001A09EE4EB900194FA84FEF000C245FC4
S2141949E0265F4E754879001A09DE487900198792AC
S2141949F04879001A09EE4EB900194FA84FEF000C66
S214194A004E752F0A246F0008202A00040C80001AFD
S214194A102714670C2F002F0A4EB900198792508F4A
S214194A20202A00080C80001A277C670C2F002F0AF2
S214194A304EB900198792508F202A000C0C80001A44
S214194A4027E4670C2F002F0A4EB900198792508F4A
S214194A50245F4E752F0B2F0A23FC001949E4001A00
S214194A60284C47F9001A2714429342B9001A2718F6
S214194A7042B9001A271C42B9001A277823FC0004E9
S214194A800000001A272042B9001A272442B9001A32
S214194A90272842B9001A272C4878000842A74879CF
S214194AA0001A277045F900195DD44E9223CB001AC7
S214194AB0273023FC0019528A001A273423FC0019C0
S214194AC052C2001A273823FC00195348001A273CEB
S214194AD023FC00195388001A274042B9001A277C6C
S214194AE042B9001A278042B9001A278442B9001A17
S214194AF027E023FC00090001001A278842B9001A8A
S214194B00278C42B9001A279042B9001A2794487878
S214194B10000842A74879001A27D84E9223FC001A93
S214194B20277C001A279823FC0019528A001A279CFA
S214194B3023FC001952C2001A27A023FC0019534857
S214194B40001A27A423FC00195388001A27A842B96B
S214194B50001A27E442B9001A27E842B9001A27ECC6
S214194B6042B9001A284823FC00120002001A27F03E
S214194B7042B9001A27F442B9001A27F842B9001A9E
S214194B8027FC4878000842A74879001A28404E9210
S214194B9023FC001A27E4001A280023FC0019528A5D
S214194BA0001A280423FC001952C2001A280823FCEC
S214194BB000195348001A280C23FC00195388001AA8
S214194BC028104FEF0024245F265F4E75206F0004CF
S214194BD04AA8003267024E75217C00194A02003233
S214194BE04AB9001A284C66EE4EF900194A544E7501
S214194BF04E7548E73F3E2C6F0030246F00342A6FFD
S214194C0000384AAD0008670000FA302A000C080080
S214194C100003670000F64AAA0010670000EE265542
S214194C2008000001675E76007400226A0024206A74
S214194C30001C283C7FFFFC004A82673E22020C8239
S214194C407FFFFC00630222042F012F032F082F0E6B
S214194C504E914FEF00104A806F0000D4D680948092
S214194C60222D000892802B41000867000096226AC0
S214194C700024206A001C4A8266C22613242B0004CC
S214194C80508B60B4760008000000670001087000B9
S214194C9078007E002A3C001955D649F90019492C86
S214194CA04A876700009E4A80670000A420032C07E5
S214194CB0B08764022C00242A0008202A0014221225
S214194CC0B2AA00106308D480B4866D0000A6BC8012
S214194CD06D0002622F002F042F2A001C2F0E206A47
S214194CE000244E9024004FEF00106F4296826732D0
S214194CF07001D8829E82222D000892822B410008CC
S214194D00669E70004CDF7CFC4E752F0A2F0E4EB92E
S214194D100019539A508F4A806620302A000C60007A
S214194D20FEFE2F0A2F0E4E94508F4A8067C4302AE3
S214194D30000C004000403540000C70FF4CDF7CFC36
S214194D404E752E2B0004204B508B67F628102F0714
S214194D504878000A2F044EB9001954C24FEF000CB8
S214194D604A80670002265280260096842003600037
S214194D70FF3E2F022F042F0120454E90D5922F0A61
S214194D802F0E4E944FEF00144A806700FF60302AAA
S214194D90000C609E99CC2212242A0008283C00197F
S214194DA055D62A3C0019C23C20412C02B8FC0000FA
S214194DB0670000D208000009670000D6B9C265006E
S214194DC001543E0002470480677C206A00102401C3
S214194DD09488222A00142E01DE81DE812E076A02AB
S214194DE05287E28743F428012207BE8964042E09F4
S214194DF022090800000A670001562F012F0E4EB926
S214194E000019352C2C00508F6700018A2F022F2A83
S214194E1000102F004EB900195D64302A000C0240AC
S214194E20FB7F004000803540000C4FEF000C2546F4
S214194E3000102046D1C22488254700142C0C9E82C7
S214194E4025470008240C2F022F032F0820444E90C4
S214194E509DAA0008D5924FEF000C240C99CCD68247
S214194E60202D000890822B4000086700FE96302AF5
S214194E70000C2212242A000820412C02B8FC00003B
S214194E806600FF322613286B0004508B6000FF1A49
S214194E90B2AA00106242202A0014B9C0653A240C3E
S214194EA0B9FC7FFFFFFF6306243C7FFFFFFF2F003F
S214194EB02F0220454E90508F94802F022F032F2AB1
S214194EC0001C2F0E206A00244E9024004FEF00106D
S214194ED06F00FE5C99C26086B9C26402240C2F0268
S214194EE02F032F0120444E90202A00089082254037
S214194EF00008D5924FEF000C4A8066D82F0A2F0E5D
S214194F004EB90019492C508F4A806600FE2299C264
S214194F106000FF4C2C0C240C2F022F032F08204462
S214194F204E909DAA0008D5924FEF000C240C99CCF0
S214194F306000FF2C2F062F042F0120454E909DAAA6
S214194F400008DD924FEF000C24066000FDA02F012B
S214194F502F082F0E4EB9001963C42C004FEF000C02
S214194F606600FECC2F2A00102F0E4EB9001960725B
S214194F70302A000C0240FF7F720C2C81508F0040A3
S214194F8000403540000C6000FDB220075280260014
S214194F906000FD1C700C2C80302A000C004000406C
S214194FA03540000C6000FD9448E73838282F001C5F
S214194FB0286F0020266F00247600246B0008242B07
S214194FC0000453826B280C6A0001000C63120C6AE9
S214194FD0FFFF000E670A2F0A2F044E948680508F03
S214194FE045EA006851CAFFE04242538264D8265304
S214194FF0B6FC000066C420034CDF1C1C4E754E56CA
S214195000FFF848E7303C246E0008242E000C266A68
S214195010000C4AAA00326700014A2F0B2F0A4EB914
S2141950200019492C508F2D7C00195D4EFFF84A82C5
S214195030670820424A10660000A6486EFFFC4878AA
S21419504000012F122F0A4EB90019574626004FEFA6
S214195050001067382F00206EFFF84E902400588FE6
S214195060672A4BF90019886A49F9001930E42F0B99
S2141950704E952F022F032F002F0A4E944FEF001430
S2141950804A806D089480D6804A8266E2487900196B
S214195090F951206EFFF84E902400588F6730263C41
S2141950A00019F9514BF90019886A49F9001930E4C1
S2141950B02F0B4E952F022F032F002F0A4E944FEFCA
S2141950C000144A806D089480D6804A8266E2026B84
S2141950D0EFFF000C4CEE3C0CFFE04E5E4E752F02B7
S2141950E041F900195D4E4E902600588F672A4BF9E4
S2141950F00019886A49F9001930E42F0B4E952F03C9
S2141951002F022F002F0A4E944FEF00144A806D0875
S2141951109680D4804A8366E248790019F30E206E89
S214195120FFF84E902400588F6700FF10263C001990
S214195130F30E4BF90019886A49F9001930E42F0B58
S2141951404E952F022F032F002F0A4E944FEF00145F
S2141951504A806D00FEE69480D6804A8266E060003A
S214195160FEDA2F0A4EB900194BCC588F6000FEACE8
S2141951702F2F00042F39001A09EA4EB900194FFECD
S214195180508F4E754E5600002079001A09EA486E5F
S214195190000C2F2E00082F2800082F084EB90019CA
S2141951A069B44FEF00104E5E4E752079001A09EA61
S2141951B02F2800082F2F00082F084EB900198A42E9
S2141951C04FEF000C4E754E56FFE42F0B2F0A266E26
S2141951D00008246E000C2F0A4EB900195D4E2D4A90
S2141951E0FFF02D40FFF42D7C0019F951FFF87201DC
S2141951F02D41FFFC52802D40FFEC41EEFFF02D486B
S214195200FFE470022D40FFE8246B0008588F4AAB64
S21419521000326748202A0064322A000C0801000D63
S2141952206610004120003541000C0240DFFF254082
S21419523000640800000D6630486EFFE42F0A2F0B35
S2141952404EB900194BF24FEF000C4A80661A700AD5
S214195250246EFFDC266EFFE04E5E4E752F0B4EB9A0
S21419526000194BCC588F60AC70FF246EFFDC266E8D
S214195270FFE04E5E4E752F2F00042F39001A09EAEB
S2141952804EB9001951C6508F4E752F0A246F000C4F
S2141952902F2F00142F2F0014306A000E2F082F2FCF
S2141952A000144EB9001931DA4FEF00104A806D0814
S2141952B0D1AA0050245F4E75026AEFFF000C245FD6
S2141952C04E7548E73820242F0014246F0018262F0F
S2141952D0001C282F0020302A000C0800000866261B
S2141952E00240EFFF3540000C2F4400202F43001CCE
S2141952F0346A000E2F4A00182F4200144CDF041C83
S2141953004EF9001930E44878000242A7306A000EB8
S2141953102F082F024EB900192EAA302A000C4FEF6B
S21419532000100240EFFF3540000C2F4400202F4399
S214195330001C346A000E2F4A00182F4200144CDF46
S214195340041C4EF9001930E42F0A246F000C2F2F75
S21419535000142F2F0014306A000E2F082F2F001458
S2141953604EB900192EAA4FEF001072FFB280670EC1
S214195370006A1000000C25400050245F4E75026A22
S214195380EFFF000C245F4E75206F00083068000E82
S2141953902F4800084EF9001932C82F0A2F02246F19
S2141953A000102079001A09EAB0FC000067084AA81C
S2141953B00032670000EA322A000C080100036778F9
S2141953C0202A0010674808010000661C0801000121
S2141953D066000086206A0014254800084A80671A65
S2141953E07000241F245F4E7542AA0008242A001450
S2141953F04482254200184A8066E64A016AE400415A
S21419540000403541000C70FF241F245F4E7534018F
S214195410024202800C42020067AC2F0A2F2F00109E
S2141954204EB900198964322A000C202A0010508FB0
S21419543008010000679660B008010004676E08014D
S2141954400002661E202A0010004100083541000C93
S2141954504A806600FF7260B691C825480008600049
S214195460FF7C202A0030671E41EA0040B1C067124F
S2141954702F002F2F00104EB900196072322A000C17
S214195480508F42AA00300241FFDB42AA0004202AAC
S21419549000102480004100083541000C60B22F0826
S2141954A04EB900194BCC588F6000FF0C7009206F4D
S2141954B0000C2080004100403541000C70FF600050
S2141954C0FF4848E73820202F0014142F001B22000D
S2141954D07603C680206F001C672A53884AAF001CC3
S2141954E0671622415281B41167107003C081671282
S2141954F0538870FFB08866EA93C920094CDF041CEC
S2141955004E7520017203B288643C72004601C2AF20
S21419551000182801E18CD881220448414241D881DB
S214195520224020092619B98322030681FEFEFEFFB2
S2141955304683C283028180808080661059887003F2
S214195540B08865DE2009B0FC000067AC2440D0881E
S214195550224AB41A67A4B08A66F693C9609C48E7CB
S2141955602030206F0010226F0014202F00187203AD
S214195570B2806424264824492209240882827403A6
S214195580C2826634224A204BB78A662C5980720327
S214195590B28065F0204B224A2440538A4A8067120B
S2141955A045F0A80110181219B2006616B5C866F4A7
S2141955B070004CDF0C044E752440538A45F0A80140
S2141955C060E20280000000FF0281000000FF908167
S2141955D04CDF0C044E7548E73038202F0018206F22
S2141955E0001C222F0020B1C0642043F01800B08997
S2141955F064184A81670E264045F318FF14A1538A8A
S214195600B3C866F84CDF1C0C4E75740FB481640071
S2141956100096240884807603C48366000098387C34
S214195620FFF0D9C1240C76F0C483284249EC001047
S21419563043F40800264824402493256B00040004EC
S214195640256B0008000847EB001045EA0010256B8B
S214195650FFFCFFFCB3CA66E0D1CC740FC481760C8C
S214195660C681675C2649244826DA284299CA49F031
S214195670C8007603B68C65F0C283598276FCC4835B
S2141956805882D3C2D1C2240153824A816700FF7659
S21419569045F0280112D8B5C86700FF6A12D8B5C8F0
S2141956A066F26000FF602240240153824A8166E058
S2141956B06000FF5224015382224045F0280160D42D
S2141956C02202240153824A8166C66000FF382F0AD7
S2141956D0206F0008226F000C2008220980817203AF
S2141956E0C08166242010B091661E22000681FEFE37
S2141956F0FEFF4680C0810280808080806638588888
S21419570058892010B09167E2101067302449224A50
S214195710B01A66145288101066F4224A7000720085
S21419572012119081245F4E750280000000FF7200EE
S2141957301211908160EE7000245F4E757000720031
S2141957401211908160DE202F00080C800000008E58
S2141957506200012C2200D281323B18064EFB100241
S21419576003BA03B203AA03A2039A0392038A038213
S214195770037A0372036A0362035A0352034A011E29
S2141957800342033A0332032A0322031A0312030AB3
S214195790030202FA02F202EA02E202DA02D202CAAA
S2141957A002C202BA02B202AA02A2011E011E011EFA
S2141957B0011E011E011E011E011E029A0292011EE1
S2141957C0011E011E011E011E011E011E011E011EC3
S2141957D0011E011E011E011E028A0282027A02722F
S2141957E0011E011E011E026A011E011E011E026211
S2141957F0011E011E025A011E011E0252011E011E21
S214195800011E011E011E011E011E011E011E011E82
S214195810024A011E0242023A0232011E011E022AE1
S214195820011E011E011E011E011E011E011E011E62
S2141958300222021A0212020A020201FA011E01F2D9
S21419584001EA01E201DA01D201CA01C201BA01B2C2
S21419585001AA01A2019A0192011E018A0182017A06
S2141958600172011E011E011E011E011E016A011E82
S214195870011E011E0162015A0152014A01424AAF34
S2141958800010670002A62F2F00102F2F00102F00D0
S2141958904EB900195D2E4FEF000C4A80670002843E
S2141958A04E75203C001A020C4E75203C001A01F663
S2141958B04E75203C001A01E34E75203C001A024230
S2141958C04E75203C0019FF724E75203C0019FEB823
S2141958D04E75203C001A01AF4E75203C001A01C7C0
S2141958E04E75203C0019FDFB4E75203C001A0178B8
S2141958F04E75203C0019FFFE4E75203C001A0268B2
S2141959004E75203C0019FCD84E75203C0019FCA396
S2141959104E75203C0019FD984E75203C0019FE8CDA
S2141959204E75203C0019FD8B4E75203C001A0279E5
S2141959304E75203C0019FDD74E75203C0019FF9175
S2141959404E75203C001A018E4E75203C001A0161D6
S2141959504E75203C001A01354E75203C001A011E62
S2141959604E75203C001A00FF4E75203C001A00E0C8
S2141959704E75203C001A00B04E75203C001A008E59
S2141959804E75203C001A01484E75203C001A02201C
S2141959904E75203C001A00764E75203C001A005BA6
S2141959A04E75203C001A00474E75203C001A002EF2
S2141959B04E75203C001A00224E75203C001A000F26
S2141959C04E75203C0019E8374E75203C0019FFE645
S2141959D04E75203C0019FFD24E75203C0019FFBDAC
S2141959E04E75203C001A00A84E75203C0019FFB0D1
S2141959F04E75203C0019FFA84E75203C0019FF88EB
S214195A004E75203C0019FF5F4E75203C0019FF4467
S214195A104E75203C0019FF334E75203C0019FF04C3
S214195A204E75203C0019FEF84E75203C0019FEE90B
S214195A304E75203C0019FED34E75203C0019FEC643
S214195A404E75203C0019FEA04E75203C0019FE7DAF
S214195A504E75203C0019FE6E4E75203C0019FE57F7
S214195A604E75203C0019FE374E75203C0019FE195C
S214195A704E75203C0019FDC64E75203C0019FDB721
S214195A804E75203C0019FD7B4E75203C0019FD6CA7
S214195A904E75203C0019FD5A4E75203C0019FD4ED6
S214195AA04E75203C0019FD364E75203C0019FD2A0E
S214195AB04E75203C0019FD184E75203C0019FD073F
S214195AC04E75203C0019FCF54E75203C0019FCCC8F
S214195AD04E75203C0019FCBC4E75203C0019FC91F3
S214195AE04E75203C0019FC7F4E75203C0019FC654C
S214195AF04E75203C0019FC5B4E75203C0019FC4382
S214195B004E75203C0019FC334E75203C0019FC19C3
S214195B104E75203C0019FC0F4E75203C0019FC07E9
S214195B204E75203C0019F9524E752F6F000400105F
S214195B302F2F00102F2F00102F004EB900195D2E91
S214195B404FEF000C4A806600FD5860D648E73030A3
S214195B50206F0014226F0018202F001C673E26089D
S214195B6024492208240982827403C28267361210D5
S214195B701411B401666C7401B480672026484A0172
S214195B80671A5288528912101411B40166542400E7
S214195B90948845F328FFB4FC000066E270004CDFD9
S214195BA00C0C4E75B48064C6224A204322105883C2
S214195BB0B29A6624598067E424010682FEFEFEFF27
S214195BC04681C28202818080808066D07203B2804C
S214195BD065D62043224A6096121014112648B2023E
S214195BE0679C700010010282000000FF90824CDF53
S214195BF00C0C4E7548E73820202F0014246F001817
S214195C00222F001C204A240A84807603C48322404B
S214195C106604B681651C4A8167122601538320499A
S214195C20141A10C267362248220366EE4CDF041C8B
S214195C304E7524482610588824030682FEFEFEFF59
S214195C4028034684C48402828080808066C859816D
S214195C5022C37403B48165DA244860BAD3C14A836F
S214195C6067CA4218B3C867C44218B3C866F460BC9A
S214195C7048E7203C202F0018242F001C246F0020F2
S214195C804A8067702840121C4881364120421218F3
S214195C90488132414A416718B3CB66F24AAF0024AD
S214195CA06764200C2840121C48813641204260DE69
S214195CB0B6FC0000674A2A4C121D4881364122421A
S214195CC0121948813041B1CB6714B0FC000066F058
S214195CD0284D2A4C121D48813641224260E2B6FCF4
S214195CE00000660A9BCD248D4CDF3C044E75421489
S214195CF0248D60F42012668C70004CDF3C044E75BF
S214195D004292700060F4248C204042104CDF3C0410
S214195D104E75487800012F2F00102F2F00102F2FA7
S214195D2000104EB900195C704FEF00104E757000D8
S214195D304E752039001A09EA4E75202F0004206F77
S214195D40000822407200464112D866FC4E75222F72
S214195D500004204170FF4A1866FC91C12008538040
S214195D604E750000206F0004226F0008222F000CC9
S214195D700C81000000086500005020080280000011
S214195D800003660000442009028000000003660034
S214195D9000382001028100000003E6886400000430
S214195DA020D9E2886400000E6000000620D920D9A8
S214195DB020D920D951C8FFF60480000100006A00D6
S214195DC0FFEC6000000410D951C9FFFC202F000415
S214195DD04E750000206F0004202F0008222F000C9B
S214195DE00C8100000010650000542F021400E18891
S214195DF0100234004840300224084482028200000F
S214195E000003670000149282E28A6400000410C03E
S214195E10E28A6400000430C02401E48A538220C058
S214195E2051CAFFFC0482000100006A00FFF20281D9
S214195E3000000003241F6000000410C051C9FFFCB5
S214195E40202F00044E752F032F02222F000C2079C5
S214195E50001A29E0B0FC0000674C20280004741FC3
S214195E60B4806D704A8167222240D3C0D3C943F0EB
S214195E709800236F001400887401E1AA85A8018888
S214195E80236F001801085581672E2200528121417F
S214195E9000045480D080D08021AF00100800700014
S214195EA0241F261F4E7523FC001A2850001A29E0B5
S214195EB041F9001A285060A285A8018C2200528147
S214195EC0214100045480D080D08021AF00100800F2
S214195ED0700060CC70FF241F261F4E7548E73E30B1
S214195EE02A2F0020262F00242679001A29E0780167
S214195EF0B6FC0000675A202B0004240053826B500E
S214195F005280D080D08045F308004A8366482052D4
S214195F10202B00045380B48067704292B0FC0000B6
S214195F2067222C2B00042004E5A82200C2AB0188A6
S214195F3066444E902039001A29E0BCAB0004662E40
S214195F40B7C0662A598A51CAFFC24242538264BAF6
S214195F504CDF0C7C4E75B6AA010067B2598A51CA35
S214195F60FFF64242538264EE4CDF0C7C4E754A8033
S214195F7067DE26406080222A0080C0AB018C66103E
S214195F802F012F054E90508F60AA27420004608C6F
S214195F902F014E90588F609C48E73820262F001402
S214195FA02F034EB900193D6E2079001A05DE78FCCC
S214195FB0C8A800042404068200000FEF94AF001C42
S214195FC00242F0000682FFFFF000588F0C82000094
S214195FD00FFF6F1A42A72F0345F900192D704E921D
S214195FE02239001A05DED284508FB28067122F0329
S214195FF04EB900193D70588F70004CDF041C4E7551
S214196000200244802F002F034E92508F528067280B
S21419601098822079001A05DE7201828421410004D3
S21419602095B9001A26E02F034EB900193D70588FFE
S21419603070014CDF041C4E7542A72F034E9220792F
S214196040001A05DE22009288508F740FB4816C9E58
S21419605090B9001A05CE23C0001A26E07001808177
S214196060214000042F034EB900193D70588F700057
S214196070608848E73030242F0014246F0018B4FCC9
S21419608000006700013A2F024EB900193D6E41EA29
S214196090FFF8262AFFFC70FEC08343F0080072FC46
S2141960A0C2A90004588FB3F9001A05DE67000174F7
S2141960B02341000447F1180008030000667C262ACD
S2141960C0FFF891C3D083246800087601C6AB000494
S2141960D0B5FC001A05DE670001182668000C254B6A
S2141960E0000C274A00084A83670000DA720182808A
S2141960F02141000422800C80000001FF6258E688C6
S2141961002600E4837201E7A983B9001A05DAE7883D
S2141961102240D3FC001A05DE245147E9FFF8214B2B
S214196120000C214A000822882548000C2F4200142A
S2141961304CDF0C0C4EF900193D70082B00000007B7
S21419614067000082760186802543FFFC22800C803A
S214196150000001FF63A822007609E6A97604B68135
S214196160650001162200EC89224145E9003843E909
S21419617000392209E7892241D3FC001A05D647E9D6
S214196180FFF82251B3CB6700012672FCC2A900049E
S214196190B081640822690008B3CB66EE2669000C44
S2141961A0214B000C21490008274800082348000CF9
S2141961B02F4200144CDF0C0C4EF900193D704CDFC1
S2141961C00C0C4E75D08124690008B5FC001A05DE42
S2141961D0670001202269000C2549000C234A000893
S2141961E07201828021410004218008006000FF08A6
S2141961F04A83660001B8D280246900082269000C17
S2141962002549000C234A000876018681214300049B
S214196210218118002F4200144CDF0C0C4EF900197E
S2141962203D70D280080300006618202AFFF891C036
S214196230D2802268000C246800082549000C234ADD
S2141962400008700180812140000423C8001A05DE69
S214196250B2B9001A05D26500FED42F39001A2710D4
S2141962602F024EB900195F98508F2F4200144CDF39
S2141962700C0C4EF900193D707614B681645276549A
S214196280B6816500009C2200760CE6A9224145E9F4
S214196290006E43E9006F2209E7892241D3FC001AF0
S2141962A005D647E9FFF82251B3CB6600FEDE200A71
S2141962B0E4807201E1A983B9001A05DA214B000CB2
S2141962C021490008274800082348000C6000FEE210
S2141962D0347C005BD5C1765CD283E7892241D3FC36
S2141962E0001A05D647E9FFF82251B3CB6600FE9C83
S2141962F060BC23C8001A05EA23C8001A05E6214A15
S214196300000C214A0008760186802143000421806A
S21419631008002F4200144CDF0C0C4EF900193D7082
S2141963200C8100000154622C2200760FE6A9224146
S21419633045E9007743E900782209E7892241D3FC29
S214196340001A05D647E9FFF82251B3CB6600FE3C82
S2141963506000FF5C0C8100000554622E2200424149
S2141963604841E449224145E9007C43E9007D220978
S214196370E7892241D3FC001A05D647E9FFF82251CE
S214196380B3CB6600FE066000FF26223C000003F829
S214196390347C007E2241D3FC001A05D647E9FFF863
S2141963A02251B3CB6600FDE46000FF0472018280BF
S2141963B02141000422802F4200144CDF0C0C4EF9A8
S2141963C000193D70598F48E7383E286F0028246F0A
S2141963D0002C2A6F0030B4FC0000670001902F0CC7
S2141963E04EB900193D6E47EAFFF8282AFFFC74FCDF
S2141963F0C48441ED000B588F7016B088640000EE07
S214196400260872F8C681B0FC00006D0000E8B68D4B
S214196410650000E2B6826F0000FE41F328002028CE
S2141964200004B1F9001A05DE6700018672FEC28003
S2141964300830000018076600011472FCC081220299
S214196440D280B2836C0000BE0804000066202C4B74
S2141964509DEAFFF872FCC2AE0004D0812800D882EB
S214196460B8836C00026CD282B2836C0001F82F0DCF
S2141964702F0C4EB90019352C2A40508F4A806700C8
S21419648003E070FEC0AAFFFCD08B220D5181B280AA
S214196490670002A459827224B282650002A6781394
S2141964A0B882640002162A922B6A00040004701B34
S2141964B0B082650002B843EA000841ED0008209151
S2141964C02169000400042169000800082F0A2F0C0E
S2141964D04EB9001960722F0C4EB900193D704FEF66
S2141964E0000C200D4CDF7C1C588F4E757610B68D1F
S2141964F06400FF22780C28849BCD200D4CDF7C1C71
S214196500588F4E752268000C206800082149000C27
S214196510234800082401200290837201C2AB0004AC
S21419652041F32800780FB880655682822741000407
S214196530700181A800042F0C4EB900193D70588FB0
S2141965402A4A200D4CDF7C1C588F4E750804000013
S2141965506600FF1C2C4B9DEAFFF872FCC2AE0004C5
S214196560D282B2836D00FF08600000FA2F4D002C0E
S2141965702F4C00284CDF7C1C588F4EF90019352CEF
S21419658082832741000472018280278138047801AA
S21419659089A80004487338082F0C4EB90019607280
S2141965A0508F2F0C4EB900193D70588F2A4A609299
S2141965B072FCC0812200D282307C0010D1C3B1C1D6
S2141965C06F00020E080400006600FEA42C4B9DEA1C
S2141965D0FFF872FCC2AE0004D0812800D882B888B1
S2141965E06D00FE84206E000C226E00082348000CF5
S2141965F0214900084BEE000859827024B0826500C4
S21419660002D87213B282640002BC2D5200082D6A99
S2141966100004000C701BB08265000322508A41EEFC
S21419662000102092216A00040004216A000800085C
S21419663041F6380023C8001A05DE98837001808455
S214196640214000047001C0AE000480832D40000470
S2141966502F0C4EB900193D70588F200D4CDF7C1C3D
S214196660588F4E75206E000C226E00082348000CB9
S21419667021490008280E508459827024B08265007A
S214196680012E7013B082640001122D5200082D6A73
S2141966900004000C701BB08265000198508A41EE08
S2141966A000102092216A00040004216A00080008DC
S2141966B024442401264E6000FE5E204D224A209175
S2141966C02169000400042169000800086000FDFE25
S2141966D02268000C206800082149000C234800088D
S2141966E0206E000C226E00082348000C2149000871
S2141966F047EE000859827224B2826500011C701395
S214196700B082640001002D5200082D6A0004000CA6
S214196710721BB28265000180508A41EE00102092E9
S214196720216A00040004216A00080008244B240486
S214196730264E6000FDE270FCC0ADFFFCD480600000
S214196740FDD62F022F0A2F0D4EB9001955D64FEF29
S214196750000C2F0A2F0C4EB9001960722F0C4EB967
S21419676000193D704FEF000C6000FD782B6A000889
S21419677000082B6A000C000C7224B282670000F223
S21419678043EA001041ED001020912169000400042D
S2141967902169000800086000FD3420442092216A0F
S2141967A000040004216A000800086000FF042F0294
S2141967B02F0A2F042F41002C4EB9001955D64FEF2A
S2141967C0000C222F002024442401264E6000FD4888
S2141967D0D7C323CB001A05DE928378018881274414
S2141967E000047001C0AAFFFC80832540FFFC2F0C13
S2141967F04EB900193D70588F2A4A200D4CDF7C1C63
S214196800588F4E75204B2092216A00040004216A85
S214196810000800086000FF162F022F0A2F0B4EB92A
S214196820001955D64FEF000C244B2404264E600051
S214196830FCE62D6A000800102D6A000C001470245E
S214196840B082670000D245EA001041EE0018209287
S214196850216A00040004216A000800086000FE523C
S2141968602F0C4EB900193D70588F9BCD6000FC8CCB
S2141968702B6A0010001043EA001841ED00182B6A25
S21419688000140014209121690004000421690008ED
S21419689000086000FC382D6A000800102D6A000CEC
S2141968A000147024B082670000C045EA001041EE5B
S2141968B000182092216A00040004216A00080008C2
S2141968C06000FE6A204D2092216A00040004216AA5
S2141968D0000800086000FD5A2F022F0A2F0D4EB926
S2141968E0001955D64FEF000C41F6380023C8001A88
S2141968F005DE988370018084214000047001C0AEC3
S214196900000480832D4000042F0C4EB900193D70E9
S214196910588F6000FD462D6A0010001841EE0020C1
S2141969202D6A0014001C45EA00182092216A0004FA
S2141969300004216A000800086000FD762D6A000828
S21419694000102D6A000C00147224B282674045EAC2
S214196950001041EE00182092216A00040004216AF2
S214196960000800086000FCCA2D6A0010001841EEE5
S21419697000202D6A0014001C45EA00182092216A8E
S21419698000040004216A000800086000FDA02D6AB2
S2141969900010001841EE00202D6A0014001C45EA6C
S2141969A000182092216A00040004216A00080008D1
S2141969B06000FC7E4E56FF2048E73F3C2D6E0008CF
S2141969C0FF302D6E000CFF2C2D6E0010FF282D6E3B
S2141969D00014FF382F2EFF304EB900198BBA2040FD
S2141969E02D50FF502F2EFF504EB900195D4E2D40D9
S2141969F0FF4C508F4AAEFF30670C226EFF304AA903
S214196A00003267001198206EFF2C20280064322867
S214196A10000C0801000D6610004120003141000CE1
S214196A200240DFFF214000640800000D6600189C34
S214196A30206EFF2C3028000C08000003670001DECA
S214196A404AA80010670001D60240001A0C40000A36
S214196A506700049043EEFFC02D49FF8C42AEFF94A9
S214196A6042AEFF9042AEFF4042AEFF4442AEFF48F0
S214196A702D49FF24284942AEFF5842AEFF5442AE74
S214196A80FF342D6EFF28FF20226EFF20101167009D
S214196A900226246EFF200C000025670001C4528AC6
S214196AA0101266F2264A97EEFF20B5EEFF20670011
S214196AB0020628AEFF20294B0004200BD1AEFF9406
S214196AC0202EFF9052802D40FF907207B2806D00E5
S214196AD001BE508C240BD5AEFF341012670001D8B6
S214196AE0528A422EFF7174FF76007C002D4AFF28C9
S214196AF0206EFF2852AEFF2810184880364041EB0A
S214196B00FFE07058B088650001D22008D080303B6D
S214196B1008064EFB0002092601C401C4091001C467
S214196B2001C401C401C401C401C4086408F801C43D
S214196B300874088A01C408E000B200B200B200B2B4
S214196B4000B200B200B200B200B201C401C401C45E
S214196B5001C401C401C401C401C401C401C407C2EB
S214196B6002D601C402D601C401C401C401C4097CF9
S214196B7001C401C409E601C401C401C401C401C4A5
S214196B80099201C401C410DC01C401C401C401C4C2
S214196B9001C401C401C401C401C401C4094607489B
S214196BA002D602D602D60A02074801C401C4013425
S214196BB001C40AF80ACC0AA0013401C40A4401C463
S214196BC00A1801C401C4112C760041EBFFD020032A
S214196BD0D083D080D680D683D688206EFF2852AE32
S214196BE0FF2810184880364041EBFFD07009B0884E
S214196BF06500FF0C2003D083D080D680D683D68834
S214196C00206EFF2852AEFF2810184880364041EBF8
S214196C10FFD07009B08864B66000FEE42F2EFF2CF2
S214196C202F2EFF304EB90019539A508F4A8066009E
S214196C30169A226EFF2C3029000C0240001A0C40BE
S214196C40000A6600FE106000029A7A108C85206E83
S214196C50FF2852AEFF281018488036406000FEA064
S214196C60264A97EEFF20B5EEFF206700FE6E28AE87
S214196C70FF20294B0004200BD1AEFF94202EFF9045
S214196C8052802D40FF907207B2806C00FE46486E07
S214196C90FF8C2F2EFF2C2F2EFF304EB90019875C34
S214196CA04FEF000C4A80661649EEFFC0240BD5AE8E
S214196CB0FF346000FE264AAEFF94660015B2206EB9
S214196CC0FF2C08280006000D66001600202EFF343B
S214196CD04CEE3CFCFEF84E5E4E752D6EFF28FF20DE
S214196CE0B6FC000067D0340B1D42FF98422EFF7188
S214196CF078012D44FF287A017E98DE8E28067400C6
S214196D0042AEFF3C9BCD7C7B4606CC84246EFF941A
S214196D10660E224393EEFF28B2FC00006E00043084
S214196D204A2EFF71672641EEFF71288870012940A7
S214196D300004528A2D4AFF94202EFF9052802D402F
S214196D40FF907207B2806D000AF6508CBAFC0000EC
S214196D50672641EEFF722888700229400004548A7B
S214196D602D4AFF94202EFF9052802D40FF907207D7
S214196D70B2806D000A98508C0C860000008067005F
S214196D8001922A429BC5BAFC00006E00021808043C
S214196D90000866000278288729450004D5C52D4ABB
S214196DA0FF94202EFF9052802D40FF907A07BA80CC
S214196DB06D00034C508C08040002670E2A439BEEA4
S214196DC0FF28BAFC00006E00040AB6AEFF286C0451
S214196DD0262EFF28D7AEFF34B4FC00006600034801
S214196DE042AEFF9049EEFFC06000FC9E2D6EFF2854
S214196DF0FF200806000367000D90246EFF389FFCDD
S214196E000000000C2E9A2F5A00042F5A00084EB96B
S214196E100019DEFE4FEF000C204022412D48FF449A
S214196E202D49FF482D4AFF38202EFF440880001FA1
S214196E302D40FF602D6EFF48FF64283C7FEFFFFF53
S214196E407AFF45F90019D9082F052F042F2EFF644C
S214196E502F2EFF604E924FEF00104A8066000FF8F3
S214196E602F052F042F2EFF642F2EFF604EB9001901
S214196E70CD344FEF00104A806F000FDC42A742A7AF
S214196E802F2EFF482F2EFF444EB90019CD104FEF65
S214196E9000104A806D0011FC122EFF713A4174479A
S214196EA0B48B6D0011D22E3C001A028E78804604DF
S214196EB0C8867A032D45FF28740042AEFF3C320D72
S214196EC04A01670452AEFF287002C0842A4008049B
S214196ED000016700FE3254AEFF283A7C00026000BB
S214196EE0FE26206EFF2C4A68000E6D00FB682D6E7C
S214196EF0FF3800142D6EFF2800102D48000C2D6E3B
S214196F00FF3000084CEE3CFCFEF84E5E4EF90019B8
S214196F1086B82A439BEEFF28BAFC00006F00FE6471
S214196F20202EFF907210B28D6C4E7C8CDC8E204C0D
S214196F3028452A03224A2442242EFF30262EFF2CC7
S214196F4020BC001A02C772102141000443E9001040
S214196F502D49FF9452802D40FF907207B2806D0024
S214196F60077A50884BEDFFF07210B28D6DD2260558
S214196F70240A2A0C2848244928BC001A02C7294D75
S214196F800004D5CD2D4AFF9452802D40FF907207EC
S214196F90B2806D000FCE508C2A429BC5BAFC0000F9
S214196FA06F00FDEC202EFF907410B48D6C36242ED5
S214196FB0FF302C2EFF2C28BC001A02C7721029414C
S214196FC0000445EA00102D4AFF9452802D40FF9088
S214196FD07207B2806D00066E508C4BEDFFF0721082
S214196FE0B28D6DD228BC001A02C7294D0004D5CD22
S214196FF02D4AFF9452802D40FF907407B4806D007F
S2141970000A4E508C080400086700FD8C7065B08B1A
S2141970106C0006FA42A742A72F2EFF482F2EFF44D0
S2141970204EB90019CCA44FEF00104A8066000838F4
S21419703028BC0019EA1E720129410004528A2D4AF9
S214197040FF94202EFF9052802D40FF907407B48035
S2141970506D000EDC508C2A2EFF40BAAEFF746F00FE
S2141970600A8A28AEFF50296EFF4C0004D5EEFF4C55
S2141970702D4AFF94202EFF9052802D40FF907E07B8
S214197080BE806D000B46508C2A6EFF40538DBAFC9D
S21419709000006F00FD22202EFF907210B28D6C40FA
S2141970A0748CD48E47F90019875C2A2EFF302C2E43
S2141970B0FF2C28BC001A02C77E102947000445EA8F
S2141970C000102D4AFF9452802D40FF907207B2800F
S2141970D06D000C76508C4BEDFFF07E10BE8D6DD288
S2141970E028BC001A02C7294D0004D5CD2D4AFF9495
S2141970F052802D40FF907207B2806C00FCB8486E23
S214197100FF8C2F2EFF2C2F2EFF304EB90019875CBF
S2141971104FEF000C4A806600FBA6246EFF9449EEDA
S214197120FFC06000FC92486EFF8C2F2EFF2C2F2E6E
S214197130FF304EB90019875C4FEF000C4A80660085
S214197140FB7E42AEFF9049EEFFC06000F93C202E50
S214197150FF907210B2896C562D42FF5C204C284560
S2141971602A03220A2449242EFF30262EFF2C2241D8
S21419717020BC001A02D772102141000443E90010FE
S2141971802D49FF9452802D40FF907207B2806D00F2
S21419719004E8508845EAFFF07210B28A6DD22605C7
S2141971A0242EFF5C2A0C28482209224A244128BC8E
S2141971B0001A02D729490004D5C92D4AFF945280CE
S2141971C02D40FF907207B2806D000C64508C6000E1
S2141971D0FB50202EFF907210B28D6C40748CD48E9A
S2141971E047F90019875C282EFF302A2EFF2C28BC59
S2141971F0001A02D77E102947000445EA00102D4AC6
S214197200FF9452802D40FF907207B2806D00049E45
S214197210508C4BEDFFF07E10BE8D6DD228BC001A37
S21419722002D7294D0004D5CD2D4AFF9452802D4002
S214197230FF907207B2806C00FB92486EFF8C2F2E5F
S214197240FF2C2F2EFF304EB90019875C4FEF000C1C
S2141972504A806600FA6A246EFF946000FB6E2D6EF3
S214197260FF28FF20206EFF3858AEFF382018080672
S2141972700004667808060006677248C02A006B7014
S214197280122EFF713A414A826D0000D47880460466
S214197290C8864A80660000C670014A8266000226C1
S2141972A04A806600072A7A01CA860806000067001F
S2141972B008D01D7C0030FFBF7EBFDE8E2D42FF2812
S2141972C0BA826F042D45FF2842AEFF3C320D4A01A3
S2141972D06600FBF26000FBF22D6EFF28FF20781087
S2141972E08C84206EFF3858AEFF3820182A006A9012
S2141972F02A0044853A7C002D7001380D1D44FF7113
S2141973004A826D0C78804604C8864A85678C2C0498
S2141973107E01BE8067485580670001BE7EC041F673
S2141973207800220810050200000706000030110038
S214197330E68D66EE2E0808060000670001B40C00FC
S2141973400030670001AC5581117C0030FFFF2A2EF2
S214197350FF249A8128062E016000FF622C0470090A
S214197360B085650007B6060500301D45FFBF28061F
S2141973707A017EBFDE8E6000FF44206EFF38261825
S2141973806A0007E844832D48FF3872048C81206E02
S214197390FF2852AEFF281018488036406000F76064
S2141973A0206EFF2852AEFF281018488036400C4031
S2141973B0002A670007AC41EBFFD074007009B0884B
S2141973C06500F73C2002D082D080D082D08024007D
S2141973D0D488206EFF2852AEFF28101848803640F1
S2141973E041EBFFD07009B08864DA4A826C00F71056
S2141973F074FF6000F70A727F46018C81206EFF28A1
S21419740052AEFF281018488036406000F6F21D7CF0
S214197410002BFF71206EFF2852AEFF2810184880E7
S21419742036406000F6DA70018C80206EFF2852AE66
S214197430FF281018488036406000F6C44A2EFF719F
S2141974406600F6AE1D7C0020FF71206EFF2852AE36
S214197450FF281018488036406000F6A42D6EFF28C5
S214197460FF20206EFF38224858881D690003FF98B0
S214197470422EFF712D48FF3872012D41FF287A01DF
S2141974807E98DE8E2806740042AEFF3C9BCD6000C7
S214197490F87672088C81206EFF2852AEFF281018D5
S2141974A0488036406000F6582D6EFF28FF20781069
S2141974B08C84206EFF3858AEFF382A1870019BCD81
S2141974C06000FE387A01BA8067000EFE7E022C0430
S2141974D07A00BE806600FE467EC0226EFF5841F6D0
S2141974E07800700FC08511310800E88D66F42E08F3
S2141974F02A2EFF249A8728066000FDC22D6EFF28C3
S214197500FF2070108C80206EFF3858AEFF382A186E
S21419751070009BCD6000FDE478408C84206EFF28B7
S21419752052AEFF281018488036406000F5D22D6EEE
S214197530FF28FF20206EFF3858AEFF382A18080695
S21419754000046600FF78080600066700FF700285CB
S2141975500000FFFF70016000FF662D6EFF28FF20F8
S214197560246EFF382E1A422EFF714A87670006E4EA
S2141975704A826D0007782F0242A72F074EB90019C5
S21419758054C24FEF000C4A8067000EC62A009A872D
S214197590102EFF713A402D45FF286B00076A2D4AB9
S2141975A0FF382806740042AEFF3C320D4A016600C9
S2141975B0F9146000F9142D6EFF28FF20206EFF388D
S2141975C02A1870028C803D7C3078FF722D48FF385F
S2141975D02D7C001A02AFFF58367C00789BCD6000D0
S2141975E0FD1A2D6EFF28FF20226EFF3858AEFF3881
S2141975F02A19080600046600FF1808060006670020
S214197600FF1002850000FFFF70006000FF062D6E58
S214197610FF28FF20080600046618080600066712E9
S214197620226EFF38205130AEFF3658AEFF38600054
S214197630F458226EFF38205120AEFF3458AEFF386A
S2141976406000F446486EFF8C2F062F024EB90019BB
S214197650875C4FEF000C4A806600F664246EFF9430
S214197660202EFF9049EEFFC04BEDFFF07210B28D41
S2141976706D00F9446000F96E486EFF8C2F032F02D7
S2141976804EB90019875C4FEF000C4A806600F63039
S214197690226EFF94202EFF9041EEFFC045EAFFF0C0
S2141976A07210B28A6D00FACA6000FAF42F022F051A
S2141976B02F044E934FEF000C4A806600F602246E94
S2141976C0FF94202EFF9049EEFFC04BEDFFF07E1081
S2141976D0BE8D6D00FB1A6000FB442F062F032F0288
S2141976E04EB90019875C4FEF000C4A806600F5D03A
S2141976F0226EFF94202EFF9041EEFFC04BEDFFF057
S2141977007210B28D6D00F83A6000F864528A242E11
S214197710FF90528247EC00087A01BAAEFF406C001F
S21419772000A428877001294000042D4AFF942D4291
S214197730FF907207B2826D00033E26AEFF50276E89
S214197740FF4C0004D5EEFF4C2D4AFF9452822D4271
S214197750FF907A07BA826D000366508B2A6EFF4037
S214197760538D42A742A72F2EFF482F2EFF444EB9FE
S2141977700019CCC84FEF00104A806700025C52828D
S21419778052872687274D0004D5CD2D4AFF942D42C2
S214197790FF907E07BE826D4A508B41EEFF7C26888D
S2141977A0276EFF540004D5EEFF542D4AFF945282DB
S2141977B02D42FF907007B0826D00F94449EB00081E
S2141977C06000F5F4080400006600FF5828877A015F
S2141977D0294500042D4AFF942D42FF907E07BE824C
S2141977E06CB8486EFF8C2F2EFF2C2F2EFF304EB9FB
S2141977F00019875C4FEF000C4A806600F4C2246EAD
S214197800FF94242EFF9047EEFFC0608E486EFF8CC3
S2141978102F2EFF2C2F2EFF304EB90019875C4FEFF5
S214197820000C4A806600F498246EFF9449EEFFC057
S2141978300C86000000806600F54A6000F6D6486E91
S214197840FF8C2F2EFF2C2F2EFF304EB90019875C78
S2141978504FEF000C4A806600F466246EFF9449EEDA
S214197860FFC06000F4E8222EFF746F000540242E36
S214197870FF40B4AEFF3C6E0003324A826F20288761
S21419788029420004D5C22D4AFF94202EFF9052801B
S2141978902D40FF907207B2806D000B46508C4A82BD
S2141978A06D0003142A6EFF3C9BC2BAFC00006E00E2
S2141978B003C8222EFF74B2AEFF406D0608040000FE
S2141978C0672628AEFF50296EFF4C0004D5EEFF4CF4
S2141978D02D4AFF94202EFF9052802D40FF907A0754
S2141978E0BA806D000AB8508C202EFF409081242E45
S2141978F0FF4094AEFF3CB0826C0224004A826F248B
S214197900DEAEFF3C288729420004D5C22D4AFF94D3
S214197910222EFF9052812D41FF907E07BE816D0069
S2141979200AEE508C4A826D0003BE2A409BC2BAFCEE
S21419793000006F00F482202EFF907210B28D6C003A
S214197940F7A0748CD48E47F90019875C2A2EFF305D
S2141979502C2EFF2C28BC001A02C77E1029470004BB
S21419796045EA00102D4AFF9452802D40FF90720769
S214197970B2806D2E508C4BEDFFF07E10BE8D6C00D4
S214197980F76028BC001A02C77E102947000445EA8A
S21419799000102D4AFF9452802D40FF907207B28036
S2141979A06CD22F022F062F054E934FEF000C4A80EC
S2141979B06600F30C246EFF94202EFF9049EEFFC04C
S2141979C04BEDFFF07E10BE8D6DB86000F7147A008F
S2141979D07EC0DE8E6000F8E67001B0AEFF406C0027
S2141979E0FDBA7211B2AEFF406C407A8CDA8E49F944
S2141979F00019875C2C2EFF302E2EFF2C26BC001A61
S214197A0002C770102740000445EA00102D4AFF945B
S214197A1052822D42FF907207B2826D0002FE508B81
S214197A204BEDFFF07010B08D6DD226BC001A02C750
S214197A30274D0004D5CD2D4AFF9452822D42FF9032
S214197A407207B2826D00FD9C508B6000FD4E486E29
S214197A50FF8C2F2EFF2C2F2EFF304EB90019875C66
S214197A604FEF000C4A806600F256246EFF9449EEDA
S214197A70FFC06000F31A486EFF8C2F2EFF2C2F2E96
S214197A80FF304EB90019875C4FEF000C4A8066002C
S214197A90F22E246EFF94242EFF9047EEFFC026AEDA
S214197AA0FF50276EFF4C0004D5EEFF4C2D4AFF946D
S214197AB052822D42FF907A07BA826C00FC9E486E5D
S214197AC0FF8C2F2EFF2C2F2EFF304EB90019875CF6
S214197AD04FEF000C4A806600F1E6246EFF94242EC0
S214197AE0FF9047EEFFC06000FC74080400006700B2
S214197AF0F2C628AEFF50296EFF4C0004D5EEFF4C97
S214197B002D4AFF94202EFF9052802D40FF907E071D
S214197B10BE806C00F572600000B27EC045F900198F
S214197B20C180280B47F678004878000A2F054EB909
S214197B300019C20C508F0600003017002E05487821
S214197B40000A2F054E92508F2A007209B28765D8FF
S214197B502E0B26442A2EFF249A8728066000F75EE5
S214197B60206EFF3824186A0274FF2D48FF38206EDD
S214197B70FF2852AEFF281018488036406000EF8064
S214197B807EC0DE8E6000F736206EFF382D58FF4413
S214197B902D58FF482D48FF386000F28E2F094EB930
S214197BA000194BCC588F6000EE5E242EFF3C6E00F9
S214197BB0FCCE6000FCEA74002A6EFF3C9BC2BAFC3D
S214197BC000006F00FCEE600000B0486EFF8C2F2E90
S214197BD0FF2C2F2EFF304EB90019875C4FEF000C83
S214197BE04A806600F0DA246EFF9449EEFFC0600002
S214197BF0F4982D6EFF28FF202D7C001A029EFF5840
S214197C00226EFF3858AEFF382A1908060004660C8B
S214197C1008060006670602850000FFFF0806000032
S214197C20670001544A856700014E1D7C0030FF72BB
S214197C30300B1D40FF7372028C8170029BCD600061
S214197C40F6BA2D6EFF28FF202D7C001A02AFFF58BA
S214197C5060AE2A027206B282650004722D45FF28AC
S214197C602D4AFF382E3C001A02C02806740042AE70
S214197C70FF3C9BCD6000F090202EFF907410B48DC1
S214197C806C40748CD48E47F90019875C2A2EFF3005
S214197C902C2EFF2C28BC001A02C77210294100048A
S214197CA045EA00102D4AFF9452802D40FF90720726
S214197CB0B2806D0000CA508C4BEDFFF07210B28D79
S214197CC06DD228BC001A02C7294D0004D5CD2D4AFD
S214197CD0FF9452802D40FF907407B4806D00060003
S214197CE0508C6000FBCE74006000FC402F074EB924
S214197CF000195D4E2A00122EFF713A412D40FF28B9
S214197D00588F6A00F89A42AEFF282D4AFF3828067F
S214197D10740042AEFF3C6000F8922F052F072F061D
S214197D204E944FEF000C4A806600EF94246EFF9431
S214197D30242EFF9047EEFFC04BEDFFF07010B08D6C
S214197D406D00FCBA6000FCE42F022F062F054E9337
S214197D504FEF000C4A806600EF66246EFF94202EC3
S214197D60FF9049EEFFC04BEDFFF07E10BE8D6D0003
S214197D70F3426000F36C70029BCD6000F57E2F0213
S214197D802F062F054E934FEF000C4A806600EF30F2
S214197D90246EFF94202EFF9049EEFFC04BEDFFF0A6
S214197DA07210B28D6D00FEEE6000FF1828BC001927
S214197DB0EA1E740129420004528A2D4AFF94202E85
S214197DC0FF9052802D40FF907A07BA806D0002D23C
S214197DD0508C4A81660001C07001C08480AEFF4095
S214197DE06700EFD428AEFF50296EFF4C0004D5EE7D
S214197DF0FF4C2D4AFF94202EFF9052802D40FF9065
S214197E007207B2806D00048E508C2887296EFF4049
S214197E100004D5EEFF402D4AFF9452802D40FF9066
S214197E207A07BA806D00F2D8508C6000EF8A486ED7
S214197E30FF8C2F2EFF2C2F2EFF304EB90019875C82
S214197E404FEF000C4A806600EE76246EFF9449EEDA
S214197E50FFC06000EECC2F2EFF482F2EFF442F2E8A
S214197E60FF482F2EFF444E924FEF00104A806600AF
S214197E700732222EFF4420012A0B78DFCA842806EF
S214197E80004401007EFFBE82670005BA7E47BE85A4
S214197E90670002C44A806D0002A02D6EFF44FF6879
S214197EA02D6EFF48FF6C422EFF5C7066B08B660025
S214197EB0062024427003486EFF84486EFF78486E89
S214197EC0FF742F0A2F002F2EFF6C2F2EFF682F2ED0
S214197ED0FF304EB900198D642E004BF208004FEF93
S214197EE000207066B08B661020470C1000306700B3
S214197EF00680202EFF74DBC042A742A72F2EFF6CE8
S214197F002F2EFF684EB90019CCA44FEF00104A80E7
S214197F10670001CE202EFF84B08D64000462220013
S214197F2052812D41FF84204010BC003060E6486E17
S214197F30FF8C2F2EFF2C2F2EFF304EB90019875C81
S214197F404FEF000C4A806600ED76246EFF9449EEDA
S214197F50FFC02A2EFF40BAAEFF746E00F10660000D
S214197F60FB8A486EFF8C2F2EFF2C2F2EFF304EB912
S214197F700019875C4FEF000C4A806600ED42246EAC
S214197F80FF9449EEFFC02A429BC5BAFC00006F0059
S214197F90EDFE6000F01028AEFF50296EFF4C00046D
S214197FA0D5EEFF4C2D4AFF94202EFF9052802D407F
S214197FB0FF907407B4806D0002DC508C4A816C0007
S214197FC0FE4A2A0144852A4574F0B4816F40748CA0
S214197FD0D48E47F90019875C2A2EFF302C2EFF2CD9
S214197FE028BC001A02C772102941000445EA00107D
S214197FF02D4AFF9452802D40FF907207B2806D0073
S2141980000350508C4BEDFFF07210B28D6DD228BC18
S214198010001A02C7294D0004D5CD2D4AFF94528067
S2141980202D40FF907407B4806C00FDDE486EFF8CFF
S2141980302F2EFF2C2F2EFF304EB90019875C4FEFCD
S214198040000C4A806600EC78246EFF94202EFF9070
S21419805049EEFFC02887296EFF400004D5EEFF4081
S2141980602D4AFF9452802D40FF907A07BA806C00F3
S214198070FDB86000F08A2E3C001A029278804604F9
S214198080C8867A032D45FF28740042AEFF3C60006F
S214198090EE2E1D7C002DFF713A7C002D6000EE003F
S2141980A0486EFF8C2F2EFF2C2F2EFF304EB900193D
S2141980B0875C4FEF000C4A806600EC04222EFF7492
S2141980C0246EFF9449EEFFC06000FD087A062D4520
S2141980D0FF282D4AFF382E3C001A02C06000FB8C80
S2141980E02D6EFF74FF3C200D90872D40FF40704782
S2141980F0B085670000C07A66BA8B660002407001C8
S214198100C08680824AAEFF3C6F0005804A806600B2
S21419811005062D6EFF3CFF282A2EFF3C367C00668E
S2141981204A2EFF5C670002621D7C002DFF717400E9
S21419813052AEFF286000ED922E2EFF44068780006F
S21419814000002D47FF682D6EFF48FF6C1D7C002D23
S214198150FF5C6000FD564A82670003B44A816D00D1
S214198160047C2D6EFF44FF682D6EFF48FF6C422E6F
S214198170FF5C486EFF84486EFF78486EFF742F02C6
S214198180487800022F2EFF6C2F2EFF682F2EFF30F7
S2141981904EB900198D642E004FEF00200806000016
S2141981A06600030A2A2EFF849A802D45FF402D6EFD
S2141981B0FF74FF3C72FDB2AEFF3C6F000176558B23
S2141981C0222EFF3C5381300B7A019AAEFF3C742D58
S2141981D02D41FF74E14810023D40FF7C7009B085BF
S2141981E06C00030041EEFF8B2D48FF282448240A13
S2141981F04878000A2F054EB90019C23C508F060060
S214198200003015002A454878000A2F054EB900197E
S214198210C1DC508F2A007063B08D6DD22242558909
S214198220060500301545FFFFB3EEFF286400043E2F
S21419823045EEFF7E14D9B3EEFF2866F8224E93C298
S21419824043E9FF8F2D49FF542A2EFF40DAAEFF541B
S2141982507001B0AEFF406C0000AEDAAEFF4C2D4593
S214198260FF286B0000C242AEFF3C6000FEB4486EA9
S214198270FF8C2F2EFF2C2F2EFF304EB90019875C3E
S2141982804FEF000C206EFF2C08280006000D670023
S214198290EA3C6036486EFF8C2F2EFF2C2F2EFF30AF
S2141982A04EB90019875C4FEF000C4A806600EA1039
S2141982B0222EFF74246EFF94202EFF9049EEFFC0E5
S2141982C04A816C00FB466000FCFA74FF2D42FF34AD
S2141982D0202EFF344CEE3CFCFEF84E5E4E75486E72
S2141982E0FF8C2F2EFF2C2F2EFF304EB90019875CCE
S2141982F04FEF000C4A806600E9C6246EFF9449EEDB
S214198300FFC06000F5AE7201C2862D41FF3C08061B
S21419831000006600FF462D45FF286A00FE0442AE9F
S214198320FF286000FDFC42AEFF2842AEFF3C60000D
S214198330FDF0B4AEFF3C6C00013C558B2A2EFF3C79
S2141983405385300B22056B00FE80742B6000FE826D
S2141983502F022F062F054E934FEF000C4A8066000A
S214198360E95E246EFF94202EFF9049EEFFC04BED78
S214198370FFF07210B28D6D00FC686000FC922D6ED5
S214198380FF74FF3C6000FD62102EFF713A407400C6
S214198390320D4A016600EB2E6000EB2E486EFF8CFC
S2141983A02F2EFF2C2F2EFF304EB90019875C4FEF5A
S2141983B0000C4A806600E908222EFF74246EFF948A
S2141983C049EEFFC06000F5222C047A00060500303D
S2141983D01D45FFBF28067A017EBFDE8E6000EEDEE1
S2141983E0486EFF8C2F2EFF2C2F2EFF304EB90019FA
S2141983F0875C4FEF000C4A806600E8C4246EFF9431
S21419840049EEFFC04A826C00F49C6000F7AA486ED9
S214198410FF8C2F2EFF2C2F2EFF304EB90019875C9C
S2141984204FEF000C4A806600E896202EFF4090AE6B
S214198430FF74246EFF9449EEFFC04A826C00F4EC78
S2141984406000F8A474064A806C00FA506000FCEAD2
S214198450182EFF713A442D42FF282D4AFF382A025A
S2141984602806740042AEFF3C320D4A016600EA56F1
S2141984706000EA56242EFF40B4AEFF3C6E0000ACF6
S21419848008060000660000C02D6EFF3CFF286B0C26
S2141984902A2EFF3C367C00676000FC8642AEFF2819
S2141984A02A2EFF3C367C00676000FC762A40DBC229
S2141984B042A742A72F2EFF6C2F2EFF684EB9001920
S2141984C0CCA44FEF00104A806600FA4A6000FC12EE
S2141984D07245B2856600FC9C2442528A700260007E
S2141984E0F9D61D7C0030FF7E060500301D45FF7F3E
S2141984F0307C00042D48FF542A2EFF40DAAEFF5474
S2141985007001B0AEFF406D00FD526000FDFA4A8161
S2141985106D0000E42D6EFF44FF682D6EFF48FF6C5A
S214198520422EFF5C74016000FC4A2A2EFF40DAAE28
S214198530FF4C4AAEFF3C6F282D45FF286B16367C3C
S21419854000676000FBDC2A2EFF3CDAAEFF4C2D4597
S214198550FF286AEA42AEFF28367C00676000FBC235
S214198560700190AEFF3CDA802D45FF286AD060E492
S21419857042A742A72F2EFF6C2F2EFF684EB900195F
S214198580CCC84FEF00104A80660000D42D6EFF74D9
S214198590FF3C202EFF3CD08D90872D40FF40600079
S2141985A0FB5E4AAEFF446D0000A81E2EFF713A47C7
S2141985B07047B08B6D7E2E3C001A02967880460462
S2141985C0C88672032D41FF287A03740042AEFF3C19
S2141985D0320D4A016600E8EE6000E8EE068080007B
S2141985E000002D40FF682D6EFF48FF6C1D7C002D86
S2141985F0FF5C6000FB7E222EFF440681800000008F
S2141986002D41FF682D6EFF48FF6C1D7C002DFF5C09
S21419861074016000FB5ED4AEFF3C2A02DAAEFF4C52
S2141986202D45FF286A00FAF642AEFF28367C00660A
S2141986306000FAEE2E3C001A029A78804604C88624
S21419864072032D41FF287A03740042AEFF3C608006
S2141986501D7C002DFF713A7C002D6000FF547001BF
S214198660908A2D40FF74DBC06000F88E327C0002C1
S2141986702D49FF542A2EFF40DAAEFF547001B0AED2
S214198680FF406D00FBD66000FC7E4A8066107201C2
S2141986902D41FF28367C00667A016000FA84206E28
S2141986A0FF4C41F028012A082D48FF286B00FF7A55
S2141986B0367C00666000FA6A4FEFFB9848E7382068
S2141986C0262F047C246F0480302A000C0240FFFDFC
S2141986D03F40001C2F6A006400743F6A000E001E9B
S2141986E02F6A001C002C2F6A002400347078D08F53
S2141986F02F4000107078D08F2F4000202F7C00005C
S214198700040000182F7C00000400002442AF002843
S2141987102F2F04882F2F04887818D88F2F042F030B
S2141987204EB9001969B424004FEF00106A1A082FC1
S2141987300006001D6706006A0040000C20024CDF88
S214198740041C4FEF04684E752F042F034EB90019F9
S214198750492C508F4A8067D674FF60D22F0A246F2F
S21419876000104AAA0008660A700042AA0004245F8C
S2141987704E752F0A2F2F00102F2F00104EB90019E3
S2141987804BF242AA00084FEF000C42AA0004245FDD
S2141987904E7548E72030266F0010246F0014B4FC7D
S2141987A000006714B6FC000067084AAB0032670081
S2141987B000A44A6A000C660A740020024CDF0C04F6
S2141987C04E752F0A2F0B4EB9001947722400206ACE
S2141987D0002C508FB0FC0000670E2F2A001C2F0BA0
S2141987E04E90508F4A806D624A2A000D6B4C202A93
S2141987F00030671841EA0040B1C0670C2F002F0BF4
S2141988004EB900196072508F42AA0030202A0044CF
S21419881067102F002F0B4EB90019607242AA004438
S214198820508F4EB900194BEE426A000C4EB900191A
S2141988304BF020024CDF0C044E752F2A00102F0B1C
S2141988404EB900196072508F60A474FF4A2A000D41
S2141988506A9C60E62F0B4EB900194BCC588F4A6AA2
S214198860000C6700FF546000FF5A2F0A246F000897
S2141988702079001A09EAB0FC000067064AA80032F7
S21419888067104A6A000C6716302A000E48C0245F23
S2141988904E752F084EB900194BCC588F60E42079C5
S2141988A0001A09EA7009208070FF245F4E754E562B
S2141988B0FFB82F0A246E000C302A000E6B5E486E25
S2141988C0FFB830402F082F2E00084EB900192E7801
S2141988D04FEF000C4A806D44222EFFBC0281000027
S2141988E0F0000C810000200057C0488048C0448022
S2141988F0206E00142080202EFFF0206E00106F5678
S21419890020802540004C0C8100008000673A203CEE
S21419891000000800246EFFB44E5E4E75206E0014DB
S21419892042904A2A000D6A127040206E001020806C
S2141989307000246EFFB44E5E4E75206E001020BC7B
S21419894000000400700060EA203C00000400246E59
S214198950FFB44E5E4E7520BC00000400203C00009B
S214198960080060B04E56FFF848E73020246E000C19
S214198970082A0001000D671A41EA00432488254891
S21419898000107001254000144CEE040CFFEC4E5EEE
S2141989904E75486EFFFC486EFFF82F0A2F2E0008FA
S2141989A04EB9001988AE2400262EFFF82F032F2E55
S2141989B000084EB90019352C4FEF00184A80675633
S2141989C0322A000C004100803541000C24802540D5
S2141989D00010254300144AAEFFFC6610824235414A
S2141989E0000C4CEE040CFFEC4E5E4E75306A000E11
S2141989F02F082F2E00084EB900192E94508F322AA0
S214198A00000C4A8067D60241FFFC004100018242F1
S214198A103541000C60CC302A000C080000096600AD
S214198A20FF680240FFFC004000023540000C41EA96
S214198A300043248825480010700125400014600062
S214198A40FF48598F48E72030266F0014242F001846
S214198A50246F001CB6FC000067064AAB0032674E4E
S214198A60202A00085380254000086A0CB0AA00186E
S214198A706D240C02000A671E2012220052812481DE
S214198A802040108270004600C0822F40000C4CDF38
S214198A900C04588F4E752F4A001C2F4200182F4B66
S214198AA000144CDF0C04588F4EF900198ABA2F0B94
S214198AB04EB900194BCC588F60A648E73030266F50
S214198AC00014246F001CB6FC000067084AAB00327D
S214198AD0670000DA256A00180008302A000C08001A
S214198AE00003675E4AAA0010675874004602C4AFAE
S214198AF00018222A00640800000D676C0801000D92
S214198B00660000882212200190AA0010B0AA00144C
S214198B106C000082528053AA0008260152832483CF
S214198B20204110AF001BB0AA0014674E082A000097
S214198B30000D6706700AB082674020024CDF0C0CE5
S214198B404E752F0A2F0B4EB90019539A508F4A801B
S214198B506638302A000C74004602C4AF0018222A60
S214198B6000640800000D6694004020003540000C93
S214198B700241DFFF2541006460822F0A2F0B4EB990
S214198B800019492C508F4A8067B074FF20024CDFB9
S214198B900C0C4E752F0A2F0B4EB90019492C508FF5
S214198BA04A8066E6221270016000FF6C2F0B4EB9E0
S214198BB000194BCC588F6000FF1C203C001A0BF490
S214198BC04E75518F48E73F3E206F003C282800100D
S214198BD0206F0038B8A800106E0001803C7C001485
S214198BE0DDEF003C53842004D084D08045F608007D
S214198BF0307C0014D1EF00382F48002CD0882F4035
S214198C00003020402610241252822F022F034EB90C
S214198C100019C180508F2A00B483620000A62A4E1C
S214198C20266F002C7E007C0049F90019C15C261DB0
S214198C302F053F0342674E94508F2400D487424332
S214198C4048432F052F034E94508F22024241484124
S214198C50D2802E014247484720132600028300007F
S214198C60FFFF02820000FFFF204391C22408D4862A
S214198C702602484348C302810000FFFF204391C1E2
S214198C8042404840D0882C00484648C64840424092
S214198C90804226C0BBCA6396206F00304A9066226F
S214198CA047E8FFFCB7EF002C6310202F002C4A93DF
S214198CB066085384598BB7C062F4206F0038214474
S214198CC000102F2F003C2F2F003C4EB90019AE165E
S214198CD0508F4A806D7A226F002C7600221E201142
S214198CE0240002820000FFFF2C0102860000FFFF0D
S214198CF0204291C62C08DC832406484248C24241C9
S214198D004841204291C142404840D08826004843F5
S214198D1048C348404240804622C0BDCA63BE2004AC
S214198D20D084D080206F002CD1C04A9066205988F4
S214198D30B1EF002C6310202F002C4A90660853843C
S214198D405988B1C062F4206F00382144001052854A
S214198D5020054CDF7CFC508F4E7570004CDF7CFC78
S214198D60508F4E754E56FF8048E73F3C242E000C18
S214198D702D6E0010FF9C246E00202D42FF942D6E40
S214198D80FF9CFFA8226E000820690036B0FC000080
S214198D9067242229003A214100047001E3A82140E2
S214198DA000082F082F094EB90019A75E2A6E000869
S214198DB042AD0036508F28026B0005B0429220044F
S214198DC002807FF000000C807FF00000670005BC71
S214198DD0242EFF94262EFF9C2D42FFAC2D43FFB068
S214198DE042A742A72F032F024EB90019CCA44FEF62
S214198DF000104A80662E7001206E001C20804AAE34
S214198E000024670A226E002422BC0019EA1F2D7C52
S214198E100019EA1EFF98202EFF984CEE3CFCFF58CE
S214198E204E5E4E75486EFFF8486EFFFC2F032F02F4
S214198E302F2E00084EB90019B0342E002A044245C8
S214198E404845E84D4FEF00144A85660005802C2EDC
S214198E50FFF82A06DAAEFFFC200506800000043269
S214198E607220B2806C00071E72409280E3AC220515
S214198E70068100000412202EFF9CE2A888802F0489
S214198E804EB90019D97A588F240026010682FE1089
S214198E900000538570012D40FFD849F90019C2C644
S214198EA042A72F3C3FF800002F032F024E944FEF96
S214198EB0001047F90019C6622F3C636F43612F3CB7
S214198EC03FD287A72F012F004E934FEF000C2EBCD1
S214198ED08B60C8B32F3C3FC68A282F012F004EB986
S214198EE00019C2CC4FEF0010240026012F054EB9E9
S214198EF00019D9E62EBC509F79FB2F3C3FD344135B
S214198F002F012F004E934FEF000C2E812F002F03A9
S214198F102F024EB90019C2CC4FEF001024002601BB
S214198F202F012F024EB90019DCB2508F280042A724
S214198F3042A72F032F024EB90019CD104FEF00107C
S214198F404A806D00055C9C85260653832D43FF9049
S214198F507016B0846500057E41F9001A038A20044C
S214198F60E7882F3008042F3008002F2EFFB02F2E39
S214198F70FFAC4EB90019CD104FEF00104A806C00A7
S214198F8005E6538442AEFFD04AAEFF906D000554F5
S214198F9042AEFFA44A846C00055C99AEFFA4260471
S214198FA044832D43FFC02D44FFB478007009B0AE3A
S214198FB00014650005567205B2AE00146C00058CD7
S214198FC059AE001476037400B6AE0014670010E0AC
S214198FD06C0006207604B6AE0014670005EA76051E
S214198FE02D43001476012D43FFB8202E0018D0AE5D
S214198FF0FFB42D40FFD42A00528526056F0005E6DA
S2141990007217B2836C0005DE7001307C00042D6E79
S2141990100008FF88D1C82200528043E80014B3C361
S21419902063F22D6EFF880008226E00082341003A6D
S2141990302F012F2E00082D7C0019A6CEFFCC45F93E
S2141990400019A6CE4E922D40FF98508F67001648ED
S2141990502A6E00082B6EFF980036700EB0856500D4
S21419906005EA4A82670005E44AAEFFB46F00117C30
S214199070700FC0AEFFB4E78841F9001A038A24308E
S2141990800800263008042C2EFFB4E886082E0000A7
S214199090FFB6670012EA720FCC812D7C0019C81032
S2141990A0FFC42F39001A03862F39001A03822F2E70
S2141990B0FFB02F2EFFAC41F90019C8104E904FEF94
S2141990C00010204022412D48FFDC2D49FFE0347C5A
S2141990D000034A8667344BF9001A03622D6E00089E
S2141990E0FF88080600006716528A2F2D00042F15D0
S2141990F02F032F024E934FEF001024002601E2860D
S214199100508D66DE2D6EFF8800082F032F022F2E36
S214199110FFE02F2EFFDC226EFFC44E914FEF00109A
S214199120204022412D48FFC42D49FFC84AAEFFD022
S214199130672042A72F3C3FF000002F2EFFC82F2E86
S214199140FFC44EB90019CD104FEF00104A806D00BC
S21419915005A82F0A4EB90019D9E62EAEFFC82F2E2C
S214199160FFC42F012F004E934FEF000C42972F3C50
S214199170401C00002F012F004EB90019C2CC4FEF2A
S2141991800010240126000683FCC000004A856700EB
S2141991900FAC2D6EFFB4FFF42D45FFE82D43FFDC11
S2141991A02D42FFE0202EFFE8E78841F9001A038ACE
S2141991B02D7008F8FFEC2D7008FCFFF02F2EFFC855
S2141991C02F2EFFC44EB90019DCB2508F2A6EFF98A5
S2141991D0528D2D4DFFE41C00060600302F004EB9A7
S2141991E00019D9E62E812F002F2EFFC82F2EFFC467
S2141991F04E944FEF0010240026014AAEFFB86700C0
S21419920012022F2EFFF02F2EFFEC42A72F3C3FE025
S21419921000004EB90019C8104FEF000C2EAEFFE033
S2141992202F2EFFDC2F012F004E944FEF00102040F9
S214199230246EFF9814862F032F022F012F082D480E
S214199240FF802D41FF844EB90019CCEC4FEF00106A
S214199250206EFF80226EFF844A806E0000CE7C004E
S2141992602D44FFDC2D47FFC42D45FFE428082A09A5
S2141992702E2EFFE82D6E0008FF882F032F0242A717
S2141992802F3C3FF000004E944FEF000C2E852F0414
S2141992902F012F004EB90019CD104FEF00104A803C
S2141992A06D00132A5286BE866F00133C42A72F3CC8
S2141992B0402400002F052F044E934FEF001028006E
S2141992C02A0142A72F3C402400002F032F024E9359
S2141992D04FEF0010240026012F012F024EB9001956
S2141992E0DCB2508F24402F004EB90019D9E62E81D2
S2141992F02F002F032F024E944FEF00102400260143
S214199300300A060000301AC02F052F042F012F022D
S2141993104EB90019CD104FEF00104A806C00FF5C53
S2141993202E2EFFC42D6EFF880008262EFFF45283BA
S2141993302D7C0019A75EFF902F072F2E0008246E8C
S214199340FF904E924215206E001C2083508F4AAE15
S21419935000246700FAC2226E0024228D202EFF9860
S2141993604CEE3CFCFF584E5E4E7570012480088208
S214199370001F2D42FF942802200402807FF000006F
S2141993800C807FF000006600FA48206E001C20BC96
S2141993900000270F0284000FFFFF88AEFF9C6600AF
S2141993A0018E4AAE0024670013062D7C001A02E7C8
S2141993B0FF98203C001A02EF226E00242280202EED
S2141993C0FF984CEE3CFCFF584E5E4E75242EFFACB3
S2141993D0262EFFB0202EFFAC0280000FFFFF2400C0
S2141993E000823FF000000685FFFFFC012C2EFFF8D7
S2141993F042AEFFD849F90019C2C642A72F3C3FF81A
S21419940000002F032F024E944FEF001047F9001952
S214199410C6622F3C636F43612F3C3FD287A72F014B
S2141994202F004E934FEF000C2EBC8B60C8B32F3C09
S2141994303FC68A282F012F004EB90019C2CC4FEF0C
S2141994400010240026012F054EB90019D9E62EBCA6
S214199450509F79FB2F3C3FD344132F012F004E9377
S2141994604FEF000C2E812F002F032F024EB9001933
S214199470C2CC4FEF0010240026012F012F024EB93F
S2141994800019DCB2508F280042A742A72F032F02DB
S2141994904EB90019CD104FEF00104A806C00FAA88B
S2141994A02F044EB90019D9E62E832F022F012F004B
S2141994B04EB90019CCC84FEF00104A806700FA88D9
S2141994C053849C85260653832D43FF907016B084CB
S2141994D06400FA8676012D43FFD04AAEFF906C00E1
S2141994E0FAB0760196862D43FFA442AEFF904A84C1
S2141994F06D00FAA8D9AEFF902D44FFB442AEFFC056
S2141995007009B0AE00146400FAAE740142AE0014CD
S21419951076012D43FFB87AFF42AE0018206E000878
S21419952042A8003A2D45FFD472006000FB044AAEEB
S2141995300024667A2D7C001A02F0FF98202EFF98D8
S2141995404CEE3CFCFF584E5E4E757003B0AE0014E0
S21419955067000B5A6C0000A874017604B6AE0014A6
S21419956067646000FA7A4A866F000C6042AEFFD0D4
S21419957042AEFFA4D9AEFF902D44FFB442AEFFC051
S2141995806000FF7E72209280282EFF9CE3AC2F0489
S2141995904EB90019D97A588F240026010682FE1072
S2141995A00000538570012D40FFD86000F8EE2D7C21
S2141995B0001A02F0FF98203C001A02F3226E0024CB
S2141995C022806000FDFA76012D43FFB84AAE0018D6
S2141995D06F0008DE2D6E0018FFD42A2E00182605F7
S2141995E06000FA1E206E000842A8003A7200600059
S2141995F0FA4076022D43001442AEFFB860CE7202CE
S214199600B2AE0014670010BE226E000842A9003AD6
S21419961042A72F092D7C0019A6CEFFCC45F90019B3
S214199620A6CE4E922D40FF98508F6700106A226E74
S2141996300008236EFF98003676012D43FFB876FF93
S2141996402D43FFD47AFF42AE0018202EFFFC6B0084
S2141996500160720EB2AEFFB46D00015641F9001AE0
S214199660038A202EFFB4E7882D700800FF882D7016
S2141996700804FF8C4AAE00186C0008504A856E0024
S214199680084A663242A72F3C401400002F2EFF8C42
S2141996902F2EFF884E934FEF000C2E812F002F2E62
S2141996A0FFB02F2EFFAC4EB90019CD344FEF001076
S2141996B04A806E0000C42A6EFF987C0095CA262E32
S2141996C0001846832F062F2E00082D7C0019A75E3A
S2141996D0FF9041F90019A75E4E905283508FB4FC43
S2141996E000006700FC542F0A2F2E0008226EFF90E8
S2141996F04E91508F6000FC424A8567000A064AAEB2
S214199700FFD46F00FF46262EFFB453832D43FFF474
S21419971042A72F3C402400002F2EFFC82F2EFFC42F
S2141997204E934FEF0010204022412D48FFC42D497B
S214199730FFC8486A00014EB90019D9E62EAEFFC80F
S2141997402F2EFFC42F012F004E934FEF000C429778
S2141997502F3C401C00002F012F004EB90019C2CC17
S2141997604FEF0010240126000683FCC000002D6E62
S214199770FFD4FFE86000FA267C0095CA2A6EFF9887
S2141997801AFC0031262EFFB452832F062F2E0008FE
S2141997902D7C0019A75EFF9041F90019A75E4E901F
S2141997A05283508FB4FC00006600FF3C6000FB8AB1
S2141997B04AAEFFB8670001507601B6AE00146C00C9
S2141997C0090C20055380B0AEFFC06E000ADE2C2EA1
S2141997D0FFC09C804A856C000DBC242EFFA494857E
S2141997E0487800012F2E000847F90019A95A4E93F8
S2141997F02440508F4A82671C4AAEFF906F1620028B
S214199800B4AEFF906F04202EFF9091AEFFA4948003
S21419981091AEFF904AAEFFC067264AAEFFB8670002
S2141998200A7049F90019AC084A86660002442F2EB8
S214199830FFC02F072F2E00084E942E004FEF000C56
S214199840487800012F2E00084E932C00508F4A841A
S214199850660006067201B2AE00146C0000C2202E15
S214199860FF90D081721FC081670000F67220928027
S2141998707604B6816C000810721C9280D3AEFFA4D1
S214199880D481D3AEFF904AAEFFA46E00010A4AAE49
S214199890FF906E0000E24AAEFFD06600015E4A8570
S2141998A06F0001144AAEFFB866000250262EFFB4A8
S2141998B052832D7C0019AE16FF94286EFF987401FA
S2141998C02D7C00198BC2FFA04BF90019A7822D6EAB
S2141998D00008FF8847F900198BC22F062F074E93E9
S2141998E07230D08118C0508FB4856C0004D642A748
S2141998F04878000A2F072F2EFF884E952E00528281
S2141999004FEF001060D42C2EFFC0242EFFA442AEB9
S214199910FFB895CA47F90019A95A6000FED84AAE89
S214199920FFA8662C202EFF940280000FFFFF6620EA
S214199930202EFF9402807FF0000067000C2E52AE96
S214199940FFA452AEFF9070014A8466000C242800CA
S2141999507201202EFF90D081721FC0816600FF0E03
S214199960721CD3AEFFA4D481D3AEFF904AAEFFA427
S2141999706F00FF1C60202F2EFF902F062F2E000839
S2141999804EB90019AD042C004FEF000C4AAEFFD0AB
S2141999906700FF0C60642F2EFFA42F072F2E0008D8
S2141999A04EB90019AD042E004FEF000C4AAEFF90C9
S2141999B06F00FEE460C07002B0AE00146C00FEE6E4
S2141999C04A85662842A7487800052F062F2E0008D4
S2141999D04EB90019A7822C002F002F074EB900196F
S2141999E0AE164FEF00184A806E00FD922A6EFF9849
S2141999F0262E001846836000FCCC2F062F072D7CD8
S214199A000019AE16FF9441F90019AE164E90508FF4
S214199A104A806C00FE8A262EFFB4538342A74878E4
S214199A20000A2F072F2E000847F90019A7824E9310
S214199A302E004FEF00104AAEFFB86600009A4AAEE5
S214199A40FFD46F7C262EFFB42A2EFFD4286EFF98DB
S214199A5074012D7C00198BC2FFA04BF90019A7823F
S214199A602D6E0008FF8847F900198BC26000FE6C3E
S214199A702F062F0A2F2E00084E9424402F072F004A
S214199A802F2E00084EB90019A9FE26002F072F2ED3
S214199A9000084EB90019A75E9DAEFFC04FEF002013
S214199AA02E034AAEFFC06700FD982F2EFFC02F0762
S214199AB02F2E00084E942E004FEF000C6000FD82EA
S214199AC07002B0AE00146C00FF7C2A2EFFD42D4312
S214199AD0FFB46000FEEC42A74878000A2F0A2F2E22
S214199AE000084E9324404FEF00104AAEFFD46F0083
S214199AF00B0C2D43FFB42A2EFFD44A826E0001EEBA
S214199B004A84660007F2280A242EFF98224243F157
S214199B1058FF2D49FFA42D7C0019A75EFF902D7CB8
S214199B200019AE16FF942D7C00198BC2FFA0720186
S214199B30C2AEFFA82D41FFA84BF90019A7822D6EBA
S214199B400008FF882F062F07206EFFA04E9028408A
S214199B5047EC00302F0A2F07226EFF944E912600ED
S214199B602F042F062F2EFF884EB90019AE642040F9
S214199B704FEF001C4AA8000C660000C62F002F07DE
S214199B802D40FF80226EFF944E912A00206EFF8092
S214199B902F082F2EFF88206EFF904E904FEF001043
S214199BA04A85660001C64AAE001466084AAEFFA882
S214199BB06700016A4A836D00014C2842320B18C1AE
S214199BC0B4AEFFA4670007D442A74878000A2F0747
S214199BD02F2EFF884E952E004FEF0010B88A67007B
S214199BE001C642A74878000A2F0A2F2EFF884E95DD
S214199BF0244042A74878000A2F042F2EFF884E9536
S214199C0028004FEF0020240C2F062F07206EFFA0E8
S214199C104E90284047EC00302F0A2F07226EFF94EB
S214199C204E9126002F042F062F2EFF884EB90019A5
S214199C30AE6420404FEF001C4AA8000C6700FF3E98
S214199C402D6EFF8800082F002F2E00082A6EFF9011
S214199C504E95508F4A836D107001C0AEFF9C86AE2C
S214199C600014808366000122487800012F072F2EE2
S214199C7000084EB90019AD042E002F062F00206ECD
S214199C80FF944E904FEF00144A806F0000BA723955
S214199C90B28B670008B847EC00312A42360B1AC354
S214199CA0262EFFB452832A0A24442F062F2E000884
S214199CB0226EFF904E91508FB4FC00006700F67A22
S214199CC04A856700FA22B5C56700FA1C2F052F2E9C
S214199CD00008206EFF904E90508F2F0A2F2E0008E6
S214199CE0226EFF904E91508F6000F64E2F022F0A6B
S214199CF02F2E00084EB90019AD0424404FEF000C62
S214199D006000FDFE2D6EFF8800082A42360B1AC326
S214199D10262EFFB452832A0A2444608E2D6EFF889D
S214199D2000087039B08B670008244A836F0447EC23
S214199D3000312A42320B1AC1262EFFB452832A0A40
S214199D4024446000FF664A806600FF50200B080016
S214199D5000006600FF3A2A42360B1AC3262EFFB4B5
S214199D6052832A0A24446000FF424A836D0008DAA7
S214199D7086AE001486AEFFA8670008CE4A856F0027
S214199D80FE3A2D6EFF8800087639B68B670007BE37
S214199D902A42262EFFB45283300B52001AC02A0AC2
S214199DA024446000FF0642A74878000A2F0A2F2E7F
S214199DB0FF884E9524404FEF00102800240C6000B1
S214199DC0FE4826402D6EFF8800084A856F0003E678
S214199DD02005286EFF98D9C07A002D7C0019A75E39
S214199DE0FF90487800012F072F2E00084EB900194A
S214199DF0AD042E002F062F00206EFF944E904FEFC5
S214199E0000144A806F2E222EFF982D6E0008FF88A8
S214199E102A4C10240C00003966000284B28C66F0B5
S214199E202D6EFF880008206EFF9810BC00315283F3
S214199E306000FE784A806608200B0800000066C697
S214199E402D6E0008FF882A4C0C24003067F82D6EFA
S214199E50FF8800086000FE542F042F002F2E0008DC
S214199E604EB90019AC082C004FEF000C7001B0AEBB
S214199E7000146C2478002046202800105880D080C2
S214199E80D08022402F3168004EB90019A87E722062
S214199E909280588F6000F9C84AAEFFA866D6202E61
S214199EA0FF940280000FFFFF6700FA86780060C6ED
S214199EB07A0170012D400018206E000842A8003A59
S214199EC02D45FFD472006000F168206EFF98528805
S214199ED02D48FFE42D7C0019C810FFC42F2EFF8CC7
S214199EE02F2EFF882F2EFFB02F2EFFAC43F9001907
S214199EF0C8104E914FEF000C2E812F004EB9001945
S214199F00DCB2508F2C002F004EB90019D9E62EAEB0
S214199F10FF8C2F2EFF882F012F004E934FEF000C2A
S214199F202E812F002F2EFFB02F2EFFAC4E944FEF01
S214199F30001020402241246EFFE41006060000306F
S214199F402A6EFF981A807001B085670000A0780104
S214199F502D6E0008FF904BF90019C81042A72F3C28
S214199F60402400002F092F084E934FEF00102400AD
S214199F70260142A742A72F012F024EB90019CCA4D9
S214199F804FEF00104A806700035452842F2EFF8C1F
S214199F902F2EFF882F032F024E954FEF000C2E8180
S214199FA02F004EB90019DCB2508F2C002F004EB975
S214199FB00019D9E62EAEFF8C2F2EFF882F012F0001
S214199FC04E934FEF000C2E812F002F032F024E9425
S214199FD04FEF00102040224112060601003014C12E
S214199FE0BA846600FF782D6EFF9000082F092F0897
S214199FF02F092F084EB90019C2CC4FEF00102800B0
S21419A0002A01262EFFB4528324032F012F042F2E44
S21419A010FF8C2F2EFF884EB90019CD104FEF001068
S21419A0204A806D202F052F042F2EFF8C2F2EFF8888
S21419A0304EB90019CCA44FEF00104A80663A0806AC
S21419A04000006734222EFF982D6E0008FF882A4AD2
S21419A05010220C000039660004DCB5C166F02D6EBE
S21419A060FF88000870315282148026022D7C001950
S21419A070A75EFF906000F2C22A4A2D7C0019A75EDF
S21419A080FF906000F2B459816700F7FC723C928029
S21419A090D3AEFFA4D481D3AEFF906000F8D02D6E56
S21419A0A0FF880008520018806000FC00740142AE58
S21419A0B0FFB8202E0018D0AEFFB42D40FFD42A00CA
S21419A0C0528526056E00EF3A6000F51A4AAEFFD89B
S21419A0D067000302068000000433D1AEFF902C2ED1
S21419A0E0FFC0242EFFA4D1AEFFA4487800012F2E5E
S21419A0F0000847F90019A95A4E932440508F60005A
S21419A100F6F42F0A4EB90019D9E62EAEFFC82F2E2F
S21419A110FFC42F012F004E934FEF000C42972F3C90
S21419A120401C00002F012F004EB90019C2CC4FEF6A
S21419A1300010240126000683FCC0000042A72F3C0D
S21419A140401400002F2EFFC82F2EFFC44E944FEF39
S21419A150001020402D43FFC42D42FFC82F2EFFC8E4
S21419A1602F2EFFC42F012F082D48FF802D41FF8465
S21419A1704EB90019CCEC4FEF0010206EFF80226EFE
S21419A180FF844A806E00F5F22003068080000000E6
S21419A1902F022F002F092F084EB90019CD104FEF97
S21419A1A000104A806C00F4A42A6EFF987C0095CAA9
S21419A1B06000F50C7001286EFF98D9C07A002D7CC6
S21419A1C00019A75EFF906000FC1A760196862D434B
S21419A1D0FFA442AEFF9042AEFFD0D9AEFF902D44F9
S21419A1E0FFB442AEFFC06000F3184AAEFFB4670072
S21419A1F00330242EFFB44482700FC082E78841F9D9
S21419A200001A038A2F3008042F3008002F2EFFB0AB
S21419A2102F2EFFAC4E934FEF001026002C01E8822C
S21419A220670004144BF9001A036220032D40FFC47B
S21419A2302D41FFC84200347C0002206EFFC4226EF6
S21419A240FFC82D6E0008FF88080200006718528A9A
S21419A2502F2D00042F152F092F084E934FEF00109E
S21419A260204022417001E282508D66DC2D48FFC4E1
S21419A2702D49FFC82D6EFF8800084A006600EEAE0D
S21419A280200322062D40FFC42D41FFC86000EE9E14
S21419A2902F2EFFC02F072F2E00084EB90019AC0815
S21419A2A02E004FEF000C6000F598220092AEFFC00A
S21419A2B0D881DBAEFF90242EFFA4DBAEFFA42D4081
S21419A2C0FFC07C00487800012F2E000847F90019B6
S21419A2D0A95A4E932440508F6000F51A2D6EFF90A0
S21419A2E00008262EFFB452832A4A2D7C0019A75E31
S21419A2F0FF906000F0442F2A00042F2E0008206ECD
S21419A300FFCC4E902640508F4A8067000372222A4F
S21419A31000105481D281D2812F01486A000C486BF3
S21419A320000C4EB900195D64487800012F0B2F2ECA
S21419A33000084EB90019AD0428004FEF0018242E56
S21419A340FF98224243F158FF2D49FFA42D7C00198E
S21419A350A75EFF902D7C0019AE16FF942D7C001970
S21419A3608BC2FFA07201C2AEFFA82D41FFA84BF900
S21419A3700019A7822D6E0008FF886000F7C82D6E99
S21419A380FFACFFDC2D6EFFB0FFE0347C00022D7CA5
S21419A3900019C810FFC46000ED3A2D6EFF8800083A
S21419A3A0262EFFB452832A0A2444487800012F0720
S21419A3B02F2E00084EB90019AD042E002F062F00B7
S21419A3C0206EFF944E904FEF00144A806E00FA38B4
S21419A3D06000FA62703690AEFFF8D1AEFF902C2E60
S21419A3E0FFC0242EFFA4D1AEFFA4487800012F2E5B
S21419A3F0000847F90019A95A4E932440508F600057
S21419A400F3F42F2EFFF02F2EFFEC2F2EFFE02F2E1A
S21419A410FFDC4E934FEF0010204022412D48FFB825
S21419A4202D49FFBC206EFF9810862448D5EEFFE80C
S21419A4307001B0AEFFE8670001F62C042D6E000817
S21419A440FF8842A72F3C402400002F032F024E936B
S21419A4504FEF0010240026012F012F024EB90019C4
S21419A460DCB2508F28002F004EB90019D9E62E817C
S21419A4702F002F032F024E944FEF001024002601B1
S21419A480060400301AC4BBCA66B828062D6EFF88A3
S21419A490000842A72F3C3FE000002F2EFFBC2F2EAE
S21419A4A0FFB84EB90019C2CC4FEF000C2E832F02FD
S21419A4B02F012F004EB90019CD104FEF00104A800A
S21419A4C06D0000F62F2EFFBC2F2EFFB842A72F3C8B
S21419A4D03FE000004E944FEF000C2E832F022F0101
S21419A4E02F004EB90019CCEC4FEF00104A806E00C1
S21419A4F001224AAEFFFC6D00F40E720EB2AEFFB426
S21419A5006D00F404202EFFB4E78841F9001A038A77
S21419A5102D700800FF882D700804FF8C6000F9B6AE
S21419A5202D6EFFACFFC42D6EFFB0FFC8347C000241
S21419A5306000EBFA2D6EFF88000852001480260280
S21419A5402D7C0019A75EFF906000EDEE284218FCDE
S21419A5500039262EFFB452832A0A2444222EFF9845
S21419A5602D6E0008FF886000F8A870006000F3DA06
S21419A57028002046202800105880D080D0802240FD
S21419A5802F3168004EB90019A87E72209280588F14
S21419A5906000F2CCDBAEFF90242EFFA4DBAEFFA446
S21419A5A0487800012F2E000847F90019A95A4E932A
S21419A5B02440508F6000F23E242EFFF45282222E41
S21419A5C0FF982D6E0008FF886000FA842E2EFFC4AF
S21419A5D02D6EFF880008244D242EFFF45282222E59
S21419A5E0FF986000FA6A282EFFDC2E2EFFC42A2E4A
S21419A5F0FFE42D6EFF8800086000F0507202B2AEBC
S21419A60000146C00F4EE2A2EFFD42D43FFB460001C
S21419A610F3B02D6E0008FF882A4A0C220030660017
S21419A620ED042A4A0C22003067EE6000ECF8246E1E
S21419A630FFE46000FE5E20032D40FFC42D41FFC8D5
S21419A640347C00026000EAE62D6EFF8800084A8511
S21419A6506F00F648487800012F072F2E00084EB9CC
S21419A6600019AD042E002F062F00206EFF944E9071
S21419A6704FEF00144A806E00F6166000F6CA487945
S21419A680001A02F442A7487802EF4879001A03051F
S21419A6904EB90019B1564879001A02F442A74878FB
S21419A6A001AF4879001A03054EB90019B1562D7C29
S21419A6B0001A02E7FF98202EFF984CEE3CFCFF5834
S21419A6C04E5E4E75740142AEFFB86000EF0048E763
S21419A6D03020246F0010242F0014202A00426724EB
S21419A6E02202D282D2812240D3C12051B0FC00006E
S21419A6F06736229042A8001042A8000C20084CDFAA
S21419A700040C4E7548780021487800042F0A4EB973
S21419A710001933A2254000424FEF000C66C291C8BB
S21419A72020084CDF040C4E757601E5AB20035A80E1
S21419A730D080D0802F00487800012F0A4EB9001912
S21419A74033A220404FEF000C4A8067D22142000402
S21419A7502143000842A8001042A8000C609E2F0A48
S21419A760226F000CB2FC0000671420690004D1C8DF
S21419A770D1C8246F0008D1EA004222902089245FAC
S21419A7804E7548E73F38266F002C2A2F00302E2F9B
S21419A79000342C2B001049EB0014780045F90019E9
S21419A7A0C15C26142F053F0342674E92508F240032
S21419A7B0D487424348432F052F034E92508F2202C7
S21419A7C042414841D0812E004247484748404240BE
S21419A7D002820000FFFFD08228C05284B8866DC25C
S21419A7E04A876718BCAB00086C1A20065A80D080B6
S21419A7F0D08027870800528627460010200B4CDF8A
S21419A8001CFC4E75202B000452802F002F2F002C75
S21419A8104EB90019A6CE2440508F4A806748222B7D
S21419A82000105481D281D2812F01486B000C486ADE
S21419A830000C4EB900195D64206B0004D1C8D1C84C
S21419A840226F0034D1E900422690208B4FEF000C7E
S21419A850264A20065A80D080D0802787080052863C
S21419A8602746001060964879001A02F442A74878DD
S21419A87000BA4879001A032D4EB90019B1562F029D
S21419A880222F00080C810000FFFF62484841424110
S21419A89070100C8100FFFFFF62045080E1890C8163
S21419A8A00FFFFFFF62045880E9890C813FFFFFFF05
S21419A8B0630A4A816D025280241F4E75D281240183
S21419A8C0D4810801001E66100802001E661070204A
S21419A8D0241F4E75700060BA5480241F4E7556801A
S21419A8E0241F4E752F02206F000822107007C08192
S21419A8F0671608010000664C080100016752E289D4
S21419A90020817001241F4E754A41663442414841E0
S21419A91070104A0166045080E089740FC481660479
S21419A9205880E8897403C48166045480E489080150
S21419A930000066065280E28967102081241F4E7532
S21419A940700060CE7000241F4E757020241F4E753F
S21419A950E48920817002241F4E752F0A246F00087F
S21419A960226A0042B2FC0000672420690004B0FC89
S21419A9700000674E2350000442A8000C216F000CFB
S21419A98000147001214000102008245F4E75487885
S21419A9900021487800042F0A4EB9001933A2224024
S21419A9A0254000424FEF000C66C04879001A02F4A1
S21419A9B042A7487801454879001A032D4EB900195F
S21419A9C0B1564878001C487800012F0A4EB900196C
S21419A9D033A220404FEF000C4A8067CE7001214009
S21419A9E0000470022140000842A8000C216F000CD8
S21419A9F000147001214000102008245F4E754FEF97
S21419AA00FFE848E73F3E2A6F004C246F0050242D7C
S21419AA100010262A0010B6826E0C20032602240087
S21419AA20200A244D2A40202A00042203D2822F41CC
S21419AA300030B2AA00086F0252802F002F2F004C48
S21419AA404EB90019A6CE2F400044508F670001A2B8
S21419AA50206F003C4DE80014202F0030D080D080A5
S21419AA60D08E2F400040204EB08E630A202F004013
S21419AA704298B1C065FA41EA00142F480034D683CB
S21419AA80D6832A08DA834BED0014D482D482D48D67
S21419AA902F42002CB48D633441EA0015B1C5635CAE
S21419AAA072042F41003847F90019C15C241D26028B
S21419AAB002830000FFFF4A42660000CA424248422B
S21419AAC04A826650588EBBEF002C65E04AAF0030BC
S21419AAD06F14206F0040202F00304AA06604538060
S21419AAE066F82F400030206F003C216F00300010B0
S21419AAF020084CDF7CFC4FEF00184E7570EB908ADF
S21419AB00D08572FCC08158802F40003847F900194B
S21419AB10C15C60982E16246F00342807284E7600DC
S21419AB202C0320122F023F0042674E93508FDC8071
S21419AB30260442434843D68620034840424080476D
S21419AB4028C02814201A424048402F022F004E933E
S21419AB50508F220402810000FFFFD28042434843EF
S21419AB602E01DE832C0742464846B5C565B4222F0A
S21419AB7000382D871800588EBBEF002C6500FF2E65
S21419AB806000FF4A2E2F0034244E780028472E1CCA
S21419AB9024122F033F0742674E93508F22020281D9
S21419ABA00000FFFFD2802C01DC84424748472F0360
S21419ABB02F074E93508F42424842D4802006424077
S21419ABC04840D08228004244484448404240804683
S21419ABD024C0B9C565B8206F00382D848800242D87
S21419ABE0FFFC424248424A826700FEDA6000FF26AE
S21419ABF04879001A02F442A7487801624879001A7F
S21419AC00032D4EB90019B15648E7203C286F001895
S21419AC10266F001C242F00207003C0826676E482FB
S21419AC206754246C003EB4FC00006700008E4BF994
S21419AC300019A9FE080200006614E282673820523D
S21419AC40B0FC0000673824480802000067EC2F0A99
S21419AC502F0B2F0C4E954FEF000CB6FC000067100B
S21419AC60206B0004D1C8D1C8D1EC00422690208BA5
S21419AC702640E28266C8200B4CDF3C044E752F0A2C
S21419AC802F0A2F0C4E952040248042904FEF000C2F
S21419AC90244860B442A75380D080D08041F9001A66
S21419ACA003562F3008002F0B2F0C4EB90019A78208
S21419ACB026404FEF00106000FF66487800012F0C01
S21419ACC04EB90019A6CE2440508F4A80671E257C9F
S21419ACD0000002710014700125400010294A003E38
S21419ACE042924BF90019A9FE6000FF4A4879001AEA
S21419ACF002F442A7487801454879001A032D4EB93F
S21419AD000019B15648E73F38246F0028266F002CE3
S21419AD102C2F00302A06EA85222B00042605D6ABEE
S21419AD20001028035284202B0008B0846C08528126
S21419AD30D080B0846DF82F012F0A4EB90019A6CE0F
S21419AD40508F4A80670000B8327C0014D3C04A85F9
S21419AD506F165A85DA85DA852200D28520494298F7
S21419AD60B28866FA43F158EC41EB0014222B001016
S21419AD70D281D2812A08DA81721FCC8167507E204F
S21419AD809E86284972002410EDAA848128C22218AA
S21419AD90EEA9B1C565F041EB0015B1C5625474EB67
S21419ADA0948BD4857AFCC4852042588823818800E0
S21419ADB06722204021440010206B0004D1C8D1C856
S21419ADC0D1EA00422690208B4CDF1CFC4E7522D807
S21419ADD0B1C565FA2803204021440010206B0004F1
S21419ADE0D1C8D1C8D1EA00422690208B4CDF1CFC72
S21419ADF04E75307C00042381880066B660D6487983
S21419AE00001A02F442A7487801DE4879001A032D81
S21419AE104EB90019B1562F0A2F02246F000C226F53
S21419AE20001022290010202A00109081661C45EA7D
S21419AE300014D281D28141F2180043F1181424204B
S21419AE402221B282660AB1CA62F4241F245F4E75A3
S21419AE50B282630870FF241F245F4E757001241F89
S21419AE60245F4E7548E73F3E2C6F00342A6F003832
S21419AE70202D0010222E00109280664645EE0014F2
S21419AE80D080D08041F2080043F5081422202021F2
S21419AE90B08166000148B1CA62F242A72F2F00346A
S21419AEA04EB90019A6CE2640508F4A806700015623
S21419AEB070012740001042AB0014200B4CDF7CFCBD
S21419AEC04E754A816D00011C200D2A4E2C407400C7
S21419AED02F2D00042F2F00344EB90019A6CE264068
S21419AEE0508F4A80670001362742000C282D001023
S21419AEF04BED00142004D084D08041F5080043EEB1
S21419AF000014202E0010D080D080D0897A14DA8BC5
S21419AF10284D24457400221C2C1926010283000092
S21419AF20FFFF2E0602870000FFFF9687D682424152
S21419AF30484142464846240194862203484148C15E
S21419AF40D2822401484248C248414241824324C120
S21419AF50B3C065C243EE0015B3C053C31C03440601
S21419AF60327CFFEB93CE2E09DE80E48F4A036662AD
S21419AF707004DBC02605D680BBC8646C2443224DFA
S21419AF8020192A02220002810000FFFFD2824841BE
S21419AF9048C1240042424842D2822401484248C24B
S21419AFA0D08548414241824024C1B3C865D25388EE
S21419AFB02008908D74FCC4802042D1C34A8166064D
S21419AFC053844AA067FA27440010200B4CDF7CFCF8
S21419AFD04E7520075280D080D0806096B08163006D
S21419AFE0FEE874016000FEEA4A06660C7000204509
S21419AFF0D1C04A8167CA60CE2007D087D080204545
S21419B000D1C060EE4879001A02F442A74878023790
S21419B0104879001A032D4EB90019B1564879001A05
S21419B02002F442A7487802454879001A032D4EB90A
S21419B0300019B1564E56FFF848E73820242E000C52
S21419B040262E0010487800012F2E00084EB9001938
S21419B050A6CE2440508F4A80670000E42002028062
S21419B060000FFFFF42424842E84A0282000007FFEB
S21419B070670408C000142D40FFFC4A8367642D43FB
S21419B080FFF8486EFFF84EB90019A8E4222EFFFC07
S21419B090588F4A806700009E782098802601E9AB71
S21419B0A086AEFFF825430014E0A92D41FFFC254183
S21419B0B0001867447602254300104A8267440682C0
S21419B0C0FFFFFBCDD480206E001420827635968043
S21419B0D0206E00182083200A4CEE041CFFE84E5EF2
S21419B0E04E75486EFFFC4EB90019A8E4256EFFFC94
S21419B0F000147220D081588F7601254300104A8299
S21419B10066BC0680FFFFFBCE206E0014208020034D
S21419B110E5882F3208104EB90019A87E588FEB8B88
S21419B1209680206E00182083200A4CEE041CFFE837
S21419B1304E5E4E75256EFFF800146000FF72487952
S21419B140001A02F442A74878030F4879001A032D0B
S21419B1504EB90019B156202F000C6732223C001A3E
S21419B160045A2F002F012F2F00102F2F00102F2FCA
S21419B17000204879001A04672079001A09EA2F284E
S21419B180000C4EB90019B2344EB90019C0CA203C89
S21419B1900019F95222002F002F012F2F00102F2FE0
S21419B1A000102F2F00204879001A04672079001AFA
S21419B1B009EA2F28000C4EB90019B2344EB90019F5
S21419B1C0C0CA598F226F000C206F0010B2FC000005
S21419B1D06720B0FC000067224AAF0014672270008F
S21419B1E0101022804A1056C0488048C04480588F94
S21419B1F04E75224FB0FC000066DE7000588F4E75F3
S21419B20070FE588F4E75206F0008202F000CB0FC6A
S21419B2100000671C0C80000000FF62061080700199
S21419B2204E75206F000420BC0000008A70FF4E7512
S21419B23070004E754E560000486E00102F2E000CEA
S21419B2402F2E00082F39001A09EA4EB90019B258DC
S21419B2504FEF00104E5E4E754E56FF6C48E73F3C5A
S21419B2602D6E0008FF782D6E000CFF70286E0010EA
S21419B2702D6E0014FF7C4AAEFF78670C206EFF789F
S21419B2804AA8003267000C24226EFF702029006439
S21419B2903229000C0801000D6610004120003341C8
S21419B2A0000C0240DFFF234000640800000D660012
S21419B2B00D40206EFF703028000C08000003670050
S21419B2C001A24AA800106700019A0240001A0C4011
S21419B2D0000A6700032A43EEFFC02D49FF8C42AED1
S21419B2E0FF9442AEFF902E09244942AEFF8042AE2B
S21419B2F0FF741014670001F6264C0C000025670031
S21419B300019E528B101366F22A4B9BCCB9CB670061
S21419B31001DC248C254D0004200DD1AEFF94202E7F
S21419B320FF9052802D40FF907207B2806D000198F1
S21419B330508A200DD1AEFF741013670001B0528BDE
S21419B340422EFF893A7CFFFF74007600284B101CAA
S21419B3504880304043E8FFE07258B289650001B270
S21419B3602009D080303B08064EFB0002074A01A48C
S21419B37001A4073C01A401A401A401A401A401A4E9
S21419B380058C070E01A4059C05AA01A407C600B2E0
S21419B39000B200B200B200B200B200B200B200B2FF
S21419B3A001A401A401A401A401A401A401A401A457
S21419B3B001A401A4076201A401A401A401A401A483
S21419B3C001A401A401A401A401A4067201A401A464
S21419B3D001A401A401A4061E01A401A409EA01A45A
S21419B3E001A401A401A401A401A401A401A401A417
S21419B3F001A405F4052201A401A401A40806052246
S21419B40001A401A4012401A407D606DE08F201242A
S21419B41001A4089E01A4081401A401A40B687400D1
S21419B42043E8FFD02002D082D080D480D482D48939
S21419B430101C4880304043E8FFD07209B289650075
S21419B440FF142002D082D080D480D482D489101CD4
S21419B4504880304043E8FFD07209B28964C660005C
S21419B460FEF42F2EFF702F2EFF784EB90019539A1F
S21419B470508F4A8066000B7A226EFF703029000CB6
S21419B4800240001A0C40000A6600FE4C600001706B
S21419B49072108681101C488030406000FEB82A4B16
S21419B4A09BCCB9CB6700FE92248C254D0004200D49
S21419B4B0D1AEFF94202EFF9052802D40FF90720738
S21419B4C0B2806C00FE6C486EFF8C2F2EFF702F2EEC
S21419B4D0FF784EB90019875C4FEF000C4A80661446
S21419B4E02447200DD1AEFF746000FE4E4AAEFF947D
S21419B4F066000ADA206EFF7008280006000D66003E
S21419B5000AF0202EFF744CEE3CFCFF444E5E4E753E
S21419B510B0FC000067D630081D40FF98422EFF8900
S21419B52078017C0141EEFF982D48FF6C9BCD97CB97
S21419B5307A7B4605CA83206EFF94202EFF904A8593
S21419B540660C224293C4B2FC00006E0002324A2EE8
S21419B550FF896722528043EEFF89248972012541AB
S21419B560000452882D48FF942D40FF907207B28030
S21419B5706D000860508AB6FC00006722528043EEC0
S21419B580FF8A248972022541000454882D48FF94A5
S21419B5902D40FF907207B2806D000862508A0C85A4
S21419B5A000000080670000869BC6BAFC00006E008B
S21419B5B0010A24AEFF6C25460004D1C62D48FF9417
S21419B5C052802D40FF907207B2806D000166508A36
S21419B5D008030002670C224293C42D49FF846E00AB
S21419B5E0021AB8826F022404D5AEFF74B0FC0000AC
S21419B5F06600016642AEFF9024476000FCF6206E96
S21419B600FF704A68000E6D00FCCE2D6EFF7C00148C
S21419B6102D4C00102D48000C2D6EFF7800084CEEAE
S21419B6203CFCFF444E5E4EF90019C026264297C4CC
S21419B630B6FC00006F00FF727210B28B6C527A8CD7
S21419B640DA8E224A244B22062C0326442802242E5C
S21419B650FF78260122BC001A0496721023410004B2
S21419B66041E800102D48FF9452802D40FF90720734
S21419B670B2806D0006B0508945EAFFF07210B28AA2
S21419B6806DD2240422032606280B264A24492C01A7
S21419B69024BC001A0496254B0004D1CB2D48FF94E0
S21419B6A052802D40FF907207B2806D00088C508A28
S21419B6B09BC6BAFC00006F00FEFA7210B28D6C368B
S21419B6C02A2EFF78266EFF7024BC001A0496721074
S21419B6D02541000441E800102D48FF9452802D4062
S21419B6E0FF907207B2806D0005A6508A4BEDFFF0E9
S21419B6F07210B28D6DD224BC001A0496254D000422
S21419B700D1CD2D48FF9452802D40FF907207B280FC
S21419B7106D000744508A24AEFF6C25460004D1C636
S21419B7202D48FF9452802D40FF907207B2806C000E
S21419B730FE9E486EFF8C2F2EFF702F2EFF784EB967
S21419B7400019875C4FEF000C4A806600FDA8206E32
S21419B750FF9424476000FE7A486EFF8C2F2EFF70E8
S21419B7602F2EFF784EB90019875C4FEF000C4A80D0
S21419B7706600FD8242AEFF9024476000FB76721089
S21419B780B2896C522D44FF84280326022208204AC7
S21419B7902449242EFF78224120BC001A04A67210D0
S21419B7A02141000443E900102D49FF9452802D4091
S21419B7B0FF907207B2806D000508508845EAFFF0C1
S21419B7C07210B28A6DD224032604282EFF84220909
S21419B7D0224A2448204124BC001A04A625490004FC
S21419B7E0D1C92D48FF9452802D40FF907207B28020
S21419B7F06D0006EE508A6000FD56202EFF907210DE
S21419B800B2896C444BEEFF8C47F90019875C262EDB
S21419B810FF782A2EFF7024BC001A04A67210254140
S21419B820000441E800102D48FF9452802D40FF90E7
S21419B8307207B2806D0004BE508A72F0D3AEFF84D0
S21419B8407210B2AEFF846DCE24BC001A04A6256E03
S21419B850FF840004D1EEFF842D48FF9452802D40BA
S21419B860FF907207B2806C00FD7A486EFF8C2F2EFF
S21419B870FF702F2EFF784EB90019875C4FEF000C1A
S21419B8804A806600FC70206EFF946000FD56206E9C
S21419B890FF7C201808030004660007160803000634
S21419B8A0670005F448C028002D48FF7C4A806D00C3
S21419B8B002341A2EFF89BAFC00006D00024072800D
S21419B8C04601C6814A8066000234BAFC000066004A
S21419B8D0074078007C002D47FF6C4A0567025284A2
S21419B8E07002C0832640080300016700FC44548494
S21419B8F0367C00026000FC3A206EFF7C24186A0031
S21419B900019A44822D48FF7C72048681101C488057
S21419B91030406000FA40101C488030400C40002A25
S21419B9206700016843E8FFD09BCD7009B0896500B0
S21419B930FA24200DD08DD080D08DD0804BF1080000
S21419B940101C4880304043E8FFD07209B28964E27F
S21419B950BAFC00006C00F9FE3A7CFFFF6000F9F6AD
S21419B960206EFF7C224858881D690003FF98422ED6
S21419B970FF892D48FF7C78017C0141EEFF982D4800
S21419B980FF6C9BCD97CB6000FBA870108083206E50
S21419B990FF7C28182D48FF7C422EFF89BAFC000030
S21419B9A06D000208720176804603C6804A84665284
S21419B9B0BAFC0000660005544A81660004C47C017E
S21419B9C0CC8008000000670004C41D7C0030FFBF4F
S21419B9D0280641EEFFBF2D48FF6C6000FF0470106B
S21419B9E08083206EFF7C28182D48FF7C422EFF8905
S21419B9F0BAFC00006D7C720076804603C6804A84C5
S21419BA0067AE7001B0816700061855816700039606
S21419BA102D47FF6C222EFF6C10040200000706004B
S21419BA20003053AEFF6C206EFF6C1080E68C66E417
S21419BA3008030000660003FA2C079C88280DBC8DA5
S21419BA406F00FE9E28066000FE98206EFF7C281860
S21419BA5008030004660C0803000667060284000043
S21419BA60FFFF2D48FF7C2003422EFF89BAFC0000F9
S21419BA706C8426002D47FF6C609A1D7C002BFF896D
S21419BA80101C488030406000F8CC206EFF7C2A5885
S21419BA90BAFC00006C043A7CFFFF2D48FF7C101C92
S21419BAA0488030406000F8AE70018680101C4880CF
S21419BAB030406000F8A04A2EFF896600F8921D7C77
S21419BAC00020FF89101C488030406000F8887010EC
S21419BAD08680206EFF7C20182D48FF7C28004A801F
S21419BAE06C00FDD0280044841D7C002DFF89BAFC0B
S21419BAF000006D0672804601C6817A2D7009B084E1
S21419BB00650000B4060400301D44FFBF280D6F14ED
S21419BB107C0141EEFFBF2D48FF6C4A056600FDC04B
S21419BB206000FDBE78017C0141EEFFBF2D48FF6C19
S21419BB3060E8707F46008680101C488030406000A0
S21419BB40F814080300046618080300066712226E24
S21419BB50FF7C205130AEFF7658AEFF7C6000F7941C
S21419BB60226EFF7C205120AEFF7458AEFF7C600019
S21419BB70F78270408680101C488030406000F7D6E7
S21419BB80206EFF7C281808030004660C08030006BC
S21419BB90670602840000FFFF2D48FF7C2003422E13
S21419BBA0FF89BAFC00006C00FDFC260042057009EE
S21419BBB0B0846400FF502D47FF6C47F90019C18007
S21419BBC04878000A2F044EB90019C20C508F060087
S21419BBD0003053AEFF6C226EFF6C12802C0448782E
S21419BBE0000A2F044E93508F28007009B08665D02E
S21419BBF02C079CAEFF6C280DBC8D6F00FCDE28064A
S21419BC004A056600FCDA6000FCD8266EFF7C2D5BC0
S21419BC10FF6C422EFF894AAEFF6C67000350BAFCD0
S21419BC2000006D00029A2F0D42A72F2EFF6C4EB9F9
S21419BC30001954C24FEF000C4A80670003C82C0045
S21419BC409CAEFF6C28066B0002704A2EFF896700AF
S21419BC50033A2D4BFF7C9BCD52846000FC84226EE8
S21419BC60FF7C2819700286803D7C3078FF8A2D7CEF
S21419BC70001A02AFFF80422EFF892D49FF7CBAFCBD
S21419BC8000006D000120200372026000FD1A486E44
S21419BC90FF8C2F0B2F054EB90019875C4FEF000C40
S21419BCA04A806600F850206EFF94202EFF90244795
S21419BCB04BEDFFF07210B28D6D00FA0E6000FA3877
S21419BCC0486EFF8C2F2EFF702F024EB90019875C15
S21419BCD04FEF000C4A806600F81C226EFF94202E47
S21419BCE0FF90204745EAFFF07210B28A6D00FAAA53
S21419BCF06000FAD42F0D2F052F034E934FEF000C2B
S21419BD004A806600F7F0206EFF94202EFF90244795
S21419BD1072F0D3AEFF847210B2AEFF846D00FAF8DB
S21419BD206000FB262F052F2EFF702F024EB9001923
S21419BD30875C4FEF000C4A806600F7BA206EFF94B6
S21419BD40202EFF90224745EAFFF07210B28A6D0046
S21419BD50F9046000F92E2D7C001A029EFF80226ECF
S21419BD60FF7C281908030004660C080300066706FA
S21419BD7002840000FFFF080300006700FEFA4A84E9
S21419BD806700FEF41D7C0030FF8A30081D40FF8BCB
S21419BD90422EFF89BAFC00006C0001FC70028680F6
S21419BDA02D49FF7C2D47FF6C206EFF80700FC084D5
S21419BDB053AEFF6C226EFF6C12B00800E88C66EC6E
S21419BDC02C079C89280DBC8D6F00FB162806600071
S21419BDD0FB10486EFF8C2F2EFF702F2EFF784EB952
S21419BDE00019875C4FEF000C4A806600F708206E32
S21419BDF0FF94202EFF9024476000F77C486EFF8C36
S21419BE002F2EFF702F2EFF784EB90019875C4FEF33
S21419BE10000C4A806600F6DE206EFF94202EFF90F6
S21419BE2024470C85000000806600F77E6000F7FE48
S21419BE300C000030670000EE5581226EFF6C137CF3
S21419BE400030FFFF2C079C81280DBC8D6E522D41AA
S21419BE50FF6C6000FA8C486EFF8C2F2EFF702F2E09
S21419BE60FF784EB90019875C4FEF000C4A806600C0
S21419BE70F684206EFF94202EFF9024476000F73436
S21419BE8078007C002D47FF6C6000FA5678002D4725
S21419BE90FF6C6000FA4C28002D48FF7C6000FA0EF3
S21419BEA028062D41FF6C6000FA382F084EB9001984
S21419BEB04BCC588F6000F3D278006000FD8E2F2E81
S21419BEC0FF6C4EB900195D4E2C00588F28066A0073
S21419BED0FD7A60E42D7C001A02AFFF806000FE80B8
S21419BEE0486EFF8C2F2EFF702F2EFF784EB9001933
S21419BEF0875C4FEF000C4A806600F5FA206EFF94B7
S21419BF00202EFF9024476000F6467001B081660027
S21419BF10FAFA420578301D44FFBF280D6E00FBF271
S21419BF206000FC022C079CAEFF6C280DBC8D6F00C0
S21419BF30F9B028066000F9AA486EFF8C2F2EFF70FC
S21419BF402F2EFF784EB90019875C4FEF000C4A80E8
S21419BF506600F5A2206EFF94202EFF9024479BC6FC
S21419BF60BAFC00006F00F64C6000F7502C0D7206F4
S21419BF70B28D654628062D4BFF7C2D7C001A02C013
S21419BF80FF6C9BCD97CB6000F5A82D4BFF7C9BCD06
S21419BF9097CB6000F59C70804600C6807202868139
S21419BFA02D49FF7C2D47FF6C206EFF806000FDFE3B
S21419BFB02D48FF7C28006000FB267C0628062D4BA2
S21419BFC0FF7C2D7C001A02C0FF6C60B6486EFF8C91
S21419BFD02F2EFF702F2EFF784EB90019875C4FEF62
S21419BFE0000C206EFF7008280006000D6700F51477
S21419BFF072FF2D41FF74202EFF744CEE3CFCFF445B
S21419C0004E5E4E752C0D28066A00FC406000FEAA8E
S21419C01078301D44FFBF280D6E00FAF66000FB0647
S21419C02042056000FAD84FEFFB9848E73820262FCC
S21419C030047C246F0480302A000C0240FFFD3F4028
S21419C040001C2F6A006400743F6A000E001E2F6AD7
S21419C050001C002C2F6A002400347078D08F2F40D3
S21419C06000107078D08F2F4000202F7C000004001D
S21419C07000182F7C00000400002442AF00282F2F40
S21419C08004882F2F04887818D88F2F042F034EB9B9
S21419C0900019B25824004FEF00106A1A082F00062C
S21419C0A0001D6706006A0040000C20024CDF041CC5
S21419C0B04FEF04684E752F042F034EB90019492CFB
S21419C0C0508F4A8067D674FF60D2487800064EB9FA
S21419C0D00019C0DE487800014EB900192D142F0A30
S21419C0E02F02242F000C2479001A09EA701FB08237
S21419C0F0655E202A0112672E2202D282D281204042
S21419C100D1C12250B2FC0000671C7001B089670EBD
S21419C11070FFB089672E42902F024E91588F70008B
S21419C120241F245F4E752F0A4EB9001933402F026B
S21419C1302F002F0A4EB90019334A4FEF0010241F4B
S21419C140245F4E75701624807001241F245F4E7567
S21419C1507016248070FF241F245F4E75302F00043C
S21419C160C0EF000A322F0006C2EF0008D04148403F
S21419C1704240322F0006C2EF000AD0814E750000E9
S21419C1802F02222F000C202F00080C81000100001E
S21419C190641624004242484284C130024840342F73
S21419C1A0000A84C1300260302401E289E2880C81D9
S21419C1B00001000064F480C102800000FFFF220223
S21419C1C0C2C04842C4C048424A42660AD28265067C
S21419C1D0B2AF000863025380241F4E752F027401F4
S21419C1E0222F000C6A0444814402202F00086A0496
S21419C1F0448044022F012F004EB90019C180508F78
S21419C2004A026A024480241F4E750000222F000835
S21419C210202F00042F012F004EB90019C180508F0E
S21419C220222F00082F012F004EB90019C15C508F1C
S21419C230222F0004928020014E750000222F00083C
S21419C240202F00042F012F004EB90019C1DC508F82
S21419C250222F00082F012F004EB90019C15C508FEC
S21419C260222F0004928020014E75000080873E3CE4
S21419C27000037C024EF90019CC46203C7FF00000E2
S21419C280720080873E3C00057C024EF90019CC46A8
S21419C290700022003E3C00037C024EF90019CC4681
S21419C2A070FF22003E3C00117C024EF90019CC4664
S21419C2B0203C7FF00000720080873E3C00097C021B
S21419C2C04EF90019CC46086F001F000C4E56000098
S21419C2D048E73F00202E0008222E000C242E0010BE
S21419C2E0262E00142E00D281D180670002862C02D9
S21419C2F0D683D5826700029A0287800000004846D6
S21419C300024680008E4620472C3C001FFFFF2E3C1D
S21419C310002000002800C0864686C88667000246A8
S21419C320B886670002CA80874844EA4C2A02CA8639
S21419C33067000238BA86670002B64686C4868487BE
S21419C3404845EA4D48E70030244426457E002C0728
S21419C3502A03280226072407C98ACB8BBA44670002
S21419C36000CC6200006434049445C98ACB8B0C4215
S21419C37000376C0001D20C4200206C0000220C42DF
S21419C38000106C00002A6000000AE28CE295E29622
S21419C390E29751CAFFF674002602600000942E0632
S21419C3A02C052A047800044200206000FFD23E06BD
S21419C3B048473C0548463A044845383C0000484436
S21419C3C0044200106000FFCCC9453C049C45C98A4C
S21419C3D0CB8B0C4600376C0001500C4600206C00C5
S21419C3E000220C4600106C00002A6000000AE28841
S21419C3F0E291E292E29351CEFFF67E002C0760009E
S21419C4000030260224012200700004460020600035
S21419C410FFD2360248433401484232004841303C84
S21419C42000004840044600106000FFCCC98ACB8B38
S21419C430CF88CD8B2C073E3C000048463C3C00007C
S21419C440BF866B00006ECF88CD8BD687D586D385F1
S21419C450D184280A2E080287800000004CDF0C00C1
S21419C460080000366700000CE288E291E292E29337
S21419C470524441FA002043F9001A0C6C3C29000674
S21419C480670007500C460002620007AC6D0007A84B
S21419C490600007A40C4407FF6C00001208800034E3
S21419C4A0E94C484080444840600001287A01600001
S21419C4B0FDCACF88CD8B968795869385918467001C
S21419C4C0010E6A0000122E080847001F20474483F1
S21419C4D0408240814080280A2E080287800000008A
S21419C4E04CDF0C00080000366700000CE288E29169
S21419C4F0E292E293524441FA002043F9001A0C6C76
S21419C5003C290006670006CC0C4600026200072884
S21419C5106D0007246000072008800034E94C484065
S21419C52080444840600000AC4CDF0C00202E001000
S21419C530222E001441F9001A0C6C30BC00004CDF96
S21419C54000FC4E5E4E754CDF0C00202E0008222E85
S21419C550000C41F9001A0C6C30BC00004CDF00FCD2
S21419C5604E5E4E7528076000FDC02A074686600095
S21419C570FDD020022203660000200C8080000000F7
S21419C58066000016028780000000428060000044A2
S21419C590202E0008222E000C7A012E000287800019
S21419C5A000000880001F0C807FF000006C0000104F
S21419C5B020006600001E0887001F60000016028013
S21419C5C0000FFFFF80816600FCD86000FCAE4CDFD0
S21419C5D00C0041F9001A0C6C30BC000080874CDF47
S21419C5E000FC4E5E4E75E288E2916000FFE67A0125
S21419C5F0202E0008222E000C242E0010262E0014A1
S21419C600283C7FF000002E002C020880001F0882AC
S21419C610001FB0846200FC8A660000084A81660022
S21419C620FC80B4846200FC7A660000084A836600BF
S21419C630FC70BF866B00000C02878000000060004B
S21419C640FC3AB08266000008B2836700FC54028781
S21419C65080000000B0846700FC220847001F6000B5
S21419C660FC1A4E56000048E73F00202E0008222EDE
S21419C670000C242E0010262E00142E00B5870287D3
S21419C6808000000020472E3C7FF000002C074686CD
S21419C6900880001F2800888167000120280008826A
S21419C6A0001F2A028A83670001062A02B0876200E1
S21419C6B000DC670000ECB487620000D2670000D483
S21419C6C0C88767000120C086008000100000484413
S21419C6D0E84CCA8767000124C4860082001000004F
S21419C6E04845E84DD845044403FF48E70030247C04
S21419C6F0000000002644EA9A4842EA9B48433C0355
S21419C700024607FF84460243F8002C022E0328002F
S21419C7102A017600240322032003227C0000003419
S21419C720CF89CF89D683D582D381D180DE87DD861E
S21419C7306400000ECF8AD685D584D387D187CF8A51
S21419C740CF8951CFFFDE280B4CDF0C0048404841FB
S21419C75030014842320248433403363C0000E2882E
S21419C760E291E292E293E288E291E292E293E2881F
S21419C770E291E292E2932E087A0208000016670008
S21419C780027AE288E2915244600002707A026000EE
S21419C790FB107A022E084A836600FB066000FADC54
S21419C7A07A022E084A816600FAF86000FACE7A02F2
S21419C7B0C540C7412008600000102008242E00102C
S21419C7C0262E00140882001F0C827FF000006C00D1
S21419C7D0FAD041F9001A0C6C30BC00004CDF00FC92
S21419C7E04E5E4E757801C086D281D18053440800BA
S21419C7F000146600FEDE6000FFF07A01C486D68358
S21419C800D5825345080200146600FEDA6000FFF070
S21419C8104E56000048E73F00202E0008222E000C36
S21419C820242E0010262E00142E00B58702878000AD
S21419C830000020472E3C7FF000002C074686088013
S21419C840001F280088816700011228000882001F2F
S21419C8502A028A836700013C2A02B087620000F622
S21419C86067000154B487620000EC6700013EC88770
S21419C8706700015CC0860080001000004844E84C40
S21419C880CA8767000160C486008200100000484508
S21419C890E84D9845064403FE7C002E06227C0000CF
S21419C8A000007A16B4806200000C670000149283A8
S21419C8B091820BC6D281D18051CDFFEA6000000C5F
S21419C8C0B6816200FFF06000FFE67A1FB48062004E
S21419C8D0000C67000014928391820BC7D281D18015
S21419C8E051CDFFEA6000000CB6816200FFF06000CF
S21419C8F0FFE67A35B0826200001C67000012D2810A
S21419C900D18051CDFFF07400260260000028B68150
S21419C9106200FFEC74002602044500350645003F08
S21419C9200C45001F6200000C0BC36000000804458C
S21419C93000200BC2200622077600080000166700A2
S21419C940000CE288E291E292E29352442E087A03AE
S21419C950600000A87A036000F9487A030882001F6D
S21419C960280288836700F93A0C827FF0000062007B
S21419C970F9306D0000084A836600F926200872000F
S21419C98041F9001A0C6C30BC00004CDF00FC4E5EFE
S21419C9904E757A032E080C807FF000006200F902AB
S21419C9A04A816600F8FC6000F9087A034A83660033
S21419C9B0F8F06000F8DC7A034A816600F8E4B48778
S21419C9C06C00F8DE4A836600F8D86000F8AE780185
S21419C9D0C086D281D1805344080000146600FEA296
S21419C9E06000FFF07A01C486D683D58253450802C3
S21419C9F000146600FE9E6000FFF00C44FFCA6D002E
S21419CA00F89020477C002E060C4400016C0000208C
S21419CA105244E288E291E292E293E296E2970C445B
S21419CA2000016700000A6000FFE86000F864848669
S21419CA3086872E0841FA002043F9001A0C6C3C2907
S21419CA4000066700018E0C460002620001EA6D00BE
S21419CA5001E6600001E20C4407FF6C00F81E38047A
S21419CA606700F80AE94C088000144840804448409A
S21419CA70808741F9001A0C6C30BC00004CDF00FCB2
S21419CA804E5E4E754E56000048E73F007A04202E3B
S21419CA900008222E000C0840001F24000882001FE0
S21419CAA028028881670000340C827FF000006D0030
S21419CAB000186200F7EC4A816600F7E62E00028736
S21419CAC0800000006000F7B441F9001A0C6C30BC05
S21419CAD000004CDF00FC4E5E4E750880001F60009B
S21419CAE0FFE84E56000048E73F007A05202E00085A
S21419CAF0222E000C242E0010262E00142C0008803E
S21419CB00001F2E020882001F0C807FF000006200B2
S21419CB1000946700007C28008881670000640C82F6
S21419CB207FF000006200007E67000070280288838C
S21419CB3067000056BD876A00000C4A866A00002EF8
S21419CB406B0000344A866A000006C142C343B480AB
S21419CB506200002466000016B6816200001A66009C
S21419CB60000C70004CDF00FC4E5E4E7570014CDFF9
S21419CB7000FC4E5E4E7570FF4CDF00FC4E5E4E7527
S21419CB800886001F6000FF980887001F6000FFA630
S21419CB904A816600F70C6000FF864A836600F70232
S21419CBA06000FF92202E00187E117C024EF90019A3
S21419CBB0CC464E560000487800012F2E00142F2E12
S21419CBC000102F2E000C2F2E00086100FF164E5E47
S21419CBD04E7508000015660000160C440001670023
S21419CBE0000ED683D582D381D18051CCFFE60801B9
S21419CBF00000670000228682660000142601028360
S21419CC00000000027400D283D1826000000A760107
S21419CC107400D283D182E288E29108000015670079
S21419CC200008E288E29152440800001467000004E4
S21419CC304ED078004ED04ED041F9001A0C6C317C8B
S21419CC40000000044E7541F9001A0C6C30878F6885
S21419CC500004314600083145000A0C4600016700F9
S21419CC60001E216E0008000C216E000C0010216EAB
S21419CC7000100014216E001400186000000E216EBA
S21419CC800008000C216E000C0014CE680002670024
S21419CC90000A4879001A0C6C4E4F4CDF00FC4E5EA9
S21419CCA04E7500004E560000487800012F2E0014CD
S21419CCB02F2E00102F2E000C2F2E00084EB90019FB
S21419CCC0CAE24E5E4E7500004E56000048780001C6
S21419CCD02F2E00142F2E00102F2E000C2F2E00088A
S21419CCE04EB90019CAE24E5E4E7500004E56000047
S21419CCF04878FFFF2F2E00142F2E00102F2E000C11
S21419CD002F2E00084EB90019CAE24E5E4E75000065
S21419CD104E560000487800012F2E00142F2E0010B2
S21419CD202F2E000C2F2E00084EB90019CAE24E5E9F
S21419CD304E7500004E560000487800012F2E00143C
S21419CD402F2E00102F2E000C2F2E00084EB900196A
S21419CD50CAE24E5E4E7500004E56000048E73F3058
S21419CD60266E0008206E000C2A2E001420082205B4
S21419CD7024004840260148413802C8C3C4C1C6C069
S21419CD80C2C02004B1404840D480D48364060681CA
S21419CD900001000048427000300234042C02D08191
S21419CDA02E0045F90019C15C2F2E00102F084E923F
S21419CDB0508F24002F052F0B4E92508FD082D0877C
S21419CDC022064CEE0CFCFFE04E5E4E754E560000E9
S21419CDD048E73800202E0008222E000C242E0010BA
S21419CDE06714782098824A846F142600E4ABE4A965
S21419CDF0E9A8828020034CDF001C4E5E4E75760033
S21419CE0044842200E8A9200360EC00004E56000076
S21419CE1048E73800202E0008222E000C242E001079
S21419CE206714782098824A846F142601E5ABE5A822
S21419CE30E8A9808122034CDF001C4E5E4E757600F1
S21419CE4044842001E9A8220360EC00004E56FFF442
S21419CE5048E73F3C282E00082C2E000C222E0010E6
S21419CE60206E0014260824012A0626444A816600E4
S21419CE700100B8886400014EB1FC0000FFFF620093
S21419CE80049EB0FC00FF630274082008E4A843F966
S21419CE90001A04B6103108000280000000FFD48082
S21419CEA07020908267122608E1ABE1AC2206E4A94D
S21419CEB0828426412A06E1AD2803424448442C03BD
S21419CEC002860000FFFF4BF90019C20C2F042F0B26
S21419CED04E95508F2E0045F90019C1802F042F0B3F
S21419CEE04E92508F240047F90019C15C2F002F0667
S21419CEF04E93508F2207484142412E0542474847D4
S21419CF008E81BE80641622425389DE83BE836500F5
S21419CF100422BE806400041C5582DE839E802F0482
S21419CF202F074E95508F28402F042F074E92508F5B
S21419CF302E002F002F064E93508F280C484442443B
S21419CF408845B880641422075381D883B88365004E
S21419CF500402B880640003FC558722024841424106
S21419CF60828799CC200C4CEE3CFCFFCC4E5E4E755D
S21419CF70B881650001500C810000FFFF6200015660
S21419CF800C81000000FF620003F470002E01E0AF70
S21419CF9043F9001A04B61E3178000287000000FF14
S21419CFA0D0877E209E8066000156B7C26206BA8375
S21419CFB065000112720199CC200C4CEE3CFCFFCC9A
S21419CFC04E5E4E7545F90019C1804A83660C42A714
S21419CFD0487800014E92508F26000C830000FFFF00
S21419CFE0620002440C83000000FF630274082003E9
S21419CFF0E4A841F9001A04B61030080002800000AF
S21419D00000FFD48070209082660002462404948320
S21419D0102C03424648462E0302870000FFFF387C41
S21419D02000014BF90019C20C47F90019C15C2F060B
S21419D0302F024E95508F28002F062F024E92508F92
S21419D04024002F072F004E93508F22044841424147
S21419D0502805424448448881B88064162242538978
S21419D060D883B883650002C6B880640002C05582AA
S21419D070D88398802F062F044E95508F2A402F0656
S21419D0802F044E92508F2C002F072F004E93508F3F
S21419D090280D484442448845B880641422065381B2
S21419D0A0D883B8836500029EB880640002985586B6
S21419D0B02202484142418286200C4CEE3CFCFFCCB1
S21419D0C04E5E4E75720099CC200C4CEE3CFCFFCC93
S21419D0D04E5E4E750C8100FFFFFF620002A67010AF
S21419D0E02E01E0AF43F9001A04B61E317800028704
S21419D0F0000000FFD0877E209E806700FEAEEFA955
S21419D1002A08E0AD8A812208EFA92D41FFFC2404E4
S21419D110E0AAEFAC2206E0A98881200542404840E3
S21419D1202840220502810000FFFF2D41FFF84BF928
S21419D1300019C20C2F002F024E95508F260045F964
S21419D1400019C1802F0C2F024E92508F240047F9D8
S21419D1500019C15C2F002F2EFFF84E93508F4843AD
S21419D16042432204424148418681B68064162242CF
S21419D1705389D685B685650001C0B680640001BAA4
S21419D1805582D68596802F0C2F034E95508F2A40A0
S21419D1902F0C2F034E92508F24402F002F2EFFF85E
S21419D1A04E93508F260D484342438644B6806416E4
S21419D1B041EAFFFFD685B68565000184B68064000E
S21419D1C0017E558AD685224393C048424242200A98
S21419D1D0808220402008222EFFFC24004840260189
S21419D1E048413802C8C3C4C1C6C0C2C02004B14031
S21419D1F04840D480D4836406068100010000484262
S21419D2007000300234042442D0812A00BA896200A0
S21419D210015A6700014E220899CC200C4CEE3CFCB2
S21419D220FFCC4E5E4E750C8300FFFFFF6200015A5D
S21419D23074102003E4A841F9001A04B61030080047
S21419D2400280000000FFD480702090826700FDBE27
S21419D250E1AB2204E4A92641E1AC2206E4A98881BF
S21419D2602A06E1AD2C03424648462E0302870000E3
S21419D270FFFF4BF90019C20C2F062F0B4E95508F36
S21419D28024002F062F0B4E92508F284047F900196D
S21419D290C15C2F002F074E93508F220248414241FE
S21419D2A02404424248428282B280641643ECFFFF4D
S21419D2B0D283B283650000F0B280640000EA558C10
S21419D2C0D28392802F062F012D41FFF44E95508F51
S21419D2D024002F06222EFFF42F014E92508F2F0076
S21419D2E02F072D40FFF44E93508F484242428444F4
S21419D2F0222EFFF4B480641620415388D483B48355
S21419D30065000092B4806400008C5581D4839480A3
S21419D310200C48404240808128406000FD12B1FC34
S21419D32000FFFFFF626874106000FB60240960004C
S21419D330FD4224096000FBE624096000FE482448E3
S21419D3406000FE842C012202484142418286600018
S21419D350FD682E01220248414241828799CC60001D
S21419D360FC04EFAEB5C66300FEAE2208538199CC15
S21419D370200C4CEE3CFCFFCC4E5E4E7570086000DF
S21419D380FC0C70186000FC0674186000FC627418B7
S21419D3906000FAF822089480200C484042408081A8
S21419D3A028406000FC8A28496000FF184E56FFF492
S21419D3B048E73F3C282E0008242E000C202E00108B
S21419D3C0222E00142A0126002D42FFF826444A80F0
S21419D3D0660000EAB8816400014E0C810000FFFF68
S21419D3E0620003940C81000000FF63027608200196
S21419D3F0E6A841F9001A04B67C001C300800DC8344
S21419D4007620968667142A01E7ADE7AC2002ECA8C9
S21419D41080842640E7AA2D42FFF82805424448444E
S21419D4202C0502860000FFFF4BF90019C20C2F04C9
S21419D4302F0B4E95508F240045F90019C1802F04E3
S21419D4402F0B4E92508F47F90019C15C2F002F06EB
S21419D4504E93508F220248414241242EFFF84242F1
S21419D46048428282B280640CD285B2856506B28043
S21419D4706402D285284199C02F042F0C4E95508FDF
S21419D48024002F042F0C4E92588F2E802F064E9361
S21419D490508F220248414241826EFFFAB280640CD4
S21419D4A0D285B2856506B2806402D28592807000F4
S21419D4B0E6A94CEE3CFCFFCC4E5E4E75B880650076
S21419D4C001220C800000FFFF620001260C8000007C
S21419D4D000FF620003B695CA2C002E0AEEAE20464F
S21419D4E043F9001A04B67C001C31880020462C0A21
S21419D4F0DC88307C002091C6B0FC0000660001284C
S21419D500B7C36206BAAEFFF8620C2E029E819980E6
S21419D51026442D47FFF8200B222EFFF84CEE3CFC34
S21419D520FFCC4E5E4E7545F90019C1804A81660CCE
S21419D53042A7487800014E92508F2A000C850000A9
S21419D540FFFF620002420C85000000FF63027608A6
S21419D5502005E6A841F9001A04B672001230080030
S21419D560D283762096816600024498852C05424619
S21419D5704846200502800000FFFF28404BF9001995
S21419D580C20C47F90019C15C2F062F044E95508F0F
S21419D59024002F062F044E92588F2E8C2F004E9350
S21419D5A0508F220248414241242EFFF842424842F7
S21419D5B08282B280640CD285B2856506B280640216
S21419D5C0D285280198802F062F044E95508F240057
S21419D5D02F062F044E92588F2E8C2F004E936000D4
S21419D5E0FEB0200422024CEE3CFCFFCC4E5E4E757B
S21419D5F00C8000FFFFFF6200029A347C00102C009A
S21419D6002E0AEEAE204643F9001A04B67C001C31E9
S21419D610880020462C0ADC88307C002091C6B0FC95
S21419D62000006700FEDC2E08EFA82E01ECAF8E80F6
S21419D6302008E1A92D41FFFC2604ECABE1AC200241
S21419D640ECA888802008E1AA2D42FFF8200742405E
S21419D650484028402A0702850000FFFF4BF90019A9
S21419D660C20C2F002F032D48FFF44E95508F24001F
S21419D67045F90019C1802F0C2F034E92508F2600A2
S21419D68047F90019C15C2F002F054E93508F484259
S21419D69042422204424148418481206EFFF4B480FC
S21419D6A0641622035381D487B487650001A4B48015
S21419D6B06400019E5583D48794802F0C2F022D4821
S21419D6C0FFF44E95508F2A402F0C2F024E92508FF2
S21419D6D024402F002F054E93508F240D4842424266
S21419D6E08444206EFFF4B4806416220A5381D487CA
S21419D6F0B48765000162B4806400015C558AD487DA
S21419D700224293C048434243200A80832440200A79
S21419D710222EFFFC24004840260148413802C8C37F
S21419D720C4C1C6C0C2C02004B1404840D480D48306
S21419D7306406068100010000484270003002340475
S21419D7402642D0812440260A220BB5C9620001164A
S21419D7506700010A2809242EFFF894819983220468
S21419D760EDA92608E6AA2004E6A882824CEE3CFC1F
S21419D770FFCC4E5E4E750C8100FFFFFF6200011C48
S21419D78076106000FC6A0C8500FFFFFF620001122C
S21419D79076102005E6A841F9001A04B67200123070
S21419D7A00800D283762096816700FDC0E7AD2C0469
S21419D7B0E2AE2646E7AC2002E2A82E008E84E7AA3F
S21419D7C02D42FFF82C0542464846200502800000E7
S21419D7D0FFFF28404BF90019C20C2F062F0B4E9548
S21419D7E0508F24002F062F0B4E92508F47F9001991
S21419D7F0C15C2F002F0C4E93508F22024841424194
S21419D8002407424248428481B480640CD485B48586
S21419D8106506B4806402D48594802F062F024E952F
S21419D820508F28002F062F024E92588F2E802F0CBD
S21419D8304E93508F484442448847B880640CD88524
S21419D840B8856506B8806402D88598806000FD3A68
S21419D85026016000FE6424416000FEA6B7EEFFF8BC
S21419D8606300FEF2260A220B92AEFFFC9787280960
S21419D870242EFFF8948199832204EDA92608E6AA96
S21419D8802004E6A882826000FEE4347C000860006A
S21419D890FC48347C00186000FC4076186000FB5089
S21419D8A076186000FCAC00004E5600002F02222E9F
S21419D8B0000820014840EE4048C074004602C08265
S21419D8C0B480671C202E000C4840EE4048C07200F9
S21419D8D04601C081B28067187000241F4E5E4E75CF
S21419D8E00281007FFFFF67DC7001241F4E5E4E75B4
S21419D8F0202E000C0280007FFFFF56C0488048C0CB
S21419D9004480241F4E5E4E754E5600002F02222E5E
S21419D9100008242E0010226E0014206E000C200120
S21419D9204840E84048C00280000007FF0C8000000D
S21419D93007FF671E20024840E84048C002800000E2
S21419D94007FF0C80000007FF671E7000241F4E5E3D
S21419D9504E750281000FFFFF6606B0FC000067D403
S21419D9607001241F4E5E4E750282000FFFFF66F08F
S21419D970B2FC000066EA700060D24E56000048E716
S21419D9803800202E0008674E223C0000041E0C802A
S21419D99001FFFFFF620CE98859810C8001FFFFFF28
S21419D9A063F44A806D08D08053814A806CF824004D
S21419D9B0760BE6AA08820014E94948414241280232
S21419D9C088812600EB4B48434243200422034CDF50
S21419D9D0001C4E5E4E7593C991C8200922084CDF6B
S21419D9E0001C4E5E4E754E56000048E73800202E35
S21419D9F0000867546D627400223C0000041D0C80F8
S21419DA0000FFFFFF6E6AE98859810C8000FFFFFF4F
S21419DA106FF4D08053810C803FFFFFFF6FF4E94904
S21419DA204841424182822400760AE6A208820014FE
S21419DA30280188822600ED4B4843424320042203DE
S21419DA404CDF001C4E5E4E7593C991C820092208FA
S21419DA504CDF001C4E5E4E7544806B40243C8000A3
S21419DA600000223C0000041D0C8000FFFFFF6F968B
S21419DA700C803FFFFFFF6F9AE94948414241828275
S21419DA802400760AE6A20882001428018882260055
S21419DA90ED4B484342432004220360A4227CC1E094
S21419DAA0000091C8200922084CDF001C4E5E4E75F6
S21419DAB04E5600002F2E00084EBAFEC02E812F009B
S21419DAC04EBA009E508F4E5E4E754E5600002F2E43
S21419DAD000084EBAFF122E812F004EBA0084508FBE
S21419DAE04E5E4E754E56000048E73800202E000848
S21419DAF0260002838000000022000881001F4A8148
S21419DB00675022004841EE4148C174004602C2825D
S21419DB100280007FFFFF4A8166107201D080538110
S21419DB200800001767F608800017068100000380B2
S21419DB30E949484142412400E682848328018882C3
S21419DB402600721DE3AB200422034CDF001C4E5E38
S21419DB504E7591C8200322084CDF001C4E5E4E7588
S21419DB604E56000048E73C00202E0008222E000CD6
S21419DB7024000882001F4A82660000A62401670056
S21419DB8000FA26004843E84348C30283000007FF0B
S21419DB900683FFFFFC8028020284003FFFFF220055
S21419DBA07A0AEBA902813FFFFC0008C1001E424217
S21419DBB04842EC4A8282743FC4818484EC814A8349
S21419DBC06F0000A208010000673E4A826606080137
S21419DBD0000167344A83670000B0207C0200000009
S21419DBE078025281B1C16E205283EF4B48434243AB
S21419DBF0E8A10881001702808000000082838081D6
S21419DC004CDF003C4E5E4E75EF4B48434243E28173
S21419DC10088100170280800000008283808160E0FE
S21419DC20240126004843E84348C30283000007FF3F
S21419DC300683FFFFFC8028020284003FFFFF2200B4
S21419DC407A0AEBA902813FFFFC0008C1001E424276
S21419DC504842EC4A8282743FC4818484EC814A83A8
S21419DC606E00FF6278E8B8836F2A72007600028029
S21419DC708000000082838081608602808000000018
S21419DC804CDF003C4E5E4E75207C0100000078018A
S21419DC906000FF507A019A837801EBAC5384C881EF
S21419DCA08484EAA17600080100006600FF1E600061
S21419DCB0FF584E56000048E73800222E0008262E38
S21419DCC0000C2001672824014842E84248C2028213
S21419DCD0000007FF204241E8FBE3B0FC00006F1686
S21419DCE04A815CC0488048C00680800000004CDF2E
S21419DCF0001C4E5E4E7578E1B8886E42780AE9A91E
S21419DD0002813FFFFC0042434843EC4B08C3001E08
S21419DD108283B0FC0000660E4A806D1620014CDF27
S21419DD20001C4E5E4E75263C0000041D9682E6A128
S21419DD3060E6200144804CDF001C4E5E4E75700074
S21419DD404CDF001C4E5E4E754E5600002F2E0008F6
S21419DD504EBAFD922E812F004EBAFF58508F4E5E46
S21419DD604E7500004E56FFF42D6E0008FFF42D6E0A
S21419DD70000CFFF82D6E0010FFFC302EFFF448C083
S21419DD80028000007FFF0C8000007FFF672C2D6E3D
S21419DD900014FFF42D6E0018FFF82D6E001CFFFC02
S21419DDA0302EFFF448C0028000007FFF0C80000070
S21419DDB07FFF671E70004E5E4E75202EFFF8088096
S21419DDC0001F4A8066064AAEFFFC67C270014E5EA7
S21419DDD04E75202EFFF80880001F4A8066EE4AAE60
S21419DDE0FFFC66E84E5E4E754E56FFF42F032F0263
S21419DDF0222E0008226E000C2609200102808000BF
S21419DE0000002D40FFF424010882001F4A82666A2A
S21419DE1024094A83670000C026014843E84348C3DB
S21419DE200283000007FF068300003C004843424374
S21419DE3086802D43FFF4700BE1A902817FFFF8005D
S21419DE4008C1001F200242404840EA4882802D41FE
S21419DE50FFF8720BE3AA2D42FFFC202EFFF4222EA8
S21419DE60FFF8242EFFFC20802141000421420008DF
S21419DE702008241F261F4E5E4E7524092601484386
S21419DE80E84348C30283000007FF068300003C00EE
S21419DE904843424386802D43FFF4700BE1A9028163
S21419DEA07FFFF80008C1001F200242404840EA4898
S21419DEB082802D41FFF8720BE3AA2D42FFFC202E1B
S21419DEC0FFF4222EFFF8242EFFFC208021410004A7
S21419DED021420008609A42AEFFF842AEFFFC202E9F
S21419DEE0FFF4222EFFF8242EFFFC20802141000487
S21419DEF0214200082008241F261F4E5E4E754E56D6
S21419DF00FFF448E73C002D6E0008FFF42D6E000C58
S21419DF10FFF82D6E0010FFFC202EFFF4260002835A
S21419DF208000000022000881001F4A81665A222EAE
S21419DF30FFF8242EFFFC4A8166064A826700009A7B
S21419DF40484048C0028000007FFF0680FFFFC400DB
S21419DF500C80000007FE6E50E94848404240808316
S21419DF602601780BE8AB0283000FFFFFEB49484107
S21419DF704241E8AA2A008A832801888220052204B9
S21419DF804CDF003C4E5E4E75222EFFF8242EFFFC09
S21419DF90484048C0028000007FFF0680FFFFC4008B
S21419DFA00C80000007FE6FB0203C000007FEE94811
S21419DFB04840424080832601780BE8AB0283000F65
S21419DFC0FFFFEB4948414241E8AA2A008A83280103
S21419DFD088822005220460A891C8200322084CDFF5
S21419DFE0003C4E5E4E754E56FFF42F0A2F022448FB
S21419DFF02F2E00084EB90019DAE42F012F0041EE32
S21419E000FFF44EBAFDE4202EFFF4222EFFF8242E3C
S21419E010FFFC24802541000425420008200A242EEE
S21419E020FFEC246EFFF04E5E4E754E5600002F2EF6
S21419E03000102F2E000C2F2E00084EBAFEC24FEFDE
S21419E040000C2D4000082D41000C4E5E4EF90019AB
S21419E050DB604E56FFF42F0A2F0224482F2E000895
S21419E0604EB90019D9E62F012F0041EEFFF44EBA2A
S21419E070FD78508F202EFFF4222EFFF8242EFFFC59
S21419E08024802541000425420008200A242EFFEC8E
S21419E090246EFFF04E5E4E754E56FFF42F0A2F0271
S21419E0A024482F2E00084EB90019D97A2F012F00AF
S21419E0B041EEFFF44EBAFD32508F202EFFF4222E79
S21419E0C0FFF8242EFFFC2480254100042542000871
S21419E0D0200A242EFFEC246EFFF04E5E4E754E5627
S21419E0E000002F2E00102F2E000C2F2E00084EBACF
S21419E0F0FE0E4FEF000C2D4000082D41000C4E5E11
S21419E1004EF90019DCB24E56FFF448E73030244871
S21419E11047FAFDEC2F2E00102F2E000C2F2E00087C
S21419E1204E93240026012EAE00142F6E00180004FC
S21419E1302F6E001C00084E93508F2E812F002F0330
S21419E1402F024EB90019C2CC4FEF000C2E812F00AA
S21419E15041EEFFF44EBAFC92508F202EFFF4222E79
S21419E160FFF8242EFFFC24802541000425420008D0
S21419E170200A4CEE0C0CFFE44E5E4E754E56FFF41C
S21419E18048E73030244847FAFD762F2E00102F2EF8
S21419E190000C2F2E00084E93240026012EAE0014D4
S21419E1A02F6E001800042F6E001C00084E93508F17
S21419E1B02E812F002F032F024EB90019C2C64FEF1A
S21419E1C0000C2E812F0041EEFFF44EBAFC1C508F26
S21419E1D0202EFFF4222EFFF8242EFFFC2480254142
S21419E1E0000425420008200A4CEE0C0CFFE44E5E93
S21419E1F04E754E56FFF448E73030244847FAFD006E
S21419E2002F2E00102F2E000C2F2E00084E932400B0
S21419E21026012EAE00142F6E001800042F6E001C57
S21419E22000084E93508F2E812F002F032F024EB9C0
S21419E2300019C6624FEF000C2E812F0041EEFFF435
S21419E2404EBAFBA6508F202EFFF4222EFFF8242E4E
S21419E250FFFC24802541000425420008200A4CEEC4
S21419E2600C0CFFE44E5E4E754E56FFF448E7303000
S21419E270244847FAFC8A2F2E00102F2E000C2F2E1A
S21419E28000084E93240026012EAE00142F6E001897
S21419E29000042F6E001C00084E93508F2E812F00FD
S21419E2A02F032F024EB90019C8104FEF000C2E81FC
S21419E2B02F0041EEFFF44EBAFB30508F202EFFF49C
S21419E2C0222EFFF8242EFFFC248025410004254227
S21419E2D00008200A4CEE0C0CFFE44E5E4E754E56A6
S21419E2E0FFF42F0A2F0224482F2E00102F2E000C71
S21419E2F02F2E00084EBAFC084FEF000C2040D1FC18
S21419E300800000002F012F0841EEFFF44EBAFADA0A
S21419E310508F202EFFF4222EFFF8242EFFFC248087
S21419E3202541000425420008200A242EFFEC246EFD
S21419E330FFF04E5E4E754E56000048E71C20262EFE
S21419E3400008282E000C2A2E001045FAFBB22F2E94
S21419E350001C2F2E00182F2E00144E922D40001040
S21419E3602D4100142E832F4400042F4500084E9289
S21419E3704FEF000C2D4000082D41000C4CEE0438D0
S21419E380FFF04E5E4EF90019CBB24E56000048E724
S21419E3901C20262E0008282E000C2A2E001045FABE
S21419E3A0FB5E2F2E001C2F2E00182F2E00144E92B7
S21419E3B02D4000102D4100142E832F4400042F45A4
S21419E3C000084E924FEF000C2D4000082D41000C0E
S21419E3D04CEE0438FFF04E5E4EF90019CBB24E568D
S21419E3E0000048E71C20262E0008282E000C2A2E8E
S21419E3F0001045FAFB0A2F2E001C2F2E00182F2E60
S21419E40000144E922D4000102D4100142E832F44D7
S21419E41000042F4500084E924FEF000C2D400008BF
S21419E4202D41000C4CEE0438FFF04E5E4EF90019E3
S21419E430CBB24E56000048E71C20262E0008282E80
S21419E440000C2A2E001045FAFAB62F2E001C2F2E75
S21419E45000182F2E00144E922D4000102D41001436
S21419E4602E832F4400042F4500084E924FEF000CC0
S21419E4702D4000082D41000C4CEE0438FFF04E5E7E
S21419E4804EF90019CBB24E56000048E71C20262E2E
S21419E4900008282E000C2A2E001045FAFA622F2E94
S21419E4A0001C2F2E00182F2E00144E922D400010EF
S21419E4B02D4100142E832F4400042F4500084E9238
S21419E4C04FEF000C2D4000082D41000C4CEE04387F
S21419E4D0FFF04E5E4EF90019CBB24E56000048E7D3
S21419E4E01C20262E0008282E000C2A2E001045FA6D
S21419E4F0FA0E2F2E001C2F2E00182F2E00144E92B7
S21419E5002D4000102D4100142E832F4400042F4552
S21419E51000084E924FEF000C2D4000082D41000CBC
S21419E5204CEE0438FFF04E5E4EF90019CBB24E563B
S21419E530000048E71C20262E0008282E000C2A2E3C
S21419E540001045FAF9BA2F2E001C2F2E00182F2E60
S21419E55000144E922D4000102D4100142E832F4486
S21419E56000042F4500084E924FEF000C2D4000086E
S21419E5702D41000C4CEE0438FFF04E5E4EF9001992
S20819E580CBB20000FC
S21419E5845B3F3F3F5D006C732025730A00202025EE
S21419E5947325730A004361746368657220696E692A
S21419E5A4742E2E2E0053595363616C6C20696E6950
S21419E5B4742E2E2E00446F6E6520696E69742E2E85
S21419E5C42E00434620696E69742E2E2E00696E69D4
S21419E5D474002F6465762F6366610064657620720D
S21419E5E46567004D6F756E74002F006D6F756E74C8
S21419E5F40050726573732027782720746F2072650C
S21419E60463657665206E6577202F7379732F6B652E
S21419E614726E656C2E7379730A5072657373206102
S21419E6246E79206F74686572206B657920746F2013
S21419E634636F6E74696E7565005265636576696E87
S21419E64467202F7379732F6B65726E656C2E7379C9
S21419E65473206F76657220786D6F64656D002F73FD
S21419E66479732F6B65726E656C2E737973002F73BD
S21419E674797300466F70656E004B65726E656C2013
S21419E68473697A6520256C750A004C61756E636822
S21419E694696E67206B65726E656C2061732062699A
S21419E6A46E2E2E2E00544D503A2025702C206F664F
S21419E6B4663A20257020776F726B3A2025700A0007
S21419E6C45265616420256C75206F6620256C750A61
S21419E6D4004672656164004C6F6164656420256C3C
S21419E6E4752062797465730A004572726F72206CAC
S21419E6F46F6164696E67206B65726E656C3A202566
S21419E7046C780A004C61756E6368696E67206B6570
S21419E714726E656C20617320656C662E2E2E006DE4
S21419E724616473612025700A005B756E6B5D200049
S21419E7345B66696C5D20005B6469725D20005B63CF
S21419E74468615D20005B626C6B5D20005B666966C0
S21419E7545D20005B736F635D20005B73796D5D20CC
S21419E76400504154483D2F62696E004D5956415226
S21419E7743D6D7976616C756500000019E72D0019F1
S21419E784E7340019E73B0019E7420019E74900196D
S21419E794E7500019E7570019E75E7700507265735A
S21419E7A47320616E79206B6579202E2E2E004572A2
S21419E7B4726F72206E6F20726573706F6E73650058
S21419E7C44572726F7220626C6F636B2023004572F8
S21419E7D4726F7220626C6F636B206E756D20636F37
S21419E7E46D706C656D656E74004572726F72206912
S21419E7F46E636F72656374206368656B73756D00F9
S21419E80454696D656F757400536176696E67207403
S21419E8146F2066696C65005472616E736665722042
S21419E824636F6D706C6574650A2564206279746506
S21419E834730A0050726F746F636F6C206572726F0F
S21419E84472002E2E2F7372632F66732F65787434A5
S21419E8545F6469722E6300617373657274696F6E8F
S21419E864206661696C65643A0A66696C653A20259E
S21419E874730A6C696E653A2025640A0065787434DF
S21419E8845F6469723A20002573006C3A2025642067
S21419E8942020005B7761726E5D20204C65616620CE
S21419E8A4626C6F636B20636865636B73756D206642
S21419E8B461696C65642E496E6F64653A20256C75BA
S21419E8C42C20426C6F636B3A20256C750A004845F8
S21419E8D452453F203400496E76616C69642064722F
S21419E8E4697665207265616400496E76616C69643F
S21419E8F42064726976652077726974650065787420
S21419E904345F6469725F6964783A20005B77617270
S21419E9146E5D2020485472656520636865636B7361
S21419E924756D206661696C65642E496E6F64653A07
S21419E93420256C752C20426C6F636B3A20256C75F8
S21419E9440A005B7761726E5D2020485472656520F3
S21419E954726F6F7420636865636B73756D20666177
S21419E964696C65642E496E6F64653A20256C752C3E
S21419E97420426C6F636B3A20256C750A005B7761CD
S21419E984726E5D20204854726565206C6561662038
S21419E994626C6F636B20636865636B73756D206651
S21419E9A461696C65642E496E6F64653A20256C75C9
S21419E9B42C20426C6F636B3A20256C750A00494407
S21419E9C445206572726F7220737461742025640A07
S21419E9D40049444520726561642074696D656F75D4
S21419E9E474206F72206572726F72004944452077DD
S21419E9F4726974652074696D656F7574206F7220F9
S21419EA046572726F722025640A00486572653F2024
S21419EA14313400484552453F203130007262007740
S21419EA246200616200722B0072622B00722B620004
S21419EA34772B0077622B00772B6200612B006162BB
S21419EA442B00612B6200486572653F203133002E16
S21419EA542E2F7372632F66732F657874342E6300A2
S21419EA64484552453F203900484552453F203131E3
S21419EA7400486572653F20313700486572653F2046
S21419EA84313800486572653F20313900486572652A
S21419EA943F20323000437261736821204B696C6CD5
S21419EAA46564207069643A20256C640A005768798D
S21419EAB420776F6E742075206469653F3F000000E7
S21419EAC40000F26B8303E13B70F71350F3F4C79A13
S21419EAD4971F35F1141C26A1E7E8D4CA64EB8AD922
S21419EAE458CF78B2DBCC6BE228389989AB3B4D43C7
S21419EAF4CFD0BF284CD3AC78BF275E133C24105E06
S21419EB04C76FE235446CF165B798030E349BD7C4C6
S21419EB14507025AFD37336FF2087C494A3849A877D
S21419EB249FA068EC1CA37BBCEF5789D76C545D1D5A
S21419EB3408BFAF768BBCBC2678484E4DFB4B20BD20
S21419EB448EDED2D60DDDC186FE2933ED7D2AE72762
S21419EB5419C1154C9AC2061C6936F477EA35AA64A3
S21419EB64D611580F55124B5FA6E6B93425E56DFE36
S21419EB74410E9F95C20D8CC531F97EAEB2FA30E3BB
S21419EB8449B1C288CAB2D1D8394623B3BA45F77936
S21419EB94DEAE05125DAD1642AE59E4292D5ABA3ABF
S21419EBA4117E4851927D5B016189A96AE28A7DA02A
S21419EBB486618FCB05629C9BF6966EF07595417BA4
S21419EBC41DBCB3109EBFA0406D4B522BEE4886E178
S21419EBD48AA3748A09A067DAFA5495B17957CBA22D
S21419EBE4457339C9C6702A993584D8F2B6870C384C
S21419EBF4D26CFE53516FED03A29B1F6821985125C1
S21419EC04DAD3A34E59D0B01EAA244275292796BF23
S21419EC144DCC64D4CECF77843D3B85EFBE38DBFC30
S21419EC24821C2997011F3AC7F2EBC8AC71E81C6617
S21419EC341503EE0D9600FD5D65F40F36E6F761C60D
S21419EC44936293AD106180FDE39572966096A65C07
S21419EC54047D5437877E4767748AB50CF789EB1F8A
S21419EC64CBAD197448AE0A24BB5AF84F38592C85BB
S21419EC745CB2DEEEDFB1CDBE2C453FD5AF467198FA
S21419EC84540D83F3D70E90A324FA62C8A7F9B602D3
S21419EC94C312446940115739B3E5A55230E6FB410E
S21419ECA40CC2092A8FC11A7A7C35E811FF363CDB67
S21419ECB49BDDCEB018DEDDE0EB2A2F8B682982F6B1
S21419ECC43B78709DB87B63CD4B8F91A6C88C456CE9
S21419ECD4AC67B7072F64A457DC90563C5F93082F8C
S21419ECE463B7FA44E0B4E91413401B7F9043CFB5D5
S21419ECF4F4A83DDE77AB2E8E845FDCE5075C92A81C
S21419ED04FC1760C37F1473938CE081F80FE35532B4
S21419ED146B08A759E80BB4091BFF466298FC1871CF
S21419ED24A4D8EA1A27DBF94AD42F0B21572CDFEB80
S21419ED3433C72D80B0C43ED04330CCBBC033A24BAE
S21419ED44B5A6502036A54370C551B11B465265D198
S21419ED5422B997BAA1BA84EA524E7681D14D28922D
S21419ED64ED69DAF96E6AC9A99D9E3BC21E9DEF0824
S21419ED747A761D63F9750E330A81FC588982B215A1
S21419ED8472C9407EF1CA532E023EA145813D758F44
S21419ED94E5D687E466D594B4952166DF162238CC71
S21419EDA42A06CAA7A905D9F75AF12B9CD9F2FF56F0
S21419EDB4BD190D3D3E1A1E6DCDEEEC064EEDC38DF6
S21419EDC426C431E6A5C722B65633D0DDD530041786
S21419EDD4B1DBF67C32D8E52CC12C1747422F49549F
S21419EDE47E0BBB3FFD08A86F0EFC5A048DFF8ECE12
S21419EDF4E9147CA56A176FF599E39D9E1AE0D3D397
S21419EE04E1AB21B862A832E8915CC083125F144959
S21419EE1476B4E622F5B7F572064307198540590AFA
S21419EE24B964AB613A67B831C9934A5A4A909E9005
S21419EE342E7B6CFBAD787FAB5E8C8DC0DD8FE3309B
S21419EE44A81A115B2B19020BD8EDF0605BEE24AAF5
S21419EE543F05D6C1BC06C5914FF237FACCF169E91C
S21419EE64F0D59B8273D688D280227AB90321AE73E1
S21419EE7467CA5C18E4C94F48173DBD23943EF36E20
S21419EE846F750105EC7612551F82E03E9C8134F4A9
S21419EE94F86AC69F7B69D5CF889D27A40B9E79B738
S21419EEA437BA8BDCB4B9988C474D6AE7C44EBE2D75
S21419EEB4A0A54C4623A65F16D052AD7D535100002B
S21419EEC4000077073096EE0E612C990951BA076D32
S21419EED4C419706AF48FE963A5359E6495A30EDB8D
S21419EEE4883279DCB8A4E0D5E91E97D2D98809B650
S21419EEF44C2B7EB17CBDE7B82D0790BF1D911DB76D
S21419EF0410646AB020F2F3B9714884BE41DE1ADA85
S21419EF14D47D6DDDE4EBF4D4B55183D385C7136C76
S21419EF249856646BA8C0FD62F97A8A65C9EC14010F
S21419EF345C4F63066CD9FA0F3D638D080DF53B6E6D
S21419EF4420C84C69105ED56041E4A26771723C030F
S21419EF54E4D14B04D447D20D85FDA50AB56B35B556
S21419EF64A8FA42B2986CDBBBC9D6ACBCF94032D805
S21419EF746CE345DF5C75DCD60DCFABD13D5926D98C
S21419EF8430AC51DE003AC8D75180BFD0611621B4CF
S21419EF94F4B556B3C423CFBA9599B8BDA50F2802AC
S21419EFA4B89E5F058808C60CD9B2B10BE9242F6F31
S21419EFB47C8758684C11C1611DABB6662D3D76DC4D
S21419EFC4419001DB710698D220BCEFD5102A71B195
S21419EFD4858906B6B51F9FBFE4A5E8B8D433780764
S21419EFE4C9A20F00F9349609A88EE10E98187F6AFB
S21419EFF40DBB086D3D2D91646C97E6635C016B6BD4
S21419F00451F41C6C6162856530D8F262004E6C0648
S21419F01495ED1B01A57B8208F4C1F50FC45765B09D
S21419F024D9C612B7E9508BBEB8EAFCB9887C62DD3A
S21419F0341DDF15DA2D498CD37CF3FBD44C654DB200
S21419F04461583AB551CEA3BC0074D4BB30E24ADF3A
S21419F054A5413DD895D7A4D1C46DD3D6F4FB43693D
S21419F064E96A346ED9FCAD678846DA60B8D04404C8
S21419F0742D7333031DE5AA0A4C5FDD0D7CC95005B3
S21419F084713C270241AABE0B1010C90C208657687A
S21419F094B525206F85B3B966D409CE61E49F5EDEC3
S21419F0A4F90E29D9C998B0D09822C7D7A8B459B394
S21419F0B43D172EB40D81B7BD5C3BC0BA6CADEDB827
S21419F0C483209ABFB3B603B6E20C74B1D29AEAD5C2
S21419F0D447399DD277AF04DB261573DC1683E363B1
S21419F0E40B1294643B840D6D6A3E7A6A5AA8E40E30
S21419F0F4CF0B9309FF9D0A00AE277D079EB1F00F2B
S21419F10493448708A3D21E01F2686906C2FEF76201
S21419F114575D806567CB196C36716E6B06E7FED43E
S21419F1241B7689D32BE010DA7A5A67DD4ACCF9B9FB
S21419F134DF6F8EBEEFF917B7BE4360B08ED5D6D63D
S21419F144A3E8A1D1937E38D8C2C44FDFF252D1BBFB
S21419F15467F1A6BC57673FB506DD48B2364BD80DDE
S21419F1642BDAAF0A1B4C36034AF641047A60DF6081
S21419F174EFC3A867DF55316E8EEF4669BE79CB614A
S21419F184B38CBC66831A256FD2A05268E236CC0CAF
S21419F1947795BB0B4703220216B95505262FC5BA10
S21419F1A43BBEB2BD0B282BB45A925CB36A04C2D7C1
S21419F1B4FFA7B5D0CF312CD99E8B5BDEAE1D9B64D1
S21419F1C4C2B0EC63F226756AA39C026D930A9C0975
S21419F1D406A9EB0E363F720767850500571395BFC8
S21419F1E44A82E2B87A147BB12BAE0CB61B3892D28B
S21419F1F48E9BE5D5BE0D7CDCEFB70BDBDF2186D302
S21419F204D2D4F1D4E24268DDB3F81FDA836E81BE34
S21419F21416CDF6B9265B6FB077E118B74777880825
S21419F2245AE6FF0F6A7066063BCA11010B5C8F65B6
S21419F2349EFFF862AE69616BFFD3166CCF45A00AC0
S21419F244E278D70DD2EE4E0483543903B3C2A767B6
S21419F2542661D06016F74969474D3E6E77DBAED105
S21419F2646A4AD9D65ADC40DF0B6637D83BF0A9BCB4
S21419F274AE53DEBB9EC547B2CF7F30B5FFE9BDBDE1
S21419F284F21CCABAC28A53B3933024B4A3A6BAD00A
S21419F2943605CDD7069354DE572923D967BFB366E7
S21419F2A47A2EC4614AB85D681B022A6F2B94B40B74
S21419F2B4BE37C30C8EA15A05DF1B2D02EF8D4845A8
S21419F2C452453F203700657874345F69616C6C6FFA
S21419F2D4633A20005B7761726E5D20204269746D13
S21419F2E4617020636865636B73756D206661696CFC
S21419F2F465642E47726F75703A20256C750A006519
S21419F3047874345F62616C6C6F633A20005B776162
S21419F314726E5D2020464C45585F42473A20646910
S21419F3247361626C656420262062675F6C6173740E
S21419F3343A20256C752062675F66697273743A2081
S21419F344256C750A002E2E2F7372632F66732F651C
S21419F3547874345F62616C6C6F632E63002E2E2F83
S21419F3647372632F66732F657874345F626C6F6378
S21419F3746B6465762E6300484552453F2033004832
S21419F3844552453F203200000000C0C1C1810140EA
S21419F394C30103C00280C241C60106C00780C74123
S21419F3A40500C5C1C4810440CC010CC00D80CD41F3
S21419F3B40F00CFC1CE810E400A00CAC1CB810B40C3
S21419F3C4C90109C00880C841D80118C01980D94193
S21419F3D41B00DBC1DA811A401E00DEC1DF811F4023
S21419F3E4DD011DC01C80DC411400D4C1D581154033
S21419F3F4D70117C01680D641D20112C01380D34143
S21419F4041100D1C1D0811040F00130C03180F141D2
S21419F4143300F3C1F28132403600F6C1F781374022
S21419F424F50135C03480F4413C00FCC1FD813D40F2
S21419F434FF013FC03E80FE41FA013AC03B80FB41C2
S21419F4443900F9C1F88138402800E8C1E981294012
S21419F454EB012BC02A80EA41EE012EC02F80EF4122
S21419F4642D00EDC1EC812C40E40124C02580E54132
S21419F4742700E7C1E68126402200E2C1E381234042
S21419F484E10121C02080E041A00160C06180A14152
S21419F4946300A3C1A28162406600A6C1A781674022
S21419F4A4A50165C06480A4416C00ACC1AD816D40F2
S21419F4B4AF016FC06E80AE41AA016AC06B80AB41C2
S21419F4C46900A9C1A88168407800B8C1B981794092
S21419F4D4BB017BC07A80BA41BE017EC07F80BF4122
S21419F4E47D00BDC1BC817C40B40174C07580B54132
S21419F4F47700B7C1B68176407200B2C1B381734042
S21419F504B10171C07080B041500090C191815140D1
S21419F514930153C052809241960156C05780974121
S21419F524550095C1948154409C015CC05D809D41F1
S21419F5345F009FC19E815E405A009AC19B815B40C1
S21419F544990159C058809841880148C04980894111
S21419F5544B008BC18A814A404E008EC18F814F4021
S21419F5648D014DC04C808C41440084C18581454031
S21419F574870147C046808641820142C04380834141
S21419F584410081C18081404041646420626C6F638C
S21419F5946B20256C6C7520746F207265766F6B659D
S21419F5A420747265650A002E2E2F7372632F667384
S21419F5B42F657874345F6A6F75726E616C2E63008A
S21419F5C4486572653F20333100486572653F2033BC
S21419F5D43200486572653F20333300657874345FAA
S21419F5E466733A2000636F6D7072657373696F6E14
S21419F5F40066696C6574797065007265636F766503
S21419F60472006A6F75726E616C5F646576006D65FB
S21419F61474615F626700657874656E747300363456
S21419F624626974006D6E7000666C65785F62670057
S21419F63465615F696E6F646500646972646174619B
S21419F644006D6574615F6373756D006C61726765CF
S21419F65464697200696E6C696E655F6461746100D1
S21419F6647370617273655F7375706572006C61721D
S21419F67467655F66696C650062747265655F64695F
S21419F6847200687567655F66696C65006774645FA0
S21419F6946373756D006469725F6E6C696E6B006571
S21419F6A4787472615F6973697A650071756F7461CC
S21419F6B400626967616C6C6F63006D65746164617F
S21419F6C474615F6373756D002E2E2F7372632F66C4
S21419F6D4732F657874345F66732E63005B696E6680
S21419F6E46F5D202073626C6F636B20666561747539
S21419F6F47265735F696E636F6D70617469626C6548
S21419F7043A005B696E666F5D202073626C6F636B7B
S21419F7142066656174757265735F636F6D70617465
S21419F72469626C653A006469725F707265616C6CC3
S21419F7346F6300696D616769635F696E6F6465738A
S21419F744006861735F6A6F75726E616C00657874B0
S21419F7545F6174747200726573697A655F696E6F36
S21419F7646465006469725F696E646578005B696EC6
S21419F774666F5D202073626C6F636B2066656174B7
S21419F784757265735F726561645F6F6E6C793A0042
S21419F7945B6572726F725D2073626C6F636B20683F
S21419F7A4617320756E737570706F727465642066F4
S21419F7B46561747572657320696E636F6D706174B3
S21419F7C469626C653A005B7761726E5D20207362BC
S21419F7D46C6F636B2068617320756E737570706FC8
S21419F7E472746564206665617475726573207265D2
S21419F7F46164206F6E6C793A005B7761726E5D2076
S21419F804206C61737420756D6F756E7420657272D1
S21419F8146F723A207375706572626C6F636B2066CB
S21419F824735F6572726F7220666C6167005B7761CD
S21419F834726E5D2020426C6F636B2067726F7570F1
S21419F8442064657363726970746F72206368656384
S21419F8546B73756D206661696C65642E426C6F6393
S21419F8646B2067726F757020696E6465783A202507
S21419F8746C750A005B7761726E5D2020496E6F6441
S21419F8846520636865636B73756D206661696C655D
S21419F894642E496E6F64653A20256C750A004845CE
S21419F8A452453F203500484552453F2036008000D2
S21419F8B44000200060001000C000A0007F454C46A0
S21419F8C4002E2E2F7372632F66732F657874345F28
S21419F8D46263616368652E6300657874345F626376
S21419F8E4616368653A20005B7761726E5D20204219
S21419F8F47566666572206973207374696C6C2072F8
S21419F90465666572656E6365642E206C62613A205D
S21419F914256C6C752C207265666374723A20256C96
S21419F924750A00657874345F657874656E743A2060
S21419F934004944583A2046726565696E6720256CF5
S21419F9447520617420256C6C752C2025640A006951
S21419F9546E76616C6964206D6167696300756E659E
S21419F964787065637465642065685F646570746827
S21419F97400696E76616C69642065685F6D617800EC
S21419F984696E76616C69642065685F656E74726900
S21419F9946573005B7761726E5D2020457874656EB9
S21419F9A47420626C6F636B20636865636B73756D23
S21419F9B4206661696C65642E426C6F636B6E723A6D
S21419F9C420256C6C750A0042616420657874656E2E
S21419F9D4747320422B207472656520626C6F636B96
S21419F9E43A2025732E20426C6F636B6E723A20256B
S21419F9F46C6C640A002E2E2F7372632F66732F6530
S21419FA047874345F657874656E742E63004672650F
S21419FA1465696E6720256C7520617420256C6C7574
S21419FA242C20256C750A000A50726F6772616D2056
S21419FA34657869746564207769746820636F64658A
S21419FA443A20003B00546F6F206D616E79206F70F9
S21419FA54656E2066696C657321004E6F20464420D6
S21419FA64696E207461626C65005769657264205307
S21419FA7454442073747265616D3F000402060105CF
S21419FA84030700000000000000000000000000004A
S21419FA940000000000000000000000000000000044
S21419FAA40000000000000000000000000000000034
S21419FAB4000000000000080C0A0E090D0B0F0004C4
S21419FAC402060105030707070707070707070707B6
S21419FAD40707070707070707070707070707070794
S21419FAE40707070707070707070707070707070784
S21419FAF407070707070707070707080C0A0E090D5C
S21419FB040B0F0020202020202020202028282828F9
S21419FB1428202020202020202020202020202020BB
S21419FB24202020881010101010101010101010100B
S21419FB34101010040404040404040404041010101B
S21419FB4410101010414141414141010101010101C7
S21419FB540101010101010101010101010101101055
S21419FB64101010104242424242420202020202029B
S21419FB740202020202020202020202020202101027
S21419FB841010200000000000000000000000000013
S21419FB940000000000000000000000000000000043
S21419FBA40000000000000000000000000000000033
S21419FBB40000000000000000000000000000000023
S21419FBC40000000000000000000000000000000013
S21419FBD40000000000000000000000000000000003
S21419FBE400000000000000000000000000000000F3
S21419FBF400000000000000000000000000000000E3
S21419FC0400000053756363657373004E6F74206F39
S21419FC14776E6572004E6F20737563682066696C1B
S21419FC2465206F72206469726563746F7279004E09
S21419FC346F20737563682070726F636573730049F8
S21419FC446E746572727570746564207379737465ED
S21419FC546D2063616C6C00492F4F206572726F7248
S21419FC64004E6F2073756368206465766963652032
S21419FC746F72206164647265737300417267206CD5
S21419FC8469737420746F6F206C6F6E67004578659E
S21419FC946320666F726D6174206572726F72005399
S21419FCA46F636B657420616C726561647920636F28
S21419FCB46E6E6563746564004261642066696C657A
S21419FCC4206E756D626572004E6F206368696C6488
S21419FCD472656E0044657374696E6174696F6E201B
S21419FCE4616464726573732072657175697265648B
S21419FCF4004E6F206D6F72652070726F6365737333
S21419FD046573004E6F7420656E6F7567682073701F
S21419FD14616365005065726D697373696F6E2064EB
S21419FD24656E696564004261642061646472657312
S21419FD347300446576696365206F72207265736F04
S21419FD447572636520627573790046696C652065FA
S21419FD5478697374730043726F73732D6465766967
S21419FD646365206C696E6B004E6F2073756368202B
S21419FD74646576696365004E6F74206120646972E0
S21419FD846563746F727900486F737420697320649D
S21419FD946F776E00436F6E6E656374696F6E20615C
S21419FDA46C726561647920696E2070726F6772650A
S21419FDB473730049732061206469726563746F7282
S21419FDC47900496E76616C696420617267756D6530
S21419FDD46E74004E6574776F726B20696E746572F3
S21419FDE466616365206973206E6F7420636F6E662F
S21419FDF469677572656400436F6E6E656374696FBF
S21419FE046E2061626F72746564206279206E6574FF
S21419FE14776F726B00546F6F206D616E79206F70F7
S21419FE24656E2066696C657320696E2073797374C0
S21419FE34656D0046696C65206465736372697074D0
S21419FE446F722076616C756520746F6F206C6172A1
S21419FE546765004E6F74206120636861726163740C
S21419FE6465722064657669636500546578742066DE
S21419FE74696C6520627573790046696C6520746FC0
S21419FE846F206C6172676500486F737420697320FC
S21419FE94756E726561636861626C65004E6F207376
S21419FEA470616365206C656674206F6E2064657670
S21419FEB4696365004E6F7420737570706F7274651C
S21419FEC46400496C6C6567616C207365656B0052D8
S21419FED46561642D6F6E6C792066696C652073791B
S21419FEE47374656D00546F6F206D616E79206C693B
S21419FEF46E6B730042726F6B656E20706970650065
S21419FF044D617468656D6174696373206172677590
S21419FF146D656E74206F7574206F6620646F6D61DD
S21419FF24696E206F662066756E6374696F6E00520B
S21419FF346573756C7420746F6F206C6172676500D5
S21419FF444E6F206D657373616765206F66206465EF
S21419FF5473697265642074797065004964656E7492
S21419FF6469666965722072656D6F76656400496C99
S21419FF746C6567616C206279746520736571756543
S21419FF846E636500446561646C6F636B004E6574DB
S21419FF94776F726B20697320756E72656163686119
S21419FFA4626C65004E6F206C6F636B004E6F742025
S21419FFB4612073747265616D0053747265616D2086
S21419FFC4696F63746C2074696D656F7574004E6F10
S21419FFD42073747265616D207265736F75726365CB
S21419FFE473005669727475616C20636972637569F6
S21419FFF47420697320676F6E6500556E6B6E6F7724
S2141A00046E2070726F746F636F6C004D756C7469C2
S2141A0014686F7020617474656D70746564004261EB
S2141A002464206D6573736167650046756E637469DB
S2141A00346F6E206E6F7420696D706C656D656E7464
S2141A00446564004469726563746F7279206E6F749E
S2141A005420656D7074790046696C65206F7220701D
S2141A0064617468206E616D6520746F6F206C6F6E94
S2141A00746700546F6F206D616E792073796D626FA5
S2141A00846C6963206C696E6B73004E6F20627566BA
S2141A009466657220737061636520617661696C6146
S2141A00A4626C65004E6F2064617461004164647208
S2141A00B46573732066616D696C79206E6F7420732C
S2141A00C47570706F727465642062792070726F74BA
S2141A00D46F636F6C2066616D696C790050726F7409
S2141A00E46F636F6C2077726F6E67207479706520F1
S2141A00F4666F7220736F636B657400536F636B65F8
S2141A010474206F7065726174696F6E206F6E206EDC
S2141A01146F6E2D736F636B65740050726F746F63B2
S2141A01246F6C206E6F7420617661696C61626C659F
S2141A013400436F6E6E656374696F6E2072656675BA
S2141A014473656400436F6E6E656374696F6E2072AE
S2141A015465736574206279207065657200416464FB
S2141A01647265737320616C726561647920696E2096
S2141A01747573650041646472657373206E6F7420B8
S2141A0184617661696C61626C6500536F6674776137
S2141A019472652063617573656420636F6E6E65633A
S2141A01A474696F6E2061626F727400536F636B6545
S2141A01B474206973206E6F7420636F6E6E65637431
S2141A01C4656400536F636B657420697320616C727F
S2141A01D46561647920636F6E6E6563746564004F37
S2141A01E47065726174696F6E2063616E63656C659F
S2141A01F464005374617465206E6F74207265636F3D
S2141A020476657261626C650050726576696F75738D
S2141A0214206F776E65722064696564004F70657224
S2141A02246174696F6E206E6F7420737570706F7256
S2141A0234746564206F6E20736F636B657400566101
S2141A02446C756520746F6F206C6172676520666FB3
S2141A02547220646566696E656420646174612074CC
S2141A0264797065004D65737361676520746F6F20C6
S2141A02746C6F6E6700436F6E6E656374696F6E207B
S2141A028474696D6564206F757400494E4600696E0C
S2141A029466004E414E006E616E003031323334358C
S2141A02A436373839414243444546003031323334BE
S2141A02B4353637383961626364656600286E756C3C
S2141A02C46C29003030303030303030303030303006
S2141A02D430303020202020202020202020202020CB
S2141A02E4202020496E66696E697479004E614E0044
S2141A02F442616C6C6F6320737563636565646564C9
S2141A0304002E2E2F2E2E2F2E2E2F737263772F6ECD
S2141A031465776C69622F6C6962632F7374646C698F
S2141A0324622F64746F612E63002E2E2F2E2E2F2E9C
S2141A03342E2F737263772F6E65776C69622F6C69CA
S2141A034462632F7374646C69622F6D707265632EA0
S2141A0354630000000005000000190000007D4341F8
S2141A0364C37937E080004693B8B5B5056E174D388D
S2141A03744F03E93FF9F55A827748F9301D32751555
S2141A03844FDD7F73BF3C3FF000000000000040249E
S2141A03940000000000004059000000000000408FD2
S2141A03A440000000000040C388000000000040F827
S2141A03B46A0000000000412E848000000000416399
S2141A03C412D0000000004197D7840000000041CDE7
S2141A03D4CD65000000004202A05F200000004237EC
S2141A03E44876E8000000426D1A94A200000042A261
S2141A03F4309CE540000042D6BCC41E900000430C54
S2141A04046BF5263400004341C37937E080004376FF
S2141A0414345785D8A00043ABC16D674EC80043E174
S2141A042458E460913D004415AF1D78B58C40444B92
S2141A04341AE4D6E2EF504480F0CF064DD59244B56E
S2141A04442D02C7E14AF644EA784379D99DB44300A3
S2141A0454504F534958002C2066756E6374696F6E34
S2141A04643A2000617373657274696F6E202225735D
S2141A047422206661696C65643A2066696C65202276
S2141A04842573222C206C696E6520256425732573C2
S2141A04940A0030303030303030303030303030308F
S2141A04A43030202020202020202020202020202009
S2141A04B420200001020203030303040404040404B0
S2141A04C404040505050505050505050505050505BB
S2141A04D4050506060606060606060606060606069B
S2141A04E40606060606060606060606060606060689
S2141A04F4060607070707070707070707070707076B
S2141A05040707070707070707070707070707070758
S2141A05140707070707070707070707070707070748
S2141A05240707070707070707070707070707070738
S2141A0534070708080808080808080808080808081A
S2141A05440808080808080808080808080808080808
S2141A055408080808080808080808080808080808F8
S2141A056408080808080808080808080808080808E8
S2141A057408080808080808080808080808080808D8
S2141A058408080808080808080808080808080808C8
S2141A059408080808080808080808080808080808B8
S2141A05A408080808080808080808080808080808A8
S2061A05B4080816
S2141A05B8000000000000000001000019E765001995
S2141A05C8E76F00000000FFFFFFFF000200000000B0
S2141A05D8000000000000001A05D6001A05D6001AF0
S2141A05E805DE001A05DE001A05E6001A05E6001AE0
S2141A05F805EE001A05EE001A05F6001A05F6001A90
S2141A060805FE001A05FE001A0606001A0606001A3D
S2141A0618060E001A060E001A0616001A0616001AEB
S2141A0628061E001A061E001A0626001A0626001A9B
S2141A0638062E001A062E001A0636001A0636001A4B
S2141A0648063E001A063E001A0646001A0646001AFB
S2141A0658064E001A064E001A0656001A0656001AAB
S2141A0668065E001A065E001A0666001A0666001A5B
S2141A0678066E001A066E001A0676001A0676001A0B
S2141A0688067E001A067E001A0686001A0686001ABB
S2141A0698068E001A068E001A0696001A0696001A6B
S2141A06A8069E001A069E001A06A6001A06A6001A1B
S2141A06B806AE001A06AE001A06B6001A06B6001ACB
S2141A06C806BE001A06BE001A06C6001A06C6001A7B
S2141A06D806CE001A06CE001A06D6001A06D6001A2B
S2141A06E806DE001A06DE001A06E6001A06E6001ADB
S2141A06F806EE001A06EE001A06F6001A06F6001A8B
S2141A070806FE001A06FE001A0706001A0706001A38
S2141A0718070E001A070E001A0716001A0716001AE6
S2141A0728071E001A071E001A0726001A0726001A96
S2141A0738072E001A072E001A0736001A0736001A46
S2141A0748073E001A073E001A0746001A0746001AF6
S2141A0758074E001A074E001A0756001A0756001AA6
S2141A0768075E001A075E001A0766001A0766001A56
S2141A0778076E001A076E001A0776001A0776001A06
S2141A0788077E001A077E001A0786001A0786001AB6
S2141A0798078E001A078E001A0796001A0796001A66
S2141A07A8079E001A079E001A07A6001A07A6001A16
S2141A07B807AE001A07AE001A07B6001A07B6001AC6
S2141A07C807BE001A07BE001A07C6001A07C6001A76
S2141A07D807CE001A07CE001A07D6001A07D6001A26
S2141A07E807DE001A07DE001A07E6001A07E6001AD6
S2141A07F807EE001A07EE001A07F6001A07F6001A86
S2141A080807FE001A07FE001A0806001A0806001A33
S2141A0818080E001A080E001A0816001A0816001AE1
S2141A0828081E001A081E001A0826001A0826001A91
S2141A0838082E001A082E001A0836001A0836001A41
S2141A0848083E001A083E001A0846001A0846001AF1
S2141A0858084E001A084E001A0856001A0856001AA1
S2141A0868085E001A085E001A0866001A0866001A51
S2141A0878086E001A086E001A0876001A0876001A01
S2141A0888087E001A087E001A0886001A0886001AB1
S2141A0898088E001A088E001A0896001A0896001A61
S2141A08A8089E001A089E001A08A6001A08A6001A11
S2141A08B808AE001A08AE001A08B6001A08B6001AC1
S2141A08C808BE001A08BE001A08C6001A08C6001A71
S2141A08D808CE001A08CE001A08D6001A08D6001A21
S2141A08E808DE001A08DE001A08E6001A08E6001AD1
S2141A08F808EE001A08EE001A08F6001A08F6001A81
S2141A090808FE001A08FE001A0906001A0906001A2E
S2141A0918090E001A090E001A0916001A0916001ADC
S2141A0928091E001A091E001A0926001A0926001A8C
S2141A0938092E001A092E001A0936001A0936001A3C
S2141A0948093E001A093E001A0946001A0946001AEC
S2141A0958094E001A094E001A0956001A0956001A9C
S2141A0968095E001A095E001A0966001A0966001A4C
S2141A0978096E001A096E001A0976001A0976001AFC
S2141A0988097E001A097E001A0986001A0986001AAC
S2141A0998098E001A098E001A0996001A0996001A5C
S2141A09A8099E001A099E001A09A6001A09A6001A0C
S2141A09B809AE001A09AE001A09B6001A09B6001ABC
S2141A09C809BE001A09BE001A09C6001A09C6001A6C
S2141A09D809CE001A09CE0000000000000003001A0B
S2141A09E82714001A09EE00000000001A2714001A25
S2141A09F8277C001A27E40000000000000000000008
S2141A0A0800000000000000000000000000000000BF
S2141A0A1800000000000000000000000000000000AF
S2141A0A28000000000000000000000000000000009F
S2141A0A38000000000000000000000000000000008F
S2141A0A48000000000000000000000000000000007F
S2141A0A58000000000000000000000000000000006F
S2141A0A68000000000000000000000000000000005F
S2141A0A78000000000000000000000000000000004F
S2141A0A880001330EABCD1234E66DDEEC0005000B12
S2141A0A98000000000000000000000000000000002F
S2141A0AA8000000000000000000000000000000001F
S2141A0AB8000000000000000000000000000000000F
S2141A0AC800000000000000000000000000000000FF
S2141A0AD800000000000000000000000000000000EF
S2141A0AE800000000000000000000000000000000DF
S2141A0AF8000000000000000000000000430000008C
S2141A0B0800000000000000000000000000000000BE
S2141A0B18000000000000000000000000430000006B
S2141A0B28000000000000000000000000000000009E
S2141A0B38000000000000000000000000430000004B
S2141A0B48000000000000000000000000000000007E
S2141A0B58000000000000000000000000430000002B
S2141A0B68000000000000000000000000000000005E
S2141A0B78000000000000000000000000430000000B
S2141A0B88000000000000000000000000000000003E
S2141A0B9800000000000000000000000043000000EB
S2141A0BA8000000000000000000000000000000001E
S2141A0BB800000000000000000000000043000000CB
S2141A0BC800000000000000000000000000000000FE
S2141A0BD80000000000000000000000000019B2061D
S2141A0BE80019B1C2000000000019FB060019E7B088
S2141A0BF80019F9520019F9520019F9520019F9523E
S2141A0C080019F9520019F9520019F9520019F9522D
S2141A0C180019F9527F7F7F7F7F7F7F7F7F7F7F7F55
S2141A0C287F7F010041534349490000000000000035
S2141A0C38000000000000000000000000000000008D
S2141A0C480000000041534349490000000000000014
S2141A0C58000000000000000000000000000000006D
S2141A0C68000000000000000000000000000000005D
S2141A0C78000000000000000000000000000000004D
S804180000E3
