S01600002E2E2F62696E2F70726F6772616D2E7372656323
S21418000046FC27004FF9001E4FA04E56FFF8223C1C
S214180010001A0CEC203C001E2FA0B280670C204162
S21418002090815380421851C8FFFC2EBC0000000077
S2141800304EB9001933D64EB90000000048780000B3
S214180040486F000446FC22004EB9001801542F00D1
S2141800504EB9001935564E56FDD448E73C3C242E6A
S21418006000082F0248790019E60245F9001951FED2
S2141800704E922F02240E0682FFFFFED42F024EB990
S21418008000184E0C4FEF00104A8066382F0247F9BA
S21418009000184E8E4E932840588F260E0683FFFF64
S2141800A0FDD52A3C00195DDC283C0019E5FC4BF907
S2141800B00019E7F6B8FC000066142F024EB90018AF
S2141800C04E82588F4CEE3C3CFDB44E5E4E7570001A
S2141800D0102C00062F00486C00082F0320454E9061
S2141800E07000102C000643F608004229FDD5102C87
S2141800F000074FEF000C0C00000762260280000075
S21418010000FFD080D080203508002F032F004879B4
S2141801100019E6094E922F024E9328404FEF001012
S2141801206092200460E44E5600002F0A48790019A1
S214180130E61145F9001952F04E9248790019E62151
S2141801404E9248790019E6314E927000246EFFFCE4
S2141801504E5E4E754E56FFD848E7383C487900191B
S214180160E63E47F9001952F04E934EB90018170E8E
S21418017023C0001A2E9A4EB9001801262400588F4C
S214180180244B67244EB900195DAC2040208248796C
S2141801900019E6494EB9001951EA588F20024CEE5C
S2141801A03C1CFFBC4E5E4E7548790019E64E2F393A
S2141801B0001A2E9A4EB900183F6A2400508F6712FC
S2141801C04EB900195DAC2040208248790019E657D0
S2141801D060C248790019E65F4E9342A7487900191D
S2141801E0E66548790019E64E4EB9001840342400E2
S2141801F04FEF001067124EB900195DAC20402082F0
S21418020048790019E667608C42A742A74878000923
S21418021047F90018EA944E934FEF000C721BB28001
S214180220673A48790019E66D4E92588F49F90018C2
S214180230005642A742A7487800084E934FEF000C86
S2141802400C000078666648790019E6B54E9248792B
S2141802500019E6DA4EB900180430508F487900199C
S214180260E6DA4EB90018EF0A2D7C0019E6DAFFDC3C
S21418027042AEFFE0588F4A006600014448790019DC
S214180280FD3048790019E6DA47EEFFE42F0B4EB931
S2141802900018422E4FEF000C4A8067244879001940
S2141802A0E6EF4EB9001951EA588F60FE0C00006C44
S2141802B066AA48790019E6EA4E94588F6000FF74CB
S2141802C02F0B4EB900184D4224012F0148790019FA
S2141802D0E6F549F9001951FE4E9448790019E706D3
S2141802E04E924878000145F90019357E4E92260040
S2141802F02F004BF9001935924E9570204840908380
S2141803002F004E9228002F004E954FEF001C2EBC43
S214180310000400004E922F002F042F03487900196E
S214180320E7214E94486EFFD82F022F3C002000007D
S2141803302F0B4EB9001842FE26004FEF0024244C0F
S2141803406606B4AEFFD8672A4EB900195DAC2040D1
S21418035020832F022F2EFFD848790019E73C4E929B
S21418036048790019E74D4EB9001951EA4FEF0010B9
S21418037060FE2F0248790019E7534E942F0B4EB99A
S214180380001842B0487801002F3C0020000045F9BC
S214180390001868C24E92487801000682001FFF00B7
S2141803A02F024E9248780001486EFFDC2F3C002042
S2141803B000004EB90018EEF04FEF002860FE2F3CF4
S2141803C00020000048790019E6DA4EB90018EBB696
S2141803D02400508F47F9001951FE0C8000200000A9
S2141803E0670E2F0048790019E7654E93508F60FE08
S2141803F048790019E7804E92487801004EB90019DE
S214180400357E2F0048790019E79B4E9348780001EF
S214180410486EFFDC2F024EB90018EEF04FEF001CA6
S214180420609A4E5600002039001A0CEC4E5E4E7537
S2141804304E56FF5848E73F3C4878000A4EB9001910
S21418044052244EB900186A6248790019E8162F2EF9
S2141804500008280E0684FFFFFF5E2F044EB900180A
S214180460422E24004FEF001067344EB900195DACC9
S2141804702040208248790019E6D34EB9001951EA6F
S2141804802F044EB9001842B04EB900186A72508F31
S21418049074FF20024CEE3CFCFF304E5E4E752F3C2F
S2141804A0000400004EB90019357E2C0042B9001A17
S2141804B00CF048790019E81845F9001952F04E92D0
S2141804C042A742A7487800084EB90018EA944EB9D1
S2141804D00018688E4FEF0014740A4BF90018685805
S2141804E0264D2A3C001868242845487800154E954D
S2141804F052B9001A0CF0588F263C000003E8204525
S2141805004E9072FFB280660000F4538366F05382F2
S21418051066D848790019E82A4E92588F6000011E4E
S21418052010054600B02EFF7D670A48790019E84A7C
S2141805306000010043ED000391C842002406D483EE
S214180540121911812800D0015288B0FC008066F07C
S214180550068300000080B02EFFFE670A487900194F
S214180560E865600000CE487800064E935205588F0E
S2141805702E3C000003E84E94240070FFB082662AD2
S214180580538766F248790019E87C4E924878001826
S2141805904E93508F2F044EB9001842B02F064EB9FE
S2141805A000193592508F6000FEEA7204B282663CDB
S2141805B0487800064E9348790019E8844E92486E9B
S2141805C0FF5A2F032F062F044EB9001847AA2400E7
S2141805D04FEF001866BEB6AEFF5A66B82F034879B6
S2141805E00019E8934EB9001951FE60A67001B08242
S2141805F0671A48790019E8AF6000FF1E7201B280CA
S2141806006600FF1076007A014BEEFF7B74014E945D
S21418061072FFB28067F81B80280052820C82000096
S214180620008466EABA2EFF7C6700FEF64879001941
S214180630E83C4E92487800184E93508F74FF60002E
S214180640FF544E5600002F02206E0008242E00106D
S21418065072001228004CE1494841424170001028A7
S214180660004D48404240828070001028004EE188B5
S21418067080818028004F4A80661270001028003E3D
S214180680E1888028003F0C4000046308206E000CA8
S21418069011420007241F4E5E4E754E56FFF82F0A5D
S2141806A0206E0008246800142D680018FFF82F28FC
S2141806B000104EB9001856882D40FFFC48780010D8
S2141806C0486A006E4878FFFF45F9001850BE4E92EB
S2141806D048780004486EFFF82F004E9248780004B9
S2141806E0486EFFFC2F004E924FEF00242EAE0010DF
S2141806F02F2E000C2F004E92246EFFF44E5E4E7571
S2141807004E56FFF448E73F3C246E0008242E000C93
S214180710262E0010205226680014286B00022F2858
S2141807200010486B00064EB90018598A42AA001CD9
S214180730508F92839182623A202A000480AA000879
S214180740660C25420014254300187000601A486A83
S21418075000042F0C4EB90018862442AA000442AA98
S2141807600008508F4A8067DA4CEE3CFCFFCC4E5E91
S2141807704E757200122B001EE14948414241700026
S214180780102B001F4840424082807000102B00201B
S214180790E1888081802B0021223C00000400E1A91A
S2141807A026412A01780041F90019CEC42F012F04DA
S2141807B02F032F022D48FFF44E904FEF00102A41BA
S2141807C041F90019CEC4202A000480AA0008664001
S2141807D042A7486EFFF82F0D2F124EB90018E22CBC
S2141807E04FEF00104A8066802F2EFFFC2F2EFFF842
S2141807F0486A00042F0C4EB900186A0A4FEF00100A
S2141808004A80674842AA000442AA00086000FF5AB5
S214180810428642872E012F0B2F042F2A00182F2AC4
S21418082000144E904FEF001092879186671E486A04
S21418083000042F0C4EB90018862442AA000442AAB7
S2141808400008508F4A8067886000FF1E25420014F3
S214180850254300182F052F042F032F024EB9001911
S214180860D4244FEF001020522068001442AA001C0F
S2141808707003C08166000084200B5180B081657AB1
S214180880226A0010D3C1700010290004E18880295C
S2141808900005D280B28B626222005F814242142920
S2141808A00006760016280052E14B48434243700073
S2141808B01028005348404240868070001028005484
S2141808C0E1888083802800554A80661C70001028AE
S2141808D00044E188802800450C400004620A700035
S2141808E010290007E188844002820000FFFFB481C7
S2141808F06C082549001C6000FE5270056000FE6AF0
S2141809004E560000206E000872001228001EE1499C
S2141809104841424170001028001F484042408280DB
S214180920700010280020E188808180280021307C03
S21418093004002208E1A9204141E8FFF4D1EE000C9A
S21418094072001210E1494841424170001028000117
S214180950484042408280700010280002E18880815A
S214180960802800034A8066204A280006661A700007
S21418097010280004E188802800050C40000C660842
S2141809800C28FFDE0007670291C820084E5E4E75D9
S2141809904E56000048E72030266E0008242E000C1D
S2141809A0206B001408280002006C675A2F022F08C4
S2141809B04EB900180900508F24404A80674C908220
S2141809C02F002F022F0B4EB90018069A7400142AFF
S2141809D00008E14A484242427200122A0009484179
S2141809E0424184817200122A000AE1898282822A90
S2141809F0000B4FEF000CB08157C044004CEE0C04AF
S214180A00FFF44E5E4E75700160F2420060EE4E5670
S214180A1000002F0A246E00084878000C42A72F0AF8
S214180A204EB900195E4C422A0004157C000C0005CD
S214180A30157CFFDE00074FEF000C246EFFFC4E5EA1
S214180A404E754E56000048E72030266E0008242EB5
S214180A50000C206B001408280002006C67462F0252
S214180A602F084EB900180900508F24404A80673462
S214180A7090822F002F022F0B4EB90018069A2200CC
S214180A8042414841E0491541000822004241484188
S214180A90154100092200E0891541000A1540000B8F
S214180AA04FEF000C4CEE0C04FFF44E5E4E754E568F
S214180AB00000206E000820AE000C42A8001C42A8B9
S214180AC0001442A8001842A8000442A80008202EC5
S214180AD00010222E00142D40000C2D4100104E5EE2
S214180AE04EF9001807004E56000048E73830266EB4
S214180AF0000845F900180700206B001C7000102825
S214180B000004E18880280005760036007400202B43
S214180B100014222B0018D283D1822F012F002F0BFE
S214180B204E92206B001C4FEF000CB0FC0000672C98
S214180B3078001810E14C484442447200122800010C
S214180B40484142418881720012280002E189828455
S214180B50822800034A8166044A80679C4CEE0C1C67
S214180B60FFEC4E5E4E754E560000206E000842A8EA
S214180B70001C2028000480A80008671A486800048B
S214180B802050206800142F2800024EB9001886241A
S214180B90508F4E5E4E75700060F84E56000048E74F
S214180BA03C38246E0008266E000C282E0010286E7E
S214180BB00014262E0018242E001C7A003A04720000
S214180BC0122A0018E149484142417000102A0019BB
S214180BD04840424082807000102A001AE1888081BE
S214180BE0802A001B223C00000400E1A9B285641C80
S214180BF04878013048790019E8BE48790019E8D3D2
S214180C004EB9001951FE4FEF000C60FE2F2C001045
S214180C102F0A4EB90018596C508F41F90018064221
S214180C200C8000006000670000EC62220C80000058
S214180C302000670000D80C800000400067340C8045
S214180C4000001000660000DE4878000560280C805A
S214180C500000A000670000AE0C800000C00067000F
S214180C6000BC0C8000008000660000BA48780001BE
S214180C706004487800022F0B2F0A4E904FEF000C96
S214180C8016AC0018176C00190001176C001A000231
S214180C90176C001B0003E04C1744000417450005AA
S214180CA0174200067200122A004CE1494841424198
S214180CB07000102A004D4840424082807000102A6A
S214180CC0004EE1888081802A004F4A80661A70009C
S214180CD0102A003EE188802A003F0C400004620873
S214180CE03002E048174000072D4200102D43000C34
S214180CF0508B2D4B00084CEE1C3CFFE44E5E4EF914
S214180D0000195DDC487800076000FF6C487800031F
S214180D106000FF64487800046000FF5C48780006AE
S214180D206000FF5442A76000FF4E4E56000048E78A
S214180D303F3C226E0008286E000C246E00102C2EE5
S214180D4000142E2E00182A2E001C720012290018C5
S214180D50E149484142417000102900194840424074
S214180D60828070001029001AE18880818029001B73
S214180D70223C00000400E1A920013405504232024A
S214180D800241000367060242FFFC5842206A000C24
S214180D9047F00800B7C86206701C600000B47200FE
S214180DA01210E1494841424170001028000148409D
S214180DB042408280700010280002E18880818028D6
S214180DC00003780018280004E18C882800053A44A7
S214180DD072001229004CE149484142417600162912
S214180DE0004D48434243868172001229004EE1891D
S214180DF082838229004F4A81661276001629003EA1
S214180E00E18B8629003F0C430004635C1628000714
S214180E104A8066580C03FFDE6748B44D62442F05B7
S214180E202F072F063F0D42672F082F094EB90018B7
S214180E300B9A2F2A000C2F0C4EB900180A424FEFA7
S214180E40001C2EAA00084EB9001869AA588F700000
S214180E504CEE3CFCFFD84E5E4E750640000C90419A
S214180E60603AD1C46000FF2E4A8067AE4240102810
S214180E7000064A81661C72001229003EE189822902
S214180E80003F0C410004620A720012280007E1892C
S214180E90804132000241000366C05040320492403E
S214180EA0B24265BE3400E04A1142000402800000D7
S214180EB0FFFF114000052F052F072F063F01426739
S214180EC0487008006000FF644E56FFE048E73F3C55
S214180ED0246E00082A2E000C2C2E0010282E001423
S214180EE0266A0014260B5C83082B000500656746E7
S214180EF0487810002F2A00104EB900185A54508FF0
S214180F004A0067322F062F052F042F0A4EB90018ED
S214180F1025D44FEF00100C80FFFF9E58660001483E
S214180F20487810002F2A00104EB900185A8E157CD3
S214180F300001001C508F42AEFFE442AEFFE842AEFE
S214180F40FFEC7200122B001EE14948414241700026
S214180F50102B001F4840424082807000102B002043
S214180F60E1888081802B0021243C00000400E1AA3F
S214180F702F2A00102F034EB90018598A2F0242A79D
S214180F802F012F004EB90019CEC42D41FFE042AEF6
S214180F90FFE44FEF00187EE8DE8E49EEFFF0202EB5
S214180FA0FFE4B0AEFFE0650000C842AEFFE442AE14
S214180FB0FFE842AEFFEC486EFFE42F072F0A4EB943
S214180FC00018E49A4FEF000C4A806600009A2F2EFD
S214180FD0FFEC2F2EFFE849EEFFF02F0C2F2B000208
S214180FE04EB9001869FE4FEF00104A8066782F0237
S214180FF042A72F2EFFFC4EB900195E4C202EFFFC80
S2141810004FEF000C41F900180B9A082B0002006CE1
S2141810106700012C2F062F052F0432020641FFF415
S2141810203F0142672F002F034E90307CFFF4D1C249
S214181030D1EEFFFC2F084EB900180A0E4FEF001C11
S2141810402F2EFFFC2F0A4EB900180A422F2EFFF833
S2141810504EB9001869AA2F0C2F2B00024EB900188B
S21418106086244FEF00144CEE3CFCFFB84E5E4E75CF
S21418107042A72F072F002F0A4EB90018E22C4FEF61
S21418108000104A8066E02F2EFFEC2F2EFFE82F0C5C
S2141810902F2B00024EB900186A0A4FEF00104A802C
S2141810A066C42F2EFFFC2F0A4EB900180990508FD1
S2141810B04A0066504EB90018042208000006674415
S2141810C048790019E8F848790019E9034BF9001926
S2141810D051FE4E954878018B48790019E9064E95C9
S2141810E02F2EFFE42F2A001848790019E90F4E957D
S2141810F02079001A0A4E2F2800084EB9001949EA16
S2141811004FEF00202F062F052F042F0C2F0A2F0322
S2141811104EB900180D2A2A402F0C2F2B00024EB954
S214181120001886244FEF00204A806600FF3ABAFC63
S21418113000006700FF3252AEFFE46000FE622F0622
S2141811402F052F043F0242672F002F034E904FEFB4
S21418115000186000FEEC4E56000048E73838266E39
S214181160000C242E0010206E00082468000C720054
S214181170122B0018E149484142417000102B001903
S2141811804840424082807000102B001AE188808107
S214181190802B001B263C00000400E1ABD68A49F9D8
S2141811A0001955D8B68A62067002600000A2200A96
S2141811B0D082B08362F272001212E149484142416D
S2141811C07000102A00014840424082807000102AA1
S2141811D00002E1888081802A00034A80677A4241AB
S2141811E0122A00067800182B004CE14C484442445A
S2141811F07000102B004D4840424088807000102B1D
S214181200004EE1888084802B004F4A80661C700050
S214181210102B003EE188802B003F0C400004620A29
S2141812207000102A0007E188824002810000FFFF44
S214181230B28266242F02486A00082F2E00144E9495
S2141812404FEF000C4A806610206E0018208A4CEE6D
S2141812501C1CFFE84E5E4E757000102A0004E188CC
S214181260802A00054A80661248790019E94A4EB95C
S214181270001952F0588F701660D4D5C06000FF263B
S2141812804E56FFE448E73F3C266E0008246E000CD6
S214181290286A0014260C5C83429342AB000442ABC7
S2141812A00010082C00050065674C487810002F2A97
S2141812B000104EB900185A54508F4A0067382F2E0F
S2141812C000102F2E00142F0A2F0B4EB9001821D2FB
S2141812D02A404FEF00100C80FFFF9E586600015AF8
S2141812E0487810002F2A00104EB900185A8E157C10
S2141812F00001001C508F7200122C001EE149484154
S21418130042417000102C001F4840424082807000F6
S214181310102C0020E1888081802C0021243C0000BD
S2141813200400E1AA2F2A00102F034EB90018598A74
S2141813302F0242A72F012F004EB90019CEC428013C
S2141813404FEF001874002A3C0018E22C49EEFFF004
S2141813502C3C00186A0A7EE4DE8EB88262083A7C54
S2141813600002600000D442A7486EFFE82F022F0A3A
S21418137020454E902A404FEF00104A80660000BA6B
S2141813802F2EFFEC2F2EFFE82F0C206A00142F2884
S214181390000220464E902A404FEF00104A80660002
S2141813A000982F2EFFFC2F0A4EB900180990508F60
S2141813B04A00664E4EB90018042208000006674216
S2141813C048790019E8F848790019E9034BF9001923
S2141813D051FE4E95487801F948790019E9064E9558
S2141813E02F022F2A001848790019E90F4E952079F0
S2141813F0001A0A4E2F2800084EB9001949EA4FEF6E
S21418140000202F072F2E00102F2E00142F032F0C1E
S2141814104EB9001811562A404FEF00144A80662419
S214181420487800102F0C2F0B4EB900195DDC276E6C
S214181430FFE400104FEF000C200D4CEE3CFCFFBCF8
S2141814404E5E4E752F0C206A00142F2800024EB9D7
S214181450001886242A40508F4A8066DC5282600024
S214181460FEFA4E560000226E0008206E000C201061
S21418147080A800046712206900142D68000200086E
S2141814804E5E4EF90018862470004E5E4E754E5607
S214181490FFEC48E73038246E0008487840002F2ABA
S2141814A00010202A00145C802F004EB900185A34F9
S2141814B04FEF000C4A00670000DC2F2E00102F2E6E
S2141814C0000C2F0A47EEFFEC2F0B4EB900181280AF
S2141814D04FEF00104A80660000B2226EFFFC4211E1
S2141814E0422900014229000242290003286EFFF80B
S2141814F02209928C67727000102C0004E188802CE8
S2141815000005204C740076003600D682B681651E1B
S214181510673C4878023548790019E8BE48790019BA
S214181520E8D34EB9001951FE4FEF000C60FE70005C
S21418153010280004E18880280005D48041F428008B
S214181540700010280004E1888028000560B8720032
S21418155012290004E18982290005D0413200E049A9
S21418156011410004114000052F0C2F0A4EB900181F
S2141815700A422F2EFFF44EB9001869AA2F0B2F0A0D
S2141815804EB9001814624FEF00144CEE1C0CFFD81E
S2141815904E5E4E75701460F24E560000206E0008AF
S2141815A02050206800344AA8000256C0488048C018
S2141815B04E5E4E754E5600004E5E4EF90018159843
S2141815C04E560000206E0008205020680034101078
S2141815D04A0066FC10BC000170004E5E4E754E56F2
S2141815E00000206E0008205020680034421070005A
S2141815F04E5E4E754E56FFF848E73F20242E0018CC
S21418160020020280FF000000671A48790019E95284
S2141816104EB9001952F0588F70FF4CEE04FCFFDCE0
S2141816204E5E4E75D482202E0010222E0014D281C3
S214181630D1802C2E000C7E00460745F9001831AED6
S2141816404A826604700060D226020C82000000FFF0
S214181650630226072F012F062F032D40FFFC2D416E
S214181660FFF84E9228037A09EBACDC842A0378003C
S214181670202EFFFC222EFFF8D285D18494834FEFBC
S214181680000C60BC4E56000048E73F38282E001065
S2141816902A2E00144280428122050281FF00000093
S2141816A024008481671A48790019E9654EB900192B
S2141816B052F0588F70FF4CEE1CFCFFDC4E5E4E75D9
S2141816C0242E0018D482DA85D9842C2E000C7E009D
S2141816D0460749F9001832B44A826604700060D684
S2141816E026020C82000000FF630226072F052F062D
S2141816F02F034E9420037209E3A8DC80264395CA6C
S214181700200ADA8BD98094834FEF000C60CA4E56A5
S214181710000048E720384878040047F90019357E55
S2141817204E932400487800064E9328404878003890
S2141817304E932440421442AC000224BC001815B440
S214181740257C001815F40004257C0018168400085B
S214181750257C001815C00010257C001815DE00140E
S214181760257C00181598000C257C0000040000182D
S21418177042AA001C257C00020000002025420024F6
S21418178070012540002842AA002C42AA0030254C99
S2141817900034487800304E932040208A42A800042F
S2141817A042A8000842A8000C217C0800000000107F
S2141817B042A80014217C00000400001842A8001C4F
S2141817C0217C00020000002042A8002442A800281D
S2141817D042A8002C4CEE1C04FFF04E5E4E754E567A
S2141817E00000206E00082210206E000C2010B08119
S2141817F0670E52C0488048C0720180814E5E4E7592
S214181800700060F84E56FFF848E73030206E000833
S214181810246E001826680014082B0002006C670057
S21418182000CA2D680018FFF82F2800104EB90018A7
S21418183056882D40FFFC262E0014E78BD6AE0010D7
S2141818407000102A0004E148484042407400142AE8
S21418185000054842424280827400142A0006E18A33
S2141818608480842A0007422A0004422A0005422A55
S2141818700006422A000748780010486B006E487821
S214181880FFFF47F9001850BE4E9348780004486E7C
S214181890FFF82F004E9348780004486EFFFC2F0080
S2141818A04E934FEF00242E832F2E000C2F004E93AE
S2141818B0487800082F0A2F004E93220242414841CA
S2141818C0E0491541000422024241484115410005ED
S2141818D02202E08915410006154200074FEF00184E
S2141818E04CEE0C0CFFE84E5E4E75700060F24E56CD
S2141818F0000048E72030226E0008206E000C24698D
S2141819000014082A0002006C670001187200122AD8
S214181910001EE149484142417000102A001F484005
S214181920424082807000102A0020E1888081802A38
S2141819300021223C00000400E1A9700010280004D1
S214181940E18880280005740CB480660000CC70000E
S21418195010280010E18880280011347CFFF4D5C1C7
S214181960B5C0660000BE740014280018E14A484244
S2141819704242700010280019484042408480700087
S2141819801028001AE18880828028001B4A8066008A
S21418199000920C280008001D66000088742047F086
S2141819A02800B6FC0000677A70001013E188802BB8
S2141819B00001E7882440D5C25181B28A656445F390
S2141819C008002F0A7000102B0002E188802B0003F5
S2141819D02F002F022F082F094EB90018180474006C
S2141819E0142A0004E14A484242427200122A0005AC
S2141819F04841424184817200122A0006E189828297
S214181A00822A00074FEF0014B08157C044004CEEEE
S214181A100C04FFF44E5E4E75B081660674086000BE
S214181A20FF7E700160E84E56FFF048E73F3C286E90
S214181A30000C2A2E00102A6C00147200122D001E9C
S214181A40E149484142417000102D001F484042406D
S214181A5082807000102D0020E1888081802D002162
S214181A60283C00000400E1AC22452069000C47E839
S214181A700020740014280020E18A842800211C28DD
S214181A80001E344445EAFFF03D4AFFF65144700004
S214181A90102B0002E188802B00034A406700014A99
S214181AA0B4406500014443EB000806801FFFFFFFA3
S214181AB0E788D08BB3C06344487800102F052F2EC4
S214181AC000182D49FFF24EB900195DDC206E00187B
S214181AD0214B0010226EFFF245E9FFF8214A001448
S214181AE04FEF000C4A066664206E001420AE0018ED
S214181AF070004CEE3CFCFFC84E5E4E752200928974
S214181B00E68122016A025281E281E78941F11800D2
S214181B1076001610E14B484342437400142800011F
S214181B20484242428483720012280002E189828267
S214181B3082280003246E0008B29263082008518099
S214181B406000FF7243E800086000FF6A7000102902
S214181B50FFFCE1484840424076001629FFFD4843FE
S214181B604243808376001629FFFEE18B86808629FD
S214181B70FFFF530642A7486EFFF82F032F0C4EB9E7
S214181B800018E22C4FEF00104A806600FF662F2ED2
S214181B90FFFC2F2EFFF82F05206C00142F280002AC
S214181BA04EB900186A0A4FEF00104A806600FF44C4
S214181BB022452069000C47E800087400142800081D
S214181BC0E18A84280009082D0002006C6624300477
S214181BD0E648B04267222F05206C00142F28000212
S214181BE04EB900188624508F203CFFFF9E58600080
S214181BF0FF02302EFFF660D82F082F0C4EB90018AB
S214181C0018EE508F4A0066504EB900180422080085
S214181C100005674448790019E97948790019E903F5
S214181C202E3C001951FE24474E9248780274487983
S214181C300019E9064E922F032F2C00184879001920
S214181C40E9884E922079001A0A4E2F2800084EB9B5
S214181C50001949EA4FEF00207018D1AE001860003E
S214181C60FE2E4E56000048E73830246E0008266EC2
S214181C70000C206E0010242E0018162B001C203C7A
S214181C80FFFF9E580C030002620000AA4A2B001F92
S214181C90660000A20C2B0001001E6200009872005D
S214181CA012280018E14948414241700010280019CE
S214181CB048404240828070001028001AE1888081CF
S214181CC08028001B327C04002209E1A9224108283A
S214181CD000020066666843E9FFE02209E689780094
S214181CE0182B0020E18C882B0021203CFFFF9E58E3
S214181CF0B88166400283000000FF254300080828C4
S214181D0000010163670656832543000841E800EC86
S214181D102548000C4A82672C486A00042F0A2F2A86
S214181D2000082F082F2E00142F024EB900185C40FA
S214181D304FEF00184CEE0C1CFFEC4E5E4E7543E948
S214181D40FFD86096700060EC4E56000048E72030CA
S214181D50226E0008206E000C24690014082A00025F
S214181D60006C670000F67200122A001EE14948410E
S214181D7042417000102A001F48404240828070007E
S214181D80102A0020E1888081802A0021223C000049
S214181D900400E1A9700010280004E18880280005D6
S214181DA0740CB480660000BE700010280010E1881D
S214181DB080280011347CFFF4D5C1B5C06600009C9D
S214181DC0740014280018E14A48424242700010284D
S214181DD0001948404240848070001028001AE18894
S214181DE080828028001B4A8066700C280008001D18
S214181DF06668742047F02800B6FC0000675C700020
S214181E001013E188802B0001E7882440D5C2518141
S214181E10B28A654645F308002F0A7000102B000298
S214181E20E188802B00032F002F022F082F094EB9A8
S214181E3000181804220042414841E04915410004A0
S214181E40220042414841154100052200E08915410B
S214181E500006154000074FEF00144CEE0C04FFF474
S214181E604E5E4E75B08166F2740860884E56000055
S214181E7048E73C38282E0008286E000C2A2E00103A
S214181E80262E0014246C0014220A5081266C00108A
S214181E907400142B0002E18A842B00032002E788C2
S214181EA0D08B90812F002F01486A00104EB9001968
S214181EB05650200342404840E0481540000C200386
S214181EC0424048401540000D2003E0881540000E9B
S214181ED01543000F200542404840E04815400008CA
S214181EE0200542404840154000092005E088154066
S214181EF0000A1545000B52423002E048174000020F
S214181F00174200032F2C000C2F044EB900181D483A
S214181F104FEF00142D6C000800084CEE1C3CFFE434
S214181F204E5E4EF9001869AA4E56FFCC48E73F3C5D
S214181F30246E000842AEFFD42F2A0010202A001460
S214181F405C802F004EB90018598A24002601286A8A
S214181F5000147000102C001EE148484042407A00D9
S214181F601A2C001F4845424580857A001A2C0020F6
S214181F70E18D8A808A2C0021508F7CD8DC8E428096
S214181F80720192839182640001362F062F2EFFD499
S214181F902F0A4EB90018E4782E004FEF000C660092
S214181FA001122F2EFFDC2F2EFFD84BEEFFE02F0D41
S214181FB0206A00142F28000247F9001869FE4E936D
S214181FC02E004FEF0010660000EA283C00000400C0
S214181FD0EBAC266EFFEC4878002042A72F0B4EB9C4
S214181FE000195E4C4878000148790019E8282F0A2D
S214181FF04878000C2F0B2E0C5C872F0741F9001819
S2141820000B9A2D48FFCC4E903A040645FFF44FEF36
S21418201000244878000248790019E8272F2E000C6B
S214182020720032052D41FFD02F01486B000C2F0788
S214182030206EFFCC4E90206A001417680102001C10
S214182040422B001E177C0008001D422B0022177C0E
S214182050000100234FEF0018082C0002006C667071
S21418206070E0D084E6883200E04917410020174017
S2141820700021206EFFD452882D48FFD4428072016A
S21418208092839182644E2F062F082F0A4EB9001895
S214182090E4782E004FEF000C206A0014243C001839
S2141820A086244A80673E2F0D2F28000220424E9025
S2141820B0508F20074CEE3CFCFFA44E5E4E75486EC3
S2141820C0FFD42F062F0A4EB90018E49A6000FECAED
S2141820D070D8608E486EFFD42F062F0A4EB9001897
S2141820E0E49A60AE2F2EFFDC2F2EFFD876F0D68E11
S2141820F02F032F2800024EB9001869FE2E004FEF46
S214182100001067082F0D206A0014609C206EFFFCD4
S214182110082C0002006C670000ACE04D1145000466
S214182120116EFFD3000542280006422800074870A3
S21418213048F42D48FFCC4EB900180A0E206EFFCC76
S2141821402F082F0A4EB900180A424FEF000C206EBF
S214182150FFCC421042280001422800024228000301
S2141821602F2EFFF849F9001869AA4E942F03206AF3
S21418217000142F28000220424E902E004FEF000C1D
S2141821806682176EFFD40024176EFFD50025176ECB
S214182190FFD60026176EFFD700272F2EFFEC2F0A24
S2141821A04EB900181D482F2EFFE84E942F0D206AA2
S2141821B000142F28000220424E902E004FEF0014D5
S2141821C06000FEF03004E048114000041144000599
S2141821D060804E56FF6C48E73F3C246E000C42A7C2
S2141821E0486EFF7842A72F0A4EB90018E22C240032
S2141821F04FEF0010660000C6286A00142F2EFF7CCA
S2141822002F2EFF7847EEFF902F0B2F2C00024EB97B
S21418221000186A0A24004FEF0010660000A02F2E40
S214182220FF9C2F0A4EB9001818EE508F4A00664EBB
S2141822304EB90018042208000005674248790019AC
S214182240E97948790019E9034BF9001951FE4E95BA
S214182250487802E348790019E9064E9542A72F2ACE
S214182260001848790019E9BE4E952079001A0A4ECA
S2141822702F2800084EB9001949EA4FEF002041EC04
S21418228000062D48FF6C2F2E00142F2E00102F0836
S2141822902F2EFF9C4BEEFFA02F0D4EB900181C6278
S2141822A04FEF00144A8067202F0B2F2C00024EB9D0
S2141822B000188624508F243CFFFF9E5820024CEEB0
S2141822C03CFCFF444E5E4E75486EFFD0486EFF705D
S2141822D02F0B2F0A2F0D4EB900181A264FEF001481
S2141822E04A8066C44BEEFFB07EC0DE8E206EFF704E
S2141822F020680014700010280004E1484840424046
S2141823007600162800054843424380837600162830
S2141823100006E18B86808628000742A7486EFF8055
S2141823202F032F0A4EB90018E22C24004FEF001086
S214182330660000BE2F2EFF842F2EFF802F0D2F2C09
S21418234000024EB900186A0A24004FEF0010660003
S21418235000A02F2EFFBC2F0A4EB900180990508FD8
S2141823604A00664E4EB90018042208000005674257
S21418237048790019E97948790019E90347F90019E5
S21418238051FE4E934878031348790019E9064E9380
S2141823902F032F2A001848790019E9F94E93207947
S2141823A0001A0A4E2F2800084EB9001949EA4FEFAE
S2141823B00020486EFF742F2E00142F2E00102F2E7C
S2141823C0FF6C2F0D4EB90018115624004FEF00144D
S2141823D06646487800102F0D2F2E00084EB90019A3
S2141823E05DDC226E0008236EFF7400104FEF000CA1
S2141823F045EEFFD047F900188624B5EEFF70620048
S214182400FEBC2F0A2F2C00024E93508F4A8266026B
S214182410240045EA001860E22F0D2F2C00024EB952
S21418242000188624508F4A8066C67002B08266C02E
S214182430262EFFA0307C0014D1EEFF707A007CD0D8
S214182440DC8E47E8FFEC2228FFFC2241700010299A
S2141824500002E1888029000322502809508420842D
S214182460E788D081B084620C41E8FFE8B7C6678079
S214182470528560CE780008030000663018290008D8
S214182480E14C484442447000102900094840424034
S214182490888070001029000AE18880848029000B43
S2141824A072FEC081B0836600FF487800B885670062
S2141824B0FE3C206B0014700010280004E1484840C9
S2141824C0424076001628000548434243808376002B
S2141824D016280006E18B86808628000742A7486ED5
S2141824E0FF882F032F0A4EB90018E22C4FEF001062
S2141824F04A80660000CA2F2EFF8C2F2EFF882F07C3
S214182500206A00142F2800024EB900186A0A4FEFE6
S21418251000104A80660000A82F2EFFCC2F0A4EB94E
S214182520001818EE508F4A0066544EB90018042248
S21418253008000005674848790019E97948790019AC
S214182540E9032C3C001951FE20464E90487802B8F4
S21418255048790019E90622464E912F032F2A0018AB
S21418256048790019E98820464E902079001A0A4EB4
S2141825702F2800084EB9001949EA4FEF002047EBFC
S21418258000182F0B206A00142F2800024EB90018C6
S21418259086245284508F4A806624487800102F0765
S2141825A02F0B4EB900195DDC202EFFCC508027402B
S2141825B00010274000144FEF000C6000FEF04A8011
S2141825C06C0624006000FE2A7202B2806700FD1EA8
S2141825D06000FE1E4E56FF3048E73F3C246E00084B
S2141825E042A7486EFF5842A72F0A47F90018E22C50
S2141825F04E934FEF00104A80660000D62D6A0014DE
S214182600FF442F2EFF5C2F2EFF58240E0682FFFF46
S214182610FF702F02206EFF442F2800024EB90018B4
S2141826206A0A4FEF00104A80660000A62F2EFF7C1D
S2141826302F0A4EB9001818EE508F4A00664E4EB93B
S2141826400018042208000005674248790019E9793D
S21418265048790019E90349F9001951FE4E9448784B
S21418266004E748790019E9064E9442A72F2A00185D
S21418267048790019E9BE4E942079001A0A4E2F2878
S21418268000084EB9001949EA4FEF0020226EFF44A1
S2141826905C892D49FF402F2E00102F2E00142F096D
S2141826A02F2EFF7C4BEEFF802F0D4EB900181C62A4
S2141826B04FEF00144A8067222F02206EFF442F28FF
S2141826C000024EB900188624508F203CFFFF9E58F3
S2141826D04CEE3CFCFF084E5E4E7578D0D88E2F0414
S2141826E0486EFF502F022F0A2F0D4EB900181A26C3
S2141826F04FEF0014263CFFFF9E584A8066000800DD
S214182700206EFF5020680014720012280004E14959
S21418271048414241700010280005484042408280D7
S214182720700010280006E1888081802800072D4058
S214182730FF4C42A7486EFF602F002F0A4E932600C4
S2141827404FEF0010660007B8266EFF50B88B66006D
S214182750038E387C0020D9EEFFDC74001414E18A4E
S214182760842C00017000102C0002E188802C0003D5
S214182770B08266000234200B9084E6802F3CAAAA0A
S214182780AAAB2F004EB90019C1D4508F2A00226E5A
S214182790FFDC720012290020E189822900217000CE
S2141827A010290022E188802900234A856F06B04147
S2141827B067000832226A001472001229001EE149C6
S2141827C04841424178001829001F484442448284F0
S2141827D0780018290020E18C888188290021486E05
S2141827E0FF90486EFFA02F0A4EB90018E49A2600EC
S2141827F04FEF000C660006EE2F2EFFA42F2EFFA01C
S214182800486EFFB0226A00142F2900024EB900182D
S21418281069FE26004FEF0010660006CA263C000028
S2141828200400E9AB28035184E68C226EFFBC2C0901
S21418283050864878000842A72F092D49FF304EB910
S21418284000195E4C3003E048226EFF301340000437
S214182850134300054FEF000C760036023204E049A9
S2141828603D41FF4802840000FFFF4A856F00027A48
S2141828702E02E28F96872007E7884BF408007A0026
S2141828801A15E14D484542457000102D0001484084
S214182890424080857A001A2D0002E18D8A808A2DA2
S2141828A000032003E7882F002F0D2F064BF9001979
S2141828B05DDC2D49FF304E957009E0AA19420002DA
S2141828C0194700033003E048226EFF301340000A11
S2141828D01343000B136EFF49000813440009262BF8
S2141828E0001496AB0010E6834FEF000C49F9001859
S2141828F01D48B68765502F2B000C2F0A4E942F2B89
S21418290000084EB9001869AA78C0487800102F0B2E
S214182910487648004E9548780010486EFFB02F0B42
S2141829204E959687E78BD6862743001427460010C1
S2141829304FEF00244878001048764800486EFFB0DD
S2141829404E954FEF000C2F2EFF902F05486EFFD098
S2141829502F0A4EB900181E6C2F2EFFDC2F0A4E9425
S2141829602F2EFFF42F0A4E944FEF001C2EAEFFD8D2
S21418297047F9001869AA4E932F2EFFF04E932F2E64
S214182980FFBC2F0A4E942F2EFFB84E93486EFFB0FA
S214182990206A00142F2800024EB900188624260034
S2141829A04FEF001C6600053E2F2EFF642F2EFF608B
S2141829B049EEFF902F0C206EFF442F2800024EB9C8
S2141829C000186A0A26004FEF0010660005322F2EF0
S2141829D0FF9C2F0A4EB900180990508F4A0066506F
S2141829E04EB90018042208000005674448790019F3
S2141829F0E97948790019E90347F9001951FE4E9309
S214182A004878051B48790019E9064E932F2EFF4C77
S214182A102F2A001848790019E9F94E932079001AD8
S214182A200A4E2F2800084EB9001949EA4FEF002021
S214182A302F2E00142F2E00102F2E000C2F0C2F0ABE
S214182A402F2EFF404EB900180D2A4FEF00184A8057
S214182A50670004922D6EFF50FF382A2A001422456C
S214182A6072001229001EE14948414241700010299F
S214182A70001F484042408280700010290020E188DC
S214182A80808180290021223C00000400E1A92D4104
S214182A90FF4C2F0147F90019357E4E932D40FF48FD
S214182AA0588F67344878000C2F2EFF4C4EB90019F3
S214182AB0C1F8508F2200D281D081D080D0802F00CC
S214182AC04E932640588F4A80660000C22F2EFF4825
S214182AD04EB900193592588F780C60000210286B82
S214182AE0000C508C6000FC74E78B2F032F0C2F06FD
S214182AF047F900195DDC2D49FF304E93226EFF30E2
S214182B00136EFF49000813440009422C0002197C72
S214182B1000010003196EFF900004196EFF9100055E
S214182B20196EFF920006196EFF9300072A6EFFDCD7
S214182B301B7C0001001E206EFFE491CCD1C62D48E8
S214182B40FFFC2D46FFF874E8D48E48780010486EBF
S214182B50FFB02F024E932D42FF502F0D2F0A47F924
S214182B6000181D484E934FEF001C2EAEFFF42F0A88
S214182B704E932F2EFFD847F9001869AA4E932F2E7A
S214182B80FFF04E934FEF00106000FE1E7CB0DC8EF8
S214182B9048780010486EFF802F0649F900195DDC4A
S214182BA04E94206EFF9C4FEF000C242EFF489BCDB2
S214182BB0202EFF4CD0AEFF9CB08862704879001863
S214182BC017DE4878000C2F0D2F0B4EB900194060F1
S214182BD0486EFF54486EFF682F0A4EB90018E49ADC
S214182BE028004FEF001C660000F22F2EFF6C2F2EC9
S214182BF0FF68486EFFC0206A00142F2800024EB9DE
S214182C00001869FE28004FEF0010660000CE222E2E
S214182C10FF4CE28949EB0004204C7000B88D660022
S214182C200124780042AEFF3C6000012E720012109C
S214182C30E14948414241700010280001484042408E
S214182C408280700010280002E188808180280003A6
S214182C504A80670000DE1E280006670000D6024776
S214182C6000FF2245720012290052E14948414241AC
S214182C707000102900534840424082807000102986
S214182C800054E1888081802900554A80661C7000AF
S214182C9010290044E188802900450C400004620A87
S214182CA0700010280007E1888E4002870000FFFF9A
S214182CB0486EFFB42F062F2EFFB82F2EFFBC2F07F7
S214182CC0486800082D48FF304EB900185C402800A8
S214182CD04FEF0018206EFF3067182F0B45F90019B4
S214182CE035924E922F2EFF484E92508F2604600033
S214182CF001F450877003C087670670FCCE8058872B
S214182D002F072F082F022D48FF304E9443F5D80072
S214182D10D3CDD3C9D3C943F3980023420008234719
S214182D20000422AEFFB0D487528D4FEF000C206EF1
S214182D30FF30700010280004E18880280005D1C0F4
S214182D406000FE6E43E8FFFCD09041E8000CB280AD
S214182D50640001C42D51FF3C2404D484D484D48246
S214182D60D482206EFF3CB1F328F457C0488048C080
S214182D702E004487224508290002006C670670F466
S214182D80D1AEFF4C7C007A00220453812D41FF34CB
S214182D90BA846600018849F328047C00243C00198C
S214182DA05DDC280D5384BA8D650001C0206A0014B6
S214182DB008280002006C675272001228001EE149AB
S214182DC04841424170001028001F48404240828007
S214182DD0700010280020E188808180280021387C27
S214182DE00400220CE1A9284149ECFFF4202EFF9C90
S214182DF0D08C2F00243C00180A0E20424E90D9EE94
S214182E00FFCC2F0C22424E91508F2F2EFF9C2F0A4C
S214182E1049F900180A424E942F2EFFCC2F0A4E94CA
S214182E202F2EFF9849F9001869AA4E942F2EFFC81E
S214182E304E942F0B47F9001935924E932F2EFF48B4
S214182E404E934FEF001C2EAEFF54206EFF3C48707A
S214182E5078002F2EFF382F0A4EB900181E6C47EE32
S214182E60FFA048780010486EFFC02F0B4EB9001907
S214182E705DDC206EFF5020680014700010280008D3
S214182E80E148484042407200122800094841424131
S214182E90808172001228000AE18982808228000B3D
S214182EA04FEF001C41F900180D2AB2AEFF806200E1
S214182EB001042F2E00142F2E00102F2E000C2F0B6F
S214182EC02F0A2F2EFF404E904FEF00142E8B226E97
S214182ED0FF442F2900024EB900188624508F4A80C6
S214182EE06600F7EE486EFF90206EFF442F2800020B
S214182EF04EB900188624508F4A806600F7D445EEDF
S214182F00FFD047F900188624B5EEFF50630000BAC4
S214182F1020036000F7BC52846000FD02206EFF9C00
S214182F20D1C62F142F2C00042F082D48FF304EB969
S214182F3000195DDC4FEF000C206EFF30BAAEFF3480
S214182F4064182014116C0002000411400005DC946B
S214182F50528549EC000C6000FE38302EFF4E904625
S214182F603200E0491141000460E0206EFFCCD1C663
S214182F702F142F2C00042F082D48FF3022424E9174
S214182F804FEF000C206EFF30B88563182014116CB4
S214182F900002000411400005DC94528549EC000C30
S214182FA06000FE04302EFF4E90463200E049114174
S214182FB0000460E02F2E00142F2E00102F2E000C69
S214182FC0486EFF906000FEFA2F0A226EFF442F29E3
S214182FD000024E93508F4A806600F6F645EA0018AF
S214182FE06000FF26761C6000FEFC4E56FFE848E799
S214182FF02038246E0008242E000C42A7486EFFE8DE
S21418300042A72F0A4EB90018E22C4FEF00104A803C
S214183010660000D62F2EFFEC2F2EFFE849EEFFF0A5
S2141830202F0C206A00142F2800024EB900186A0ABE
S2141830304FEF00104A80660000B02F2EFFFC2F0AB4
S2141830404EB9001818EE508F4A00664E4EB9001842
S214183050042208000005674248790019E97948797A
S2141830600019E90347F9001951FE4E934878056987
S21418307048790019E9064E9342A72F2A001848796E
S2141830800019E9BE4E932079001A0A4E2F28000818
S2141830904EB9001949EA4FEF0020206EFFFC2002B7
S2141830A042404840E0481140000C20024240484048
S2141830B01140000D2002E0881140000E1142000F4A
S2141830C02F082F0A4EB900181D482F2EFFF84EB994
S2141830D0001869AA2F0C206A00142F2800024EB96F
S2141830E0001886244FEF00144CEE1C04FFD84E5ED2
S2141830F04E754E5600002F02223C000182B95381AD
S214183100660470FE603E303900FF200EE0484A0024
S2141831106D0C1400020200500C020050672E0800B6
S214183120000067DA303900FF2002E0887200460196
S214183130C2802F0148790019EA3A4EB9001951FE93
S214183140508F70FF242EFFFC4E5E4E75700060F494
S2141831504E5600002F02223C000182B953816604A5
S21418316070FE603E303900FF200EE0484A006D0CB5
S2141831701400020200180C020018672E080000003F
S21418318067DA303900FF2002E08872004601C280F4
S2141831902F0148790019EA3A4EB9001951FE508F96
S2141831A070FF242EFFFC4E5E4E75700060F44E566F
S2141831B0000048E73F20282E00082A2E000C242E50
S2141831C000104EB9001830F222024841E04148C1BA
S2141831D00201000F0001FFE03C01E14E024100FF32
S2141831E0824633C100FF200C7C004606CC8422049D
S2141831F0E189024400FF884133C400FF20042802F6
S214183200E18C42411202824433C100FF200632028A
S214183210E049280202840000FF00824433C100FF00
S2141832202008484248C22202E189024200FF84412F
S21418323033C200FF200A33FC202000FF200E78003F
S214183240227C00FF200E247C00FF20002E00BC8469
S2141832506E0A4CEE04FCFFE44E5E4E7520047209AE
S214183260E3A82045D1C0343C270F161108030003E5
S2141832706600001608030000660000085342660041
S214183280FFEA70FF60000010303C00FF321230C1B9
S21418329051C8FFFA70004A876C162D7C0019EA4D43
S2141832A000084CEE04FCFFE44E5E4EF9001952F08E
S2141832B05284609A4E56000048E73430262E00088E
S2141832C0246E000C242E00104EB9001830F220027E
S2141832D04840E04048C00200000F0000FFE03200FF
S2141832E0E149024000FF804133C000FF200C7A00FD
S2141832F04605CA832003E188024300FF864033C38D
S21418330000FF20042202E18942401002804133C0A7
S21418331000FF20063002E048220202810000FF006B
S214183320804133C000FF2008484248C22002E18886
S214183330024200FF844033C200FF200A33FC3030BC
S21418334000FF200E740047F900183150BA8266162E
S21418335033FCE7E700FF200E4CEE0C2CFFEC4E5E1D
S2141833604EF9001830F24E934A806C1A2D40000C15
S2141833702D7C0019EA6700084CEE0C2CFFEC4E5E0C
S2141833804EF9001951FE70002040D1C03232880024
S21418339033C100FF200052800C800000010066E850
S2141833A0528245EA020060A44E56000048E73800EC
S2141833B0206E0008202E0010226E000CD3C0760156
S2141833C0220992807407C4816628E689D1C1220032
S2141833D022487407B48165302200E689D1C1E7898E
S2141833E0908172007601B08166244CDF001C4E5E18
S2141833F04E754A8067F4E6892803E5AC240446022D
S214183400C5301800538060B84219518160C424032F
S214183410E3AA4602C510528160CC4E56000048E713
S2141834203C00206E0008262E000C226E0014222E59
S214183430001092837801202E001090817407C480A3
S214183440661EE688D1C07A01282E0010988170076B
S214183450B081653274007601B2826654701C601AA8
S2141834604A8167F8E688103008000280000000FFDE
S2141834702A04E5ADC085660A22834CDF003C4E5E02
S2141834804E75538160B016180C03FFFF671E740044
S2141834900283000000FF2005E5A8C0836606D882D0
S2141834A0228460D652827008B08266EA518160988B
S2141834B0700010102A03E5ADC0856606D4842282F3
S2141834C060B8528260924E560000226E0008206E37
S2141834D0000C7000123108000C01002F660642100E
S2141834E04E5E4E754A01660610BC000160F25280A8
S2141834F00C80000000FF66DC700060E44E5600008A
S2141835002F02242E00084A39001A0CF4672448792A
S214183510001A0CF54EB900195DC82E802F0248798E
S214183520001A0CF54EB900195BC64FEF000C4A800E
S21418353067444A39001A15E267404879001A15E3B5
S2141835404EB900195DC82E802F024879001A15E367
S2141835504EB900195BC64FEF000C72004A80660C15
S214183560223C000008EE0681001A0CF42001242ED6
S214183570FFFC4E5E4E75720060EC720060EE4E56A2
S21418358000002F0A2F02246E0008202A04747400E4
S2141835904A8067184AAA047866122F004EB900188F
S2141835A0ABF8588F4A806712254004782002242EDC
S2141835B0FFF8246EFFFC4E5E4E75740C60EE4E5689
S2141835C000002F0A246E0008202A0474671C222A7A
S2141835D004786716487800012F012F004EB9001896
S2141835E0A41C42AA04784FEF000C246EFFFC4E5E13
S2141835F04E754E5600002F0A246E0008202A0474B2
S214183600671E222A047867182F012F004EB9001853
S214183610AC3442AA0478508F246EFFFC4E5E4E756A
S214183620700060F44E56FFD848E73F3C246E0008FA
S2141836307A26DA8A4AAA0474670000E84AAA04783E
S21418364056C344030283000000FF47EEFFE22F0B29
S2141836502F2E000C2F054BF90018D81A4E9524005B
S2141836604FEF000C660000F62F2EFFF2486A002C6B
S2141836704EB90018598A2C002E012F0B49F900183C
S214183680D8384E944FEF000C4A83670A2F0A4EB963
S214183690001835F2588F202E0010222E001442845F
S2141836A0068101000000D1842D40FFDA2D41FFDE8F
S2141836B0202EFFDA222EFFDE92879186643070FF66
S2141836C00687FF000000DD802F0A4EB90018357EE9
S2141836D02F0B2F2E000C2F054E9528004FEF00109D
S2141836E067462F0A4EB9001835BE588F2404202E68
S2141836F00010222E00149287918664522F0A4EB913
S2141837000018357E2F0B2F2E000C2F054E952400F3
S2141837104FEF0010676A2F0A4EB9001835BE588F3B
S214183720602C42036000FF1E2F072F062F0B4EB982
S2141837300018DDF428004FEF000C672C2F0B4E9462
S214183740588F2F0A4EB9001835BE588F24044A834E
S214183750670A2F0A4EB90018357E588F20024CEE8D
S2141837603CFCFFB04E5E4E752F0B4E942800588FBB
S21418377066D02F0A4EB9001835F2588F6000FF32FF
S2141837802F2E00142F2E00102F0B4EB90018DDF414
S21418379024004FEF000C670A2F0B4E94588F6000CA
S2141837A0FF762F0B4E942400588F6600FF6A2F0A58
S2141837B04EB9001835F26000FF664E56FFEC48E723
S2141837C0383C2A6E0008266E000C246E0010262E32
S2141837D00014182E001F2F0A2F2E00182F032F0B39
S2141837E049F900180EC84E9424004FEF00106600D2
S2141837F000AE487840002F2A0010486D002C4EB9AD
S21418380000185A344FEF000C4A00670001764A0435
S214183810660000DA082D0005008B67502F0B2F0A5C
S2141838204EB900181F28508F4A80660001504878F5
S21418383010002F2A00104EB900185AEA157C0001FD
S214183840001C508F487800022F2A00104EB9001816
S21418385053A62F0B4EB90018EA12157C0001001C4F
S214183860177C0001001C4FEF000C60322F0A4878B6
S214183870000148790019E8282F0A4E9428004FEFBF
S214183880001067262F034EB900195DC82E802F0327
S2141838902F0B4EB90018148E4FEF000C240420027C
S2141838A04CEE3C1CFFD04E5E4E752F0B487800022F
S2141838B048790019E8272F0A4E9428004FEF001071
S2141838C067822F034EB900195DC82E802F032F0B61
S2141838D047F90018148E4E93487800014879001955
S2141838E0E8282F0A4E934FEF001860B0487810005B
S2141838F02F2A00104EB900185A54508F4A00666A7C
S2141839004878000248790019E8272F0A49EEFFEC94
S2141839102F0C4EB9001812804FEF00104A80665AC6
S214183920206EFFFC10AB0018116B00190001116B0C
S214183930001A0002116B001B00032F2EFFF44EB95D
S214183940001869AA2F0C2F0A4EB9001814624FEFE8
S214183950000C4A8066262F0B4EB90018EA12177C00
S2141839600001001C588F6000FF362F2B00182F0AF6
S2141839704EB900182FEA508F60D8700524006000E2
S214183980FF1E4A046600FF182F0A4EB90018EA12DE
S214183990157C0001001C60CC4E56FFA848E73F3C3B
S2141839A02A6E0008242E000C262E0010422EFFAF7A
S2141839B02F024EB9001834FC588F244042954A807E
S2141839C06700035E4A2A0026670808030006660092
S2141839D003562B430008486A00014EB900195DC803
S2141839E0588F26004AAE001C6706206E001C2080E2
S2141839F07E26DE8A49EEFFC42F0C487800022F0771
S214183A004EB90018D81A2C004FEF000C660000FAB2
S214183A104AAE00186708206E001820AEFFDC41EA90
S214183A20002C2D48FFAAD48376AF487638002F028C
S214183A3047F9001834C64E93508F2A3C00004000B1
S214183A4047EEFFE2486EFFAF2F024EB9001834C695
S214183A502800508F661670FDC0AE001466084A2EF1
S214183A60FFAF6600023E7C02600000942F002F0213
S214183A702F0C486EFFB04EB9001812802C004FEF6E
S214183A800010670000B8486EFFB02F0C4EB900182B
S214183A901462508F7002B0866664082D0006000BFC
S214183AA0675C4A2EFFAF67042C2E00142F062F0BC8
S214183AB02F074EB90018D92C2C004FEF000C663E75
S214183AC02F0B2F074EB90018D89A508F263C00187F
S214183AD0D8380C84000000FF633A48790019EA8F3A
S214183AE04EB9001952F02F0B4EB90018DA9E422E16
S214183AF0FFFE2F0B20434E904FEF000C7C162F0C1A
S214183B004EB90018D838588F20064CEE3CFCFF806B
S214183B104E5E4E7542A72F042F022F0B2F0C2F0A1E
S214183B204EB9001837BA2C004FEF0018660001FE81
S214183B302F0B20434E90588F6000FF0A4AAE00188D
S214183B406708206E001820AEFFDC206EFFC07000DD
S214183B501010E148484042407600162800014843B5
S214183B6042438083760016280002E18B86808628DA
S214183B700003082A0001008F670000D47200122A7A
S214183B800078E149484142417000102A00794840BF
S214183B90424082807000102A007AE1888081802A4C
S214183BA0007B4A8066147000102A006AE188802A12
S214183BB0006B0C4000046300009010280007028079
S214183BC0000000FF2F004EB90018D8FE2A00588FA4
S214183BD0486EFFB02F0C4EB9001814622C00508F88
S214183BE06600FF1C0C850000400067084A2EFFAFD1
S214183BF06700FE744AAE00146600008A2F0C4EB991
S214183C000018D8382C00588F6600FEF42F0C2F0397
S214183C102F074EB90018D81A2C004FEF000C660064
S214183C20FEDE4A2EFFAF667A204241F0480124088D
S214183C304AAE001C6700FE0E206E001C2010528034
S214183C40D08420806000FDFE42006000FF722F0BBB
S214183C502F032F074EB90018D81A2C004FEF000C58
S214183C606600FE9C2F2EFFF22F2EFFAA4EB90018C4
S214183C70596C2A002F0B4EB90018D8384FEF000C85
S214183C806000FF4E2F2E00144EB90018D8FE588F1D
S214183C90B0856700FF684A2EFFAF6700FF606000B8
S214183CA0FDC647F90018D8384A2EFFAF6768082DA2
S214183CB00001000A67280C8500008000662042A7CD
S214183CC042A72F2EFFDC2F0A4EB9001836242C00D8
S214183CD04FEF001067082F0C4E936000FE2A2A8AB2
S214183CE02F2EFFD42F2EFFAA4EB90018598A2B4014
S214183CF0000C2B4100102B6EFFDC000442AD0014A4
S214183D0042AD0018508F082D0002000A67082B4095
S214183D1000142B4100182F0C4E932C006000FDE861
S214183D207C026000FDE47C1E6000FDDE2F0B4EB9A1
S214183D300018DA9E422EFFFE2F0B20434E90508F0F
S214183D406000FDBC4E56000048E73E202C2E000CA6
S214183D50242E0010182E00172F064EB9001834FC03
S214183D60588F2A004A826700011A48790019FD30D0
S214183D702F0245F9001957484E92508F4A8067000F
S214183D80019848790019EA982F024E92508F4A8067
S214183D906700018648790019E8162F024E92508F50
S214183DA04A806700015448790019EA9B2F024E9200
S214183DB0508F4A806700014248790019E6552F024D
S214183DC04E92508F4A806700016248790019EA9E21
S214183DD02F024E92508F4A806700012E487900199C
S214183DE0EAA12F024E92508F4A80670001544879F4
S214183DF00019EAA42F024E92508F4A8067000128B5
S214183E0048790019EAA82F024E92508F4A80670008
S214183E10013048790019EAAC2F024E92508F4A802A
S214183E20670000EE48790019EAAF2F024E92508FBD
S214183E304A806700011E48790019EAB32F024E928D
S214183E40508F4A806700010C48790019EAB72F028C
S214183E504E92508F4A806700010A48790019EABACC
S214183E602F024E92508F4A80670000F84879001942
S214183E70EABE2F024E92508F243C000004424A801D
S214183E80677C48790019EAC24EB9001952F0588F63
S214183E9074166044347C00017640C682670A2F0583
S214183EA04EB90018357E588F2F2E001C2F2E00184E
S214183EB02F0A2F022F062F2E00084EB900183998F1
S214183EC024004FEF00184A83670E4A8066162F059F
S214183ED04EB9001835F2588F20024CEE047CFFE8D5
S214183EE04E5E4E752F054EB9001835BE60E8764002
S214183EF0C682347C000160A6243C000002414A04B5
S214183F0066EC347C00026090243C0000044160EEAD
S214183F10243C0000024260E674004A0467E4760017
S214183F20347C00016082740260F0243C0000044176
S214183F304A046600FF607640347C00026000FF602A
S214183F4074024A046600FF4E7600347C0002600055
S214183F50FF58243C000002427640C6824A04669205
S214183F6060D6243C0000044260EE4E56000048E737
S214183F702030242E0008246E000C6706B4FC0000BF
S214183F80661C4878007648790019EACB48790019F3
S214183F90E8D34EB9001951FE4FEF000C60FE2F0AF9
S214183FA04EB900195DC8588F7220B28065322F0A34
S214183FB04879001A1ED047F9001957484E93508F63
S214183FC04A80676C2F0A4879001A1EF64E93508F4F
S214183FD04A80675C4AB9001A1EF2661E7000602690
S214183FE048790019EADC4EB9001952F0588F701645
S214183FF04CEE0C04FFF44E5E4E75701C4AB9001A4F
S2141840001F1866EC70012F0A2440D5C0D5CAD5C033
S214184010D5CAD5CA95C0D5CAD5FC001A1ED02F0A3F
S2141840204EB900195DB425420022508F700060C04A
S214184030701160BC4E56000048E73C3C262E00081F
S214184040266E000C242E0010B6FC000067044A8367
S214184050661C4878017848790019EACB487900191F
S214184060E8D34EB9001951FE4FEF000C60FE2F0B27
S2141840704EB900195DC8588F7220B280641C4879F2
S2141840800019EAE44EB9001952F0588F7616200334
S2141840904CEE3C3CFFE04E5E4E750C33002F08FF8E
S2141840A067067679460360E64879001A1ED02F030D
S2141840B045F9001957484E92508F4A80670000CA33
S2141840C04879001A1EF62F034E92508F76134A80A0
S2141840D066BC72012001D081D080D081D080D0807B
S2141840E09081D0802040D1FC001A1EF22850B8FCCF
S2141840F00000670001344BF9001A0CF44A156700E3
S214184100008E2F0B4879001A0CF54E92508F260009
S2141841106700FF7C4A39001A15E26676720120019C
S214184120E788D0812800EF8C9880D8842F0B20043D
S2141841300680001A0CF52F004EB900195DB42A0433
S2141841400685001A0CF42F0C4EB900188478260031
S2141841504FEF000C6600FF382644D7FC001A0D1ADD
S21418416072004601C2822F012F0C2F0B4EB9001871
S214184170CAB026004FEF000C67302F0C4EB9001847
S21418418085D8588F6000FF0872006000FF487200DC
S214184190608C2F0B4879001A15E34E92508F260024
S2141841A06700FEEC760C6000FEE6243C0000040077
S2141841B0204520280044E1AA2F022F0C4EB90018DB
S2141841C0856A2444D5FC001A15BC2F0248780008C6
S2141841D02F0A4EB90018F43C26004FEF0014669AC2
S2141841E02045B4A808CC6600FEBA2F0A2F0C4EB984
S2141841F0001885282600508F67202F0A4EB90018F9
S214184200F95A2F0C4EB9001885D82F0A4EB900182F
S214184210F4A24FEF000C6000FE76294B00281BBC5A
S214184220000148006000FE6876136000FE624E5675
S214184230000048E72030242E000C2F024EB9001834
S21418424034FC588F24404A806762206A0022B0FCEB
S2141842500000670420504E90487800012F2A002846
S21418426047F900188E9E4E9342A742A74878000139
S2141842702F2E00102F022F2E00084EB900183D447E
S21418428024004FEF001C42972F2A00284E93206ACE
S2141842900022508FB0FC00006706206800044E907D
S2141842A020024CEE0C04FFF44E5E4E75740260F05D
S2141842B04E560000206E0008B0FC000067044A90B6
S2141842C0661C4878064848790019EACB48790019D8
S2141842D0E8D34EB9001951FE4FEF000C60FE42901D
S2141842E042A8000842A8000442A8000C42A80010E1
S2141842F042A8001442A8001870004E5E4E754E561E
S214184300FF8848E73F3C246E0008242E0010266ECF
S2141843100014B4FC000067082052B0FC0000661CAD
S214184320487806A548790019EACB48790019E8D3E1
S2141843304EB9001951FE4FEF000C60FE082A000017
S214184340000B6600045A4A826700045A2068002246
S214184350B0FC0000670420504E902A5241ED00260B
S214184360B6FC000067024293486EFFE22F2A00044C
S2141843702F084EB90018D81A2C004FEF000C671EDD
S214184380205220680022B0FC00006706206800044F
S2141843904E9020064CEE3CFCFF604E5E4E7549ED86
S2141843A0002C2F2EFFF22F0C4EB90018598A2540D4
S2141843B0000C254100107C001C2D0044E14E484698
S2141843C042467A001A2D0045484542458A867800A6
S2141843D0182D0046E18C8885882D0047263C00005D
S2141843E00400E9AB2D43FFCA2D6A0014FF8A2D6A14
S2141843F00018FF8E2D42FFC642AEFFC226002801C7
S2141844002A2EFF8A98AEFF8E9785508F2C2EFFC2C5
S2141844102E2EFFC69E849D836306240194AEFF8EBF
S2141844202D6EFFCAFFD242AEFFCE263C0019CEC470
S2141844302F2EFFD22F2EFFCE2F2EFF8E2F2EFF8A37
S21418444020434E904FEF00102E012C012D42FFBE38
S21418445042AEFFBA2F2EFFD22F2EFFCE282EFFBA2F
S2141844602A2EFFBE202EFF8ADAAEFF8ED9802F05A1
S2141844702F0420434E904FEF00102D41FFC22F2ED1
S214184480FFD22F2EFFCE2F2EFF8E2F2EFF8A4EB93D
S2141844900019D4244FEF00102D40FFBA2D41FFBE4F
S2141844A026012F3C0000A0002F2EFFF22F0C4EB92D
S2141844B000185A344FEF000C4A0067000096202A5E
S2141844C0000C222A001042847A3B9285918462005E
S2141844D000822F2EFFF22F0C4EB9001853BE508FA5
S2141844E02A008A81666C307C0028D1EEFFF2202ADA
S2141844F0000C222A00102C2A00142E2A00189E813E
S2141845009D8065187C00486EFFE24EB90018D838B2
S214184510205220680022588F6000FE6C2242D3EE8C
S214184520FFBEB2896406240194AEFFBE2F02262E63
S214184530FFBA282EFFBE487048002F2E000C4EB922
S21418454000195DDC4FEF000CB6FC000067B626823B
S21418455060B24A8367000160262EFFCA96AEFFBE79
S214184560B4836402260248780001486EFFDA2F07E3
S214184570486EFFE24EB90018E22C2C004FEF0010E0
S2141845806684202EFFDA222EFFDE28008881670038
S21418459001102F032F2E000C2F012F002F2EFFD2C5
S2141845A02F2EFFCE4EB90019CDD04FEF00102A2E61
S2141845B0FFBA2C2EFFBEDC81DB802F062F0520527B
S2141845C02F2800284EB900188CD42C004FEF001452
S2141845D06600FF342A2E000CDA8394832D43FFB628
S2141845E042AEFFB2202EFFB2222EFFB6D3AA001874
S2141845F0282A0014D98025440014B6FC0000670247
S214184600D7932C075286700091C893C94BEEFFE2D9
S214184610B4AEFFCA640000A84A826700FEE848786D
S2141846200001486EFFDA2F06486EFFE24EB90018F2
S214184630E22C2C004FEF00106600FECC2F022F0540
S2141846402F2EFFDE2F2EFFDA2F2EFFD22F2EFFCE85
S2141846504EB90019CDD04FEF000C2E812F002052E6
S2141846602F2800284EB900188CD42C004FEF0014B1
S2141846706600FE942D42FF9E42AEFF9A262EFF9AA3
S214184680282EFF9ED9AA00182A2A0014DB8325454F
S2141846900014B6FC00006700FE6CD5936000FE6838
S2141846A02F0342A72F2E000C4EB900195E4C4FEF61
S2141846B0000C6000FF202A2E000C6000FF4A280617
S2141846C090862D40FFD6262EFFD6D684B8AEFFC2CB
S2141846D0646648780001486EFFDA2F042F0D2D48BF
S2141846E0FF962D49FF924EB90018E22C2C004FEF7A
S2141846F00010206EFF96226EFF926600FE0A528405
S214184700B0FC0000660EB2FC00006608206EFFDAE9
S214184710226EFFDE2D43FFAE42AEFFAA202EFFAA62
S214184720222EFFAE2C08D289D1862C2EFFDA2E2EFA
S214184730FFDE9E819D80678E2F032F092F082F0579
S21418474020522F2800284EB9001886A42C004FEFA8
S21418475000146600FDB22F032F2EFFCA4EB900199B
S214184760C1D4508F9480DA802D40FFA642AEFFA2A7
S2141847702C2EFFA22E2EFFA6DFAA0018222A00141F
S214184780D38625410014B6FC00006702D193206E2C
S214184790FFDA226EFFDE70012C046000FE747C01C6
S2141847A06000FBF07C006000FBEA4E56FF9048E77E
S2141847B03F3C246E00082A6E000C242E0010266E2D
S2141847C00014B4FC000067082052B0FC0000661CF9
S2141847D04878074548790019EACB48790019E8D38C
S2141847E04EB9001951FE4FEF000C60FE4A280026FD
S2141847F0660004544A826700045420680022B0FCFD
S2141848000000670420504E902F124EB90018357EBF
S214184810285241EC0026588FB6FC000067024293D7
S214184820486EFFE22F2A00042F084EB90018D81A2F
S21418483026004FEF000C67282F124EB9001835BE09
S214184840205220680022588FB0FC000067062068A7
S21418485000044E9020034CEE3CFCFF684E5E4E75EE
S2141848602F2EFFF2486C002C4EB90018598A2C00CF
S2141848702E012540000C254100107600162C004409
S214184880E14B484342437000102C004548404240D4
S21418489086807000102C0046E1888083802C0047A4
S2141848A0223C00000400E1A92D41FFC22D6A001425
S2141848B0FF962D6A0018FF9A2D41FFD242AEFFCE02
S2141848C02A02780049F90019CEC42F2EFFD22F2EAF
S2141848D0FFCE202EFF96222EFF9AD285D1842F0146
S2141848E02F004E944FEF00102D41FF9E2F2EFFD213
S2141848F02F2EFFCE2F2EFF9A2F2EFF964E944FEF69
S214184900001026012D41FFD6202EFFCE222EFFD2D4
S2141849104284538191842F2EFFD22F2EFFCE28004B
S2141849202A01DA87D9862F052F044E944FEF0010E8
S2141849302D41FF922F2EFFD22F2EFFCE2F2EFF9A0D
S2141849402F2EFF964EB90019D42428002A014FEFAF
S21418495000184A85670000CE2C2EFFC29C85B486A8
S21418496064022C02486EFFDA2F03486EFFE24EB937
S2141849700018E4784FEF000C4A80660001C82F062E
S2141849802F0D2F2EFFDE2F2EFFDA2F2EFFD22F2ED3
S214184990FFCE4EB90019CDD04FEF0010D285D18476
S2141849A02F012F0020522F2800284EB900188B06EA
S2141849B04FEF00144A806600018C260DD686948622
S2141849C02D46FFBE42AEFFBA282EFFBA2A2EFFBECD
S2141849D0DBAA00182E2A0014DF8425470014B6FC1C
S2141849E000006702DD9352AEFFD6487800012052C9
S2141849F02F2800284EB900188E9E508F4A806600C1
S214184A00014442AEFFC642AEFFCA780049EEFFE246
S214184A104BEEFFDAB4AEFFC2650001602E3C0018FC
S214184A20E49A605A260D60C2B0AEFF92645E2F0DEF
S214184A302F002F0C4EB90018E4784FEF000C4A8060
S214184A406600010252AEFFD6202EFFC680AEFFCA01
S214184A50670001182D44FFB642AEFFB2202EFFB2F3
S214184A60222EFFB62A2EFFC6D2AEFFCAD1852A2E10
S214184A70FFDA2C2EFFDE9C819B80660C5284202E3B
S214184A80FFD6B0AEFF9E65A07A006014486EFFD6BB
S214184A902F0D2F0C20474E902A004FEF000C67A4BE
S214184AA02F042F2EFFCA2F2EFFC62F0320522F2873
S214184AB000284EB9001887582C004FEF00146600CF
S214184AC000BC2F2EFFC22F044EB90019C1D4508F28
S214184AD09480D6802D40FFAE42AEFFAA2C2EFFAA99
S214184AE02E2EFFAEDFAA0018222A0014D3862541E0
S214184AF00014B6FC00006702D1932D6EFFDAFFC6CD
S214184B002D6EFFDEFFCA78014A856700FF08202A47
S214184B100014222A00182C2A000C2E2A00109E8117
S214184B209D8064202540000C254100102F012F0081
S214184B302F2EFFF24EB9001851D21D7C0001FFFE31
S214184B404FEF000C486EFFE24EB90018D838260012
S214184B50588F670000E62F124EB9001835BE588FCA
S214184B602052206800226000FCE02D6EFFDAFFC697
S214184B702D6EFFDEFFCA6000FEDC7C0042A72052C6
S214184B802F2800284EB900188E9E508F4A8666B475
S214184B904A826700FF7A202EFFD641EEFFE243EEE8
S214184BA0FFDAB0AEFF9264782F092F002F084EB99F
S214184BB00018E4784FEF000C4A8066882F022F03FF
S214184BC02F2EFFDE2F2EFFDA2F2EFFD22F2EFFCE00
S214184BD04EB90019CDD04FEF000C2E812F00205261
S214184BE02F2800284EB900188B064FEF00144A805D
S214184BF06600FF522D42FFA642AEFFA2262EFFA247
S214184C00282EFFA6D9AA00182A2A0014DB832545C1
S214184C100014B6FC00006700FEF6D5936000FEF0A0
S214184C20486EFFD62F092F084EB90018E49A4FEF92
S214184C30000C4A806600FED860822F124EB9001803
S214184C4035F26000FF1A761E6000FC0A76006000D7
S214184C50FC044E56000048E73C00206E0008202E44
S214184C60000C222E0010226E00147401B489674AB4
S214184C7062107602B6896700009648790019EB0824
S214184C8060184A806B0E2828000C2A2800109A8173
S214184C909980641248790019EAED4EB9001952F055
S214184CA0588F7016600A21400014214100187000B1
S214184CB04CEE003CFFF04E5E4E754A806A26240085
S214184CC0260144834082282800142A2800189A832C
S214184CD099826532D3A800182A280014DB8021454B
S214184CE0001460CA2A008A8167EA2428000C26283D
S214184CF000102828001496A80018958428022A035D
S214184D009A81998064CE48790019EAF6608C4A80B0
S214184D106B122428000C2628001028022A039A81D1
S214184D209980640A48790019EAFF6000FF6E280225
S214184D302A039A819980214400142145001860009E
S214184D40FF6E4E560000206E00082028000C222801
S214184D5000104E5E4E754E56FFC448E72038242E77
S214184D600008286E000C2F024EB9001834FC588F15
S214184D7024404A8067000092206A0022B0FC000097
S214184D80670420504E9042A742A742A742A72F0278
S214184D90486EFFC64EB90018399824004FEF001811
S214184DA0671C206A0022B0FC000067062068000412
S214184DB04E9020024CEE1C04FFB44E5E4E7547EE25
S214184DC0FFE22F0B2F2EFFCA486A00264EB900188E
S214184DD0D81A24004FEF000C66C8B8FC0000670409
S214184DE028AEFFCA4878009C2F2EFFF22F2E0010F0
S214184DF04EB900195DDC2F0B4EB90018D838206A4A
S214184E0000224FEF0010609E740260A64E56FFFCFC
S214184E1048E72030266E0008242E000C2F024EB9C4
S214184E20001834FC588F24404A806752206A0022A3
S214184E30B0FC0000670420504E9042A742A742A735
S214184E4048790019FD302F022F0B4EB900183D4433
S214184E5042AB012442AB0128206A00224FEF00180B
S214184E60B0FC0000670E206800042D40FFFC4E9032
S214184E70202EFFFC4CEE0C04FFF04E5E4E757002B2
S214184E8060F24E5600004E5E4EF9001842B04E566E
S214184E90FFC048E73C3C246E0008205220680022D9
S214184EA0B0FC0000670420504E90202A0124222AC5
S214184EB0012874FF76FF92839182661E205220681E
S214184EC00022B0FC00006706206800044E907000B0
S214184ED04CEE3C3CFFA04E5E4E754BEEFFC22F0DBF
S214184EE02F2A00047626D6922F034EB90018D81A01
S214184EF04FEF000C4A80662C2F2A01282F2A0124EF
S214184F002F0D74E0D48E2F024EB900180AAE4FEF4C
S214184F100010263C0018D8384A80670E2F0D2043FC
S214184F204E90588F97CB600001327A24DA8A4878E8
S214184F3000FF42A72F054EB900195E4C286EFFFCDD
S214184F4026524244182C00067200122B0078E149AB
S214184F50484142417000102B0079484042408280F8
S214184F607000102B007AE1888081802B007B4FEF31
S214184F70000C4A80661C7000102B006AE188802B93
S214184F80006B0C400004620A7000102C0007E188C1
S214184F9088403F044267486C00082F054EB9001930
S214184FA05DDC72001214E149484142417000102C31
S214184FB000014840424082807000102C0002E188B0
S214184FC08081802C00032540001C7000102C0004E3
S214184FD0E188802C00053540002015440022720018
S214184FE0122B0078E149484142417000102B007995
S214184FF04840424082807000102B007AE1888081F9
S214185000802B007B4FEF000C4A8066127000102B26
S214185010006AE188802B006B0C4000046354102C47
S21418502000071540002347EA001C2F024EB9001847
S2141850300AE6588F4AAEFFFC673C202EFFF4222E55
S214185040FFF825400124254101282F024EB90018E3
S2141850500B662F0D20434E90508F2052206800224A
S214185060B0FC00006706206800044E90200B600015
S214185070FE60420060AC70FF72FF60C64E560000BD
S2141850802F0A2F02206E000C2248D3EE0010202E76
S214185090000845F90019EF12B1C96608241F245FE5
S2141850A04E5E4E7572001218B18174004602C282A6
S2141850B0D281D281E08822321800B38060DA4E5648
S2141850C000002F0A2F02206E000C2248D3EE001084
S2141850D0202E000845F90019EB12B1C96608241FDE
S2141850E0245F4E5E4E7572001218B1817400460227
S2141850F0C282D281D281E08822321800B38060DA68
S2141851004E5600002F02226E0008206E000C70000B
S2141851101010E18880280001740014290048E14A1C
S214185120484242427200122900494841424184814D
S21418513072001229004AE18982828229004B740182
S214185140B4816612720012280076E18982280077E8
S214185150484142418081241F4E5E4E754E560000CF
S2141851602F02226E0008206E000C222E001010AEA1
S214185170001211410001740014290048E14A4842FF
S214185180424270001029004948404240848070000E
S2141851901029004AE18880828029004B7401B48067
S2141851A066122001424048402200E08911410076EC
S2141851B011400077241F4E5E4E754E560000206E26
S2141851C00008116E000E0002116E000F00034E5EEE
S2141851D04E754E5600002F02206E0008202E000C2A
S2141851E0222E0010240142424842E04A114200048E
S2141851F0240142424842114200052401E08A114225
S214185200000611410007220042414841E049114179
S214185210006C2200424148411141006D2200E0898D
S2141852201141006E1140006F241F4E5E4E754E568B
S2141852300000226E0008206E000C70001028007CFB
S214185240E1888028007D720012290058E189822999
S21418525000590C4100806312720012280082E189FE
S214185260822800834841424180814E5E4E754E56D4
S2141852700000226E0008206E000C720012290058DA
S214185280E18982290059202E0010116E0012007C28
S2141852901140007D0C4100806310424048402200B7
S2141852A0E08911410082114000834E5E4E754E56BD
S2141852B00000206E0008202E000C220042414841B3
S2141852C0E0491141000822004241484111410009B5
S2141852D02200E0891141000A1140000B4E5E4E75FF
S2141852E04E560000206E0008202E000C2200424168
S2141852F04841E0491141000C220042414841114101
S214185300000D2200E0891141000E1140000F4E5E7C
S2141853104E754E560000206E0008202E000C2200F7
S21418532042414841E049114100102200424148419B
S214185330114100112200E08911410012114000139A
S2141853404E5E4E754E560000206E0008202E000C3D
S214185350220042414841E0491141001422004241CE
S2141853604841114100152200E089114100161140EC
S21418537000174E5E4E754E560000206E0008116ED1
S214185380000E0018116E000F00194E5E4E754E5620
S2141853900000206E000870001028001AE188802887
S2141853A0001B4E5E4E754E560000206E0008116E9D
S2141853B0000E001A116E000F001B4E5E4E754E56EC
S2141853C000002F032F02226E0008206E000C7000BB
S2141853D01028001CE1484840424072001228001D60
S2141853E048414241808172001228001EE18982805D
S2141853F08228001F26017400082900030067676EBC
S214185400700010280074E188240084280075082885
S214185410000200216758720012290018E149484115
S214185420424170001029001948404240828070009E
S2141854301029001AE18880818029001B223C000070
S2141854400400E1A92001307C000822085281E28875
S2141854500C800000010062264868FFF82F032F0210
S2141854604EB90019CE844FEF000C240026012002F6
S2141854702203242EFFF8262EFFFC4E5E4E75204182
S21418548060C84E56000048E73020206E0008246E8C
S214185490000C202E0010222E0014428276FF9681D1
S2141854A09580657A200142404840E0481540001C27
S2141854B02001424048401540001D2001E088154054
S2141854C0001E1541001F422A0074422A00757200F9
S2141854D0122A0020E149484142417000102A002152
S2141854E04840424082807000102A0022E18880815D
S2141854F0802A0023220008810012240142424842D2
S214185500E04A154200202401424248421542002132
S214185510E0891541002215400023700060180828FD
S21418552000030067661A48790019F3124EB9001975
S21418553052F0588F70164CEE040CFFF44E5E4E75F3
S2141855407400464276FF9681958065322401424261
S2141855504842E04A1542001C24014242484215427D
S214185560001D2401E08A1542001E1541001F320056
S214185570E04915410074154000756000FF5276002A
S21418558016280018E14B48434243740014280019A3
S21418559048424242868274001428001AE18A84839C
S2141855A08428001B263C00000400E5AB307C00086D
S2141855B043E80001E28B0C830000010062000092B1
S2141855C07600162A0020E14B484342437400142AFA
S2141855D000214842424286827400142A0022E18A38
S2141855E08483842A002308C20012260242434843B2
S2141855F0E04B15430020260242434843154300213A
S2141856002602E08B15430022154200234868FFF84F
S2141856102F012F004EB90019CE444FEF000C24016D
S21418562042424842E04A1542001C2401424248427F
S2141856301542001D2401E08A1542001E1541001F60
S2141856403200E04915410074154000756000FECC24
S21418565020496000FF5C4E560000206E0008202E81
S214185660000C220042414841E04911410020220026
S21418567042414841114100212200E089114100228F
S214185680114000234E5E4E754E560000206E0008E0
S214185690720012280064E1494841424170001028FF
S2141856A00065484042408280700010280066E188F5
S2141856B08081802800674E5E4E754E560000206E1C
S2141856C00008202E000C220042414841E0491141B2
S2141856D00064220042414841114100652200E089D9
S2141856E011410066114000674E5E4E754E5600001A
S2141856F0226E0008206E000C222E00107000102952
S2141857000058E188802900590C400080630C30014D
S214185710E04811400080114100814E5E4E754E568D
S21418572000002F02206E0008226E000C7000102851
S2141857300068E14848404240720012280069484113
S2141857404241808172001228006AE189828082288C
S214185750006B740014290048E14A4842424270001F
S2141857601029004948404240848070001029004A99
S214185770E18880828029004B4A80661270001028C3
S2141857800076E18880280077484042408280700082
S214185790241F4E5E4E754E5600002F02206E0008CF
S2141857A0226E000C242E0010202E001422004241D7
S2141857B04841E049114100682200424148411141E0
S2141857C000692200E0891141006A1140006B7200DE
S2141857D012290048E1494841424170001029004901
S2141857E048404240828070001029004AE188808133
S2141857F08029004B4A80660C3002E048114000763B
S21418580011420077241F4E5E4E754E5600002F022A
S214185810206E0008720AD2AE000CD281D2817400B3
S21418582014301800E14A48424242700010301801FD
S214185830484042408480700010301802E188808208
S21418584080301803241F4E5E4E754E5600002F02E9
S214185850206E0008222E0010700AD0AE000CD080E1
S214185860D080240142424842E04A118208002401AE
S21418587042424842118208012401E08A1182080235
S21418588011810803241F4E5E4E754E5600002F02D7
S214185890206E00087216D2AE000CD281D281740027
S2141858A014301800E14A484242427000103018017D
S2141858B0484042408480700010301802E188808288
S2141858C080301803241F4E5E4E754E5600002F0269
S2141858D0206E0008222E00107016D0AE000CD08055
S2141858E0D080240142424842E04A1182080024012E
S2141858F042424842118208012401E08A11820802B5
S21418590011810803241F4E5E4E754E5600002F0256
S214185910206E0008720012280028E14948414241CA
S21418592070001028002948404240828070001028D5
S214185930002AE18880818028002B74001428002C07
S214185940E14A4842424272001228002D484142411C
S214185950848172001228002EE18982828228002F04
S2141859604A8066022001241F4E5E4E754E56000071
S2141859702F2E000C2F2E00084EB900185100508FED
S21418598002800000F0004E5E4E754E56000048E746
S2141859903020206E0008246E000C7200122A0004B4
S2141859A0E149484142417600162A000548434243D9
S2141859B082837600162A0006E18B8681862A0007DF
S2141859C0740072001228004CE149484142417000A8
S2141859D01028004D48404240828070001028004E23
S2141859E0E18880818028004F4A80673A2F0A2F085E
S2141859F04EB90018596C508F0C800000800066262F
S214185A007000102A006CE148484042407400142A7E
S214185A10006D4842424280827400142A006EE18A61
S214185A208480842A006F200222034CEE040CFFF4B4
S214185A304E5E4E754E5600002F2E000C2F2E000868
S214185A404EB90018596C508FB0AE001057C04400AD
S214185A504E5E4E754E560000206E000872001228D4
S214185A600020E14948414241700010280021484072
S214185A7042408280700010280022E18880818028A9
S214185A800023C0AE000C56C044004E5E4E754E56EF
S214185A900000206E0008720012280020E1494841D4
S214185AA04241700010280021484042408280700011
S214185AB010280022E188808180280023222E000CDE
S214185AC04681C081220042414841E04911410020E8
S214185AD0220042414841114100212200E08911412B
S214185AE00022114000234E5E4E754E560000206E62
S214185AF00008720012280020E1494841424170000F
S214185B001028002148404240828070001028002249
S214185B10E18880818028002380AE000C2200424154
S214185B204841E049114100202200424148411141B4
S214185B3000212200E08911410022114000234E5E08
S214185B404E754E560000206E000C7000102800236C
S214185B507230C081662C2F082F2E00084EB90018F8
S214185B60596C508F0C8000008000671A0C8000005B
S214185B70400067120C800000A00057C044004E5E1C
S214185B804E75420060F8700160F44E56000070289A
S214185B90D0AE00084E5E4E754E56000048E73E20C2
S214185BA0246E0008242E000C206E0010202E0014E0
S214185BB02202E189260248434243828382822602D1
S214185BC0E14B484342438283B08264022400260194
S214185BD07A00BA826D1C22405989B2FC00006D0406
S214185BE02083588851804A806C504CDF047C4E5E67
S214185BF04E754AAE00186738780018325800224496
S214185C007803C88566022601E18BD68928050284A2
S214185C10800000036C0853847CFC888652847C03BE
S214185C20BC8466082083598026015888528560A24D
S214185C30183258004884324460C620C1598060A67D
S214185C404E56FFC448E73F3C266E000C202E001028
S214185C50242E00144AAE0008670004A64AAE0018A0
S214185C606700049E2D4BFFC8220B53810C81000041
S214185C7000FE6200046C2D7C67452301FFD02D7C46
S214185C80EFCDAB89FFD42D7C98BADCFEFFD84A80BE
S214185C9066282D7C10325476FFDC7005B0826500BD
S214185CA004402002D080303B08064EFB000200FE5F
S214185CB0042C00F600FC01560022487800102F002D
S214185CC0486EFFD04EB900195DDC4FEF000C60CA65
S214185CD0780145EEFFE049F900185B982F044878DC
S214185CE000102F0A2F0B202EFFC8908B206E00084E
S214185CF0487008004E94226EFFD0222EFFD42D6EC8
S214185D00FFE0FFCC2E2EFFE42C2EFFE82D6EFFECC6
S214185D10FFC44FEF001420092601207C9E3779B95E
S214185D202403E98AD4AEFFCC4BF038002A0DBB8288
S214185D302A03EA8D2A45DBC72A0DBB82D0822400A7
S214185D40E98A2A42DBC62400EA8AD4AEFFC42A0DA2
S214185D50BB824BF008002A0DBB82D682D1FC9E3738
S214185D6079B9B1FC81AF154966B6D0892D40FFD0F8
S214185D70D2832D41FFD447EBFFF0B6FC00006E002F
S214185D80FF5C78FEC084B880660270FC206E00182F
S214185D9020804AAE001C6706206E001C208170000A
S214185DA06000035478006000FF2A7401246E00080F
S214185DB0284A76002A3C37ABE8F9283C12A3FE2D71
S214185DC04BF90019C1D44A82673070001014528CEF
S214185DD02F3C006D22F52F004E95508FB980D08538
S214185DE06A0606808000000152832A04B68B66066F
S214185DF0D0807200608C280060CC1012488048C092
S214185E00528A60CC347C00014BEEFFE049F900184A
S214185E105B982F0A487800202F0D2F0B202EFFC8CE
S214185E20908B206E0008487008004E942C2EFFD4D5
S214185E30242EFFD82E2EFFDC222EFFD0D2AEFFE067
S214185E402002BF80C086BF80D081E798222EFFE44C
S214185E50D2872A06B585CA80B585DA81EF9D222EA7
S214185E60FFE8D2822806B184C885BD84D881720B13
S214185E70E3BC222EFFECD2862600BB83C684B183F1
S214185E80D681720DE2BB222EFFF0D2802005B98093
S214185E90C083BB80D081E798206EFFF4D1C522045A
S214185EA0B781C280B9812A01DA88EF9D206EFFF883
S214185EB0D1C42203B181C285B7812801D888720B54
S214185EC0E3BC226EFFFC41F138002200BB81C2847D
S214185ED0B1812601D688720DE2BB222EFFE4068118
S214185EE05A827999D0812D40FFCC22058284C283AC
S214185EF02005C0848280D2AEFFCCE799202EFFEC16
S214185F0006805A827999D0852D40FFCC2A048A8338
S214185F10CA812004C0838A80DAAEFFCCEB9D202E7F
S214185F20FFF406805A827999D0842D40FFCC280336
S214185F308881C8852003C0818880D8AEFFCC7009B8
S214185F40E1BC200906805A827999D0832D40FFCC6F
S214185F5026018685C6842001C0858680D6AEFFCCED
S214185F60700DE1BB202EFFE006805A827999D08109
S214185F702D40FFCC22058284C2832005C0848280EF
S214185F80D2AEFFCCE799202EFFE806805A82799980
S214185F90D0852D40FFCC2A048A83CA812004C0836A
S214185FA08A80DAAEFFCCEB9D202EFFF006805A8250
S214185FB07999D0842D40FFCC28038881C885200382
S214185FC0C0818880D8AEFFCC7009E1BC202EFFF8BF
S214185FD006805A827999D6802D43FFCC2001808579
S214185FE0C0842601C6858083262EFFCCD680700DE9
S214185FF0E1BB202EFFEC06806ED9EBA1D2802005DF
S214186000B980B780D280E799200906806ED9EBA1AF
S214186010DA802004B780B380DA807009E1BD202EBC
S214186020FFE806806ED9EBA1D8802003B380BB802A
S214186030D084780BE9B8206EFFF8D1FC6ED9EBA1A6
S214186040D6882801BB84B184D684780FE9BB282E5D
S214186050FFE406846ED9EBA1D2842805B184B784F0
S214186060D881E79C222EFFF406816ED9EBA1DA813F
S2141860702200B781B981DA817209E3BD222EFFE0CA
S21418608006816ED9EBA1D0812203B981BB81D2805B
S214186090700BE1B9202EFFF006806ED9EBA1D680E2
S2141860A02004BB80B380D083D8AEFFD02D44FFD059
S2141860B0760FE7B8D0862D40FFD4D2822D41FFD870
S2141860C0DE852D47FFDC47EBFFE04FEF0014B6FCEC
S2141860D000006E00FD3E6000FCAA95CA6000FD2A0E
S2141860E0206E00184290707946004AAE001C67066B
S2141860F0206E001C42904CEE3CFCFF9C4E5E4E758B
S21418610070FF60F24E5600002F0A2F02206E00080D
S214186110700010280028E1484840424074001428AF
S214186120002948424242808274001428002AE18AD4
S21418613084808428002B48780010486800684878BF
S214186140FFFF45F9001850BE4E925E82E68A2F026F
S2141861502F2E000C2F004E92242EFFF8246EFFFCD4
S2141861604E5E4E754E56000048E72030246E0008E6
S214186170266E000C7400142A00FEE18A842A00FF9A
S214186180082A0002006667382F2E00102F0A4EB90C
S21418619000186104508F082A00020066672AB06B40
S2141861A0001A66200C420040661E42404840B06BFB
S2141861B0003A57C044004CEE0C04FFF44E5E4E7581
S2141861C0700060D2420060EE700160EA4E56000021
S2141861D048E72030246E0008266E000C7400142A37
S2141861E000FEE18A842A00FF082A00020066673249
S2141861F02F2E00102F0A4EB900186104508F082A47
S2141862000002006667123740001A0C420040660803
S214186210424048403740003A4CEE0C04FFF44E5EBD
S2141862204E75700060D84E56FFD048E73E3C246E38
S2141862300008162E00132C2E000C538649EEFFE28B
S2141862402F0C7200122A002EE14948414241700074
S214186250102A002F4840424082807000102A0030D2
S214186260E1888081802A00312F002F064EB9001948
S214186270C1F8588F2E802F0A4EB90018CC5C24000F
S2141862804FEF000C66000126266EFFF22A2B00043C
S21418629078007000102A0104E188802A01050C4055
S2141862A000206304282B00242F052F044BEEFFD262
S2141862B02F0D2F2A00024EB900186A0A24004FEF35
S2141862C00010660000E8240A5C822F2EFFDE2F0BD3
S2141862D02F024EB9001861644FEF000C4A00665240
S2141862E04EB9001804220800000A674648790019B3
S2141862F0F31A48790019E903283C001951FE20447E
S2141863004E90487800B948790019E90620444E900E
S2141863102F2EFFFA48790019F32820444E9020793A
S214186320001A0A4E2F2800084EB9001949EA4FEFEE
S214186330001C7200122A002EE149484142417000A2
S214186340102A002F4840424082807000102A0030E1
S214186350E1888081802A00312F002F064EB9001957
S214186360C284508F2200E689D2AEFFDE7807C0843A
S214186370204101902F2EFFDE2F0B2F024EB900184A
S21418638061CC2F2EFFDA4EB9001869AA2F0D2F2AC6
S21418639000024EB90018862424004FEF001841F961
S2141863A00018D62867122F0C4E90588F20024CEEE5
S2141863B03C7CFFAC4E5E4E754A0367387200322B33
S2141863C000107000102A0104E188802A01050C408C
S2141863D00020630C7400342B0030484242428282FC
S2141863E05381374100100C40002063084241484151
S2141863F0374100307200322B000E7400142A010444
S214186400E18A842A01050C420020630C7000302BA8
S214186410002E48404240828052813741000E0C427E
S21418642000206308424148413741002E1D7C000178
S214186430FFFE2F0C4E902400588F6600FF707200D7
S214186440122A0016E149484142417000102A0017E6
S2141864504840424082807000102A0018E1888081E7
S214186460802A00195280220042414841E0491541CD
S2141864700016220042414841154100172200E089C3
S21418648015410018154000196000FF224E56FFC02F
S21418649048E73F3C246E00081D6E0013FFC42A0A06
S2141864A05C85282A04462F054EB900187DCE2E0086
S2141864B07200122A0016E149484142417000102A1B
S2141864C000174840424082807000102A0018E18861
S2141864D08081802A00192D40FFC0588F422EFFC594
S2141864E047EEFFE2BE8464083A7C001C600002D4C3
S2141864F0BE8466144A2EFFC566EE2E2A04461D7CF8
S2141865000001FFC5780060E82F0B2F042F0A4EB93C
S2141865100018CC5C2A404FEF000C4A80660002A494
S214186520286EFFF27400342C000E7000102A010436
S214186530E188802A01050C400020630C7200322C7A
S214186540002E4841424184817600362C00100C40BB
S2141865500020630002304A82660002742F0B4EB980
S2141865600018D6285284588F6000FF7A2F2EFFDE28
S2141865702F0C2F054EB9001861644FEF000C4A0017
S214186580664C4EB9001804220800000A674048797D
S2141865900019F31A48790019E9034BF9001951FE46
S2141865A04E954878011648790019E9064E952F2E0B
S2141865B0FFFA48790019F3284E952279001A0A4EE0
S2141865C02F2900084EB9001949EA4FEF001C2F046E
S2141865D02F054EB900187F142C00486EFFCE2F00DA
S2141865E042A72F2EFFDE4EB90018341A2A404FEF56
S2141865F00018701CB08D6632486EFFD22F2A000223
S2141866004EB9001886242A40508F4A8067062F0BEA
S214186610600001A82F0B4EB90018D6282A40588FAC
S2141866204A806600019E6000FEBC202EFFCE2E001B
S214186630E68F226EFFDED3C77207C0817E01E1AFF8
S2141866408F112F2EFFDE2F0C2F054EB9001861CC98
S2141866502F2EFFDA4EB9001869AA486EFFD22F2AD5
S21418666000024EB9001886244FEF001843EEFFE2DA
S21418667047F90018D628BAFC000067082F094E9369
S2141866806000013E53823942000E7200122A01043D
S214186690E189822A01057000302C001C0C4100206C
S2141866A0631E424248423942002E4A2EFFC46724CF
S2141866B05283394300104243484339430030600C34
S2141866C04A2EFFC4670652433943001024000C4173
S2141866D00020630C7400342C0032484242428480F6
S2141866E0202EFFCE26069682B08365164680DC805E
S2141866F03946001C0C410020630842464846394675
S21418670000321D7C0001FFFE2F094E932A40588F39
S2141867104A80660000AE202EFFC0538024004242F6
S2141867204842E04A154200162400424248421542A2
S21418673000172400E08A1542001815400019740046
S214186740142A002EE14A484242427000102A002FAE
S2141867504840424084807000102A0030E1888082C9
S2141867602F04802A00312F004EB90019C1D4508F3B
S214186770226EFFCE5289206E000CD08920802544C8
S2141867800446603E4A826700FDD42D6C0004FFCA9A
S21418679042AEFFC62F2EFFCA2F2EFFC6486EFFD258
S2141867A02F2A00024EB900186A0A2A404FEF001026
S2141867B04A806700FDB8486EFFE24EB90018D62822
S2141867C0588F200D4CEE3CFCFF984E5E4E757000B0
S2141867D0302C00304840424086802D6C0024FFC67E
S2141867E02D6C0004FFCA60AC4E5600002F0A2F020C
S2141867F0740045F90018EAFCB4AE000C6D0E700073
S214186800242EFFF8246EFFFC4E5E4E75206E000890
S2141868101030280067E8488030402F084E92528281
S214186820588F60D44E560000207C00FF000A1010C7
S21418683010000280000000FF7201C0814A806712B3
S214186840207C00FF0000101010000280000000FFDF
S214186850600270FF4E5E4E754E56FFFC202E0008E6
S2141868601D40FFFE4E71207C00FF000A101010001D
S2141868700280000000FF7220C0814A8067E8207CF2
S21418688000FF000010AEFFFE70004E5E4E754E56AE
S214186890FFFC6010207C00FF000010101D40FFFF5A
S2141868A0102EFFFF207C00FF000A10101000028038
S2141868B0000000FF7201C0814A8066D84E714E5E95
S2141868C04E754E56000048E73C3C242E000C2A6EA7
S2141868D0000899CC263C00195224283C0019FB6D58
S2141868E0B48C620A4CEE3C3CFFE04E5E4E752F0DA3
S2141868F048790019F35345F9001951FE4E92508FF6
S21418690097CB200CD08BB4806300008870001035AD
S214186910B8002F0048790019F35B4E92508F700715
S214186920B08B660A4878002020434E90588F528BBA
S2141869307010B08B66CC48790019F3654E92588F54
S21418694095CA200CD08AB08264541035A8007200FC
S214186950120020411230480048817A684605C285E0
S2141869606602702E488030402F0820434E90588F6D
S214186970528A7010B08A66CA48790019F3684EB9F8
S214186980001952F049EC00104BED0010588F6000BB
S214186990FF5048790019F3614E92588F60804878F6
S2141869A0002020434E90588F60C64E56FFF0206E3B
S2141869B000082268001C2269001422690028202872
S2141869C00004222800082D40FFF02D41FFF42D4822
S2141869D0FFF82D68000CFFFC4AA9044E67182029FA
S2141869E004526712486EFFF02F004EB900189D84A7
S2141869F0508F4E5E4E7572038390700060F44E563C
S214186A0000004E5E4EF9001889CE4E5600004E5EB7
S214186A104EF900188A864E560000202E000C222E9C
S214186A200010206E0008206800284AA8044E672C1C
S214186A3022680452B2FC0000670C2D4900084E5E0E
S214186A404EF90018A3BE2D40000C2D4100102D68DD
S214186A50000200084E5E4EF9001888C470004E5E9C
S214186A604E754E56000013FC0001001A06244E5EA2
S214186A704E754E5600004239001A06244E5E4E7564
S214186A804E5600002F032F02206E0008242E000CEE
S214186A90262E0010720012280014E149484142417F
S214186AA07000102800154840424082807000102858
S214186AB00016E1888081802800174A80670C20021B
S214186AC080836706428053839580720012280020C0
S214186AD0E149484142417000102800214840424090
S214186AE08280700010280022E18880818028002388
S214186AF02F0042A72F032F024EB90019D4244FEFA8
S214186B0000102001242EFFF8262EFFFC4E5E4E7530
S214186B104E560000206E0008226E000C70003028BA
S214186B20000C7200122900FEE189822900FF0C4130
S214186B300020630C72003228002C484142418081A4
S214186B404E5E4E754E560000222E000C2001E6882A
S214186B50206E0008D1C07007C2807001E3A88110AB
S214186B604E5E4E754E5600002F02202E000C220048
S214186B70E689206E0008123018000281000000FF17
S214186B807407C082010157C04400241F4E5E4E751C
S214186B904E5600002F0A2F02206E0008700010288C
S214186BA00020E1484840424074001428002148421A
S214186BB042428082740014280022E18A8480842845
S214186BC0002348780010486800684878FFFF45F9A1
S214186BD0001850BE4E92E68A2F022F2E000C2F0059
S214186BE04E92242EFFF8246EFFFC4E5E4E754E56BF
S214186BF0000048E72030246E0008266E000C74004B
S214186C00142A00FEE18A842A00FF082A0002006679
S214186C1067382F2E00102F0A4EB900186B90508F19
S214186C20082A00020066672AB06B001866200C4215
S214186C300040661E42404840B06B003857C04400BB
S214186C404CEE0C04FFF44E5E4E75700060D2420097
S214186C5060EE700160EA4E5600002F032F02206E79
S214186C600008242E000C262E00107200122800147D
S214186C70E1494841424170001028001548404240FA
S214186C808280700010280016E188808180280017FE
S214186C904A80670C2002808367064280538395805B
S214186CA0720012280020E14948414241700010281D
S214186CB00021484042408280700010280022E18857
S214186CC08081802800232F0042A72F032F024EB959
S214186CD00019CEC44FEF00102001242EFFF8262EE0
S214186CE0FFFC4E5E4E754E56000048E73C20246E5C
S214186CF000087200122A0020E149484142417000FB
S214186D00102A00214840424082807000102A002233
S214186D10E18880812F2E000C802A00232F004EB980
S214186D200019C1D4508F260074007200122A00145D
S214186D30E149484142417000102A00154840424037
S214186D4082807000102A0016E1888081802A001739
S214186D504A8056C01200488148C120015BC02802EC
S214186D602A039A819980200422054CEE043CFFECF5
S214186D704E5E4E754E56000048E72030246E0008CA
S214186D80266E000C7400142A00FEE18A842A00FF7E
S214186D90082A0002006667322F2E00102F0A4EB9F6
S214186DA000186B90508F082A00020066671237404A
S214186DB000180C42004066084240484037400038E9
S214186DC04CEE0C04FFF44E5E4E75700060D84E56AE
S214186DD0FFC848E73F3C262E0008204324680014C6
S214186DE0240A5C822F2E00102F2E000C2F024EB96C
S214186DF000186C564FEF000C2E002F2E00102F2E5A
S214186E00000C2F024EB900186A804FEF000C2C00A9
S214186E1049EEFFE22F0C2F072F0A4EB90018CC5C4C
S214186E202E004FEF000C6646266EFFF22A137800E7
S214186E307000102A0104E188802A01050C40002001
S214186E406304282B00202F052F047AD2DA8E2F05FC
S214186E502F2A00024EB900186A0A2E004FEF0010AB
S214186E604BF90018D62867122F0C4E95588F200706
S214186E704CEE3CFCFFA04E5E4E752F2EFFDE2F0B01
S214186E802F024EB900186BEE4FEF000C4A006652F0
S214186E904EB9001804220800000067464879001901
S214186EA0F36A48790019E903283C001951FE204472
S214186EB04E90487800B848790019E90620444E9054
S214186EC02F2EFFFA48790019F32820444E9020797F
S214186ED0001A0A4E2F2800084EB9001949EA4FEF33
S214186EE0001C2006E688D0AEFFDE7207CC81204054
S214186EF00D902F2EFFDE2F0B2F024EB900186D7433
S214186F002F2EFFDA4EB9001869AA2F052F2A00026D
S214186F104EB9001886242E004FEF00186600FF4A58
S214186F207200122A001EE149484142417000102A98
S214186F30001F4840424082807000102A0020E188D6
S214186F408081802A0021283C00000400E1AC7000F3
S214186F50102A015EE148484042407C001C2A015F26
S214186F604846424680867C001C2A0160E18E8C804A
S214186F707200122A0012E149484142417A001A2A40
S214186F8000134845424582857A001A2A0014E18D76
S214186F908A812006802A01612205822A00154285E8
S214186FA05281D1852A0142454845E04D15450012C3
S214186FB02A0142454845154500132A01E08D154516
S214186FC0001415410015220042414841E049154178
S214186FD0015E2200424148411541015F2200E089C6
S214186FE0154101601540016120432F2800102F021B
S214186FF04EB9001853BE7A09EAAC2D44FFCE42AEFD
S214187000FFCA282EFFCA92AEFFCE91842F012F00FA
S21418701020432F2800102F024EB900185482204300
S214187020117C0001001C2F022F0B4EB900186B1094
S21418703052803740000C7200122A0104E189822A15
S21418704001054FEF00200C410020630842404840DD
S2141870503740002C1D7C0001FFFE2F2E00102F2E0F
S214187060000C2F2A00024EB900186A162E004FEF91
S214187070000C6708422EFFFE6000FDEE48780001FF
S2141870802F2E00102F2E000C206A00022F28001416
S2141870904EB90018FA0A2F0C4E952E004FEF001412
S2141870A06000FDCC4E56FFA048E73F3C206E000817
S2141870B02A680014260D5C832F2E00102F2E000C25
S2141870C02F0345F900186C564E924FEF000C2C0003
S2141870D0202E000C222E00104282538191822A2ED6
S2141870E000147800D285D1842F012F002F034E92DA
S2141870F04FEF000C2840082D000100686650B08637
S214187100674C4EB9001804220800000067404879FA
S2141871100019F36A48790019E90345F9001951FE70
S2141871204E92487800FE48790019E9064E922F06C6
S2141871302F0C48790019F3784E922279001A0A4EC5
S2141871402F2900084EB9001949EA4FEF00202E2EB5
S21418715000142D6E000CFFC22D6E0010FFC6B9C6A7
S21418716064587A00242E000C262E0010780045F954
S21418717000186A16B8AE0014660003482F042F2E9F
S21418718000102F2E000C206D00022F2800144EB968
S2141871900018FA0A4FEF00104A87670000984878D8
S2141871A0015B48790019F3B048790019E8D34EB94D
S2141871B0001951FE4FEF000C60FE486EFFE22F06D6
S2141871C02F0D4EB90018CC5C2A004FEF000C6664E1
S2141871D0246EFFF22F2EFFC62F2EFFC22F034EB996
S2141871E000186A804FEF000C28002D52FFCE42AED2
S2141871F0FFCA7000102D0104E188802D01050C408F
S214187200002063062D6A0020FFCA2F2EFFCE2F2ED1
S214187210FFCA486EFFD22F2D00024EB900186A0A10
S2141872202A004FEF00106718486EFFE24EB9001894
S214187230D628588F20054CEE3CFCFF784E5E4E75CF
S2141872402F2EFFDE2F0A2F034EB900186BEE4FEFC6
S214187250000C4A00664C4EB90018042208000000BC
S214187260674048790019F36A48790019E90347F91D
S214187270001951FE4E934878011D48790019E90601
S2141872804E932F2EFFFA48790019F3284E93227939
S214187290001A0A4E2F2900084EB9001949EA4FEF6E
S2141872A0001C7200122D001EE14948414241700030
S2141872B0102D001F4840424082807000102D00207C
S2141872C0E1888081802D0021223C00002000E1A961
S2141872D0200190842407B087640224002F022F040C
S2141872E02F2EFFDE4EB9001833A82F2EFFDE2F0ADA
S2141872F02F034EB900186D742F2EFFDA4EB90018EA
S21418730069AA9E822D42FFBE42AEFFBA202EFFBA51
S214187310222EFFBED3AEFFC6282EFFC2D9802D441C
S214187320FFC2486EFFD22F2D00024EB900188624D1
S2141873302A004FEF00246600FEF07200122D001E81
S214187340E149484142417000102D001F4840424014
S21418735082807000102D0020E1888081802D002109
S214187360223C00000400E1A926417000102D015EA1
S214187370E148484042407200122D015F48414241A0
S21418738080817200122D0160E18982807A001A2DA0
S2141873900012E14D484542457000102D0013484034
S2141873A042408A807000102D0014E1888085822D56
S2141873B001612D41FFB2802D00152D40FFB6202EFD
S2141873C0FFB2222EFFB6282EFFBAD2AEFFBED18449
S2141873D0280142444844E04C1B4400122801424409
S2141873E048441B4400132801E08C1B4400141B411E
S2141873F00015220042414841E0491B41015E220027
S214187400424148411B41015F2200E0891B4101604F
S2141874101B400161206E00082F2800102F034EB95C
S214187420001853BE2D40FFA22D41FFA6200B72094F
S214187430E2A82F022F004EB90019C1D4508F2D4044
S214187440FFAE42AEFFAA202EFFA2222EFFA6282E9F
S214187450FFAA92AEFFAE91842F012F00206E00086F
S2141874602F2800102F034EB900185482206E0008DB
S214187470117C0001001C2F032F0A4EB900186B1040
S214187480D0823540000C7200122D0104E189822D3D
S21418749001054FEF00200C41002063084240484089
S2141874A03540002C1D7C0001FFFE486EFFE24EB9E9
S2141874B00018D6282A00588F6600FCAA5286600044
S2141874C0FC9E2F032F022F2D00024E922A00428078
S2141874D05283D5804FEF000C4A856600FD585284BB
S2141874E06000FC924E56FF9848E73F3C286E00080E
S2141874F02C2E000C2E2E001042AEFFCE246C00143C
S214187500240A5C822F072F062F024EB900186C56D5
S2141875104FEF000C28002F072F062F0247F90018E8
S2141875206A804E934FEF000C2D40FFA24BEEFFE201
S2141875302F0D2F042F0A4EB90018CC5C2E004FEFD3
S214187540000C660005922C2EFFF22F022F064EB95D
S21418755000186B10508F4A806700053C7200122A7C
S2141875600026E149484142417000102A0027484049
S214187570424082807000102A0028E188808147F9EE
S2141875800019C1D42F2EFFFA802A00292F004E93F7
S214187590508F2D40FFBA42AEFFB67600162A001A54
S2141875A0E14B484342437000102A001B48404240B3
S2141875B086807000102A001CE1888083802A001DAF
S2141875C04A8056C31203488148C120015BC0204038
S2141875D02241202EFFB6222EFFBA260892899183C2
S2141875E02F012F002F024EB900186A804FEF000C9B
S2141875F0260020462D50FFCA42AEFFC67000102A3D
S2141876000104E188802A01050C40002063062D68D5
S2141876100020FFC62F2EFFCA2F2EFFC67AD2DA8E6C
S2141876202F05206C00142F2800024EB900186A0A7D
S2141876302E004FEF0010670C2F0D4EB90018D628E5
S214187640600001BA2F2EFFDE2F062F024EB9001843
S2141876506BEE4FEF000C4A00664C4EB90018042229
S21418766008000000674048790019F36A487900193D
S214187670E90347F9001951FE4E9348780196487960
S2141876800019E9064E932F2EFFFA48790019F328A9
S2141876904E932079001A0A4E2F2800084EB9001962
S2141876A049EA4FEF001C266EFFA2B68B63022643EC
S2141876B0262EFFDE2F0B2F034EB900186B64508F43
S2141876C04A00670000A42F0B2F034EB900186B440E
S2141876D02F2EFFDE2F2EFFF22F024EB900186D74D4
S2141876E02F2EFFDA4EB9001869AA2F05206C001441
S2141876F02F2800024EB9001886242E004FEF0020BF
S2141877006600FF367200122A001AE14948414241C3
S2141877107000102A001B4840424082807000102AD1
S214187720001CE1888081802A001D4A806702528BDF
S2141877307200122A0026E149484142417000102A78
S21418774000274840424082807000102A0028E188AE
S21418775080812F04802A00292F004EB90019C1D421
S214187760508FD7C06000015C2F042F024EB9001846
S2141877707E8E2040703FD08B72C0C0812248508FBA
S214187780B08864022240260B52832E2EFFDEB3C327
S2141877906270486EFFCE2F082F0B2F074EB90018B1
S2141877A0341A4FEF001047F90018D628263C001850
S2141877B086244A80660002CA2F2EFFCE2F2EFFDEA2
S2141877C04EB900186B442F2EFFDE2F2EFFF22F0215
S2141877D04EB900186D742F2EFFDA4EB9001869AA24
S2141877E02F05206C00142F28000220434E902E00E0
S2141877F04FEF0020670002262F0D4E93588F60001B
S21418780002D62F032F072D48FF9A2D49FF9E4EB9F3
S21418781000186B64508F206EFF9A226EFF9E4A00E7
S214187820670001F42F032F074EB900186B442F2E4C
S214187830FFDE2F062F024EB900186D742F2EFFDAB2
S2141878404EB9001869AA2F05206C00142F280002BC
S2141878504EB9001886242E004FEF00206600FDDA79
S2141878607200122A001AE149484142417000102A53
S214187870001B4840424082807000102A001CE18895
S2141878808081802A001D4A80670252837200122A5D
S2141878900026E149484142417000102A0027484016
S2141878A0424082807000102A0028E18880812F04C8
S2141878B0802A00292F004EB90019C1D4508F2640AF
S2141878C0D7C37200122A001EE1494841424170008F
S2141878D0102A001F4840424082807000102A00205C
S2141878E0E1888081802A0021263C00000400E1AB54
S2141878F07000102A015EE148484042407A001A2A71
S214187900015F4845424580857A001A2A0160E18D54
S2141879108A807000102A0012E148484042407800D9
S214187920182A00134844424480847800182A001401
S214187930E18C88802005802A01612204822A00159D
S214187940428453819184280142444844E04C1544AB
S2141879500012280142444844154400132801E08CBC
S2141879601544001415410015220042414841E049CB
S2141879701541015E2200424148411541015F22002F
S214187980E08915410160154001612F2C00102F0267
S2141879904EB9001853BE7809E8AB2D43FFAA42AE7D
S2141879A0FFA6262EFFA6282EFFAAD881D7802F043A
S2141879B02F032F2C00102F024EB900185482197C52
S2141879C00001001C286EFFF22F022F0C4EB900186B
S2141879D06B1053803940000C7200122A0104E1899A
S2141879E0822A01054FEF00200C4100206308424010
S2141879F048403940002C1D7C0001FFFE486EFFE20F
S214187A004EB90018D6282E00206E00144290214B2E
S214187A1000046000FDE852836000FD74266EFFCEF9
S214187A207200122A001AE149484142417000102A91
S214187A30001B4840424082807000102A001CE188D3
S214187A408081802A001D4A806702528B7200122A93
S214187A500026E149484142417000102A0027484054
S214187A60424082807000102A0028E18880812F0406
S214187A70802A00292F004EB90019C1D46000FCE2F4
S214187A802F05206C00142F28000220434E902E003D
S214187A90508F6600FD642F0D4EB90018D6282E009C
S214187AA0588F66322F024EB900187DCE2D40FFB67D
S214187AB02F002044486800014EB90019C2842A4095
S214187AC04FEF000C2D6EFFB6FFC647EEFFE24AAE2C
S214187AD0FFC6660E7E1C20074CEE3CFCFF704E5E02
S214187AE04E752F0B2F0D2F2C00144EB90018CC5C8A
S214187AF02E004FEF000C66DE262EFFF22F022F0305
S214187B004EB900186B10508F4A806700024E2043FB
S214187B102D50FFC242AEFFBE7000102A0104E18845
S214187B20802A01050C40002063062D680020FFBE41
S214187B302F2EFFC22F2EFFBE486EFFD2206C0014C9
S214187B402F2800024EB900186A0A2E004FEF0010B0
S214187B5067062F0B6000FAE42F2EFFDE2F032F0286
S214187B604EB900186BEE4FEF000C4A0066524EB92D
S214187B700018042208000000674648790019F36ABE
S214187B8048790019E903283C001951FE20444E9004
S214187B90487801FC48790019E90620444E902F2EA3
S214187BA0FFFA48790019F32820444E902079001AD5
S214187BB00A4E2F2800084EB9001949EA4FEF001C44
S214187BC07200122A0026E149484142417000102AE4
S214187BD000274840424082807000102A0028E1881A
S214187BE080812F0D802A00292F004EB90019C1D484
S214187BF0508F2D40FFB242AEFFAE7200122A001A06
S214187C00E149484142417000102A001B4840424052
S214187C1082807000102A001CE1888081802A001D4E
S214187C204A8056C01200488148C120015BC0282EE1
S214187C30FFAE2A2EFFB29A8199802F052F042F02A5
S214187C404EB900186A804FEF000C2C002F0D2F022B
S214187C504EB900187E8E2E002F052F042F024EB90F
S214187C6000186A804FEF000C486EFFCE2F07B086BC
S214187C7063022C002F062F2EFFDE4EB90018341A7A
S214187C804FEF0018283C0018D6282A3C00188624DF
S214187C904A80660000AE2F2EFFCE2F2EFFDE4EB97E
S214187CA000186B442F2EFFDE2F032F024EB9001834
S214187CB06D742F2EFFDA4EB9001869AA486EFFD2D7
S214187CC0206C00142F28000220454E902E004FEFEF
S214187CD00020670A2F0B20444E906000FB20266E6B
S214187CE0FFCE7200122A001AE1494841424170003C
S214187CF0102A001B4840424082807000102A001C40
S214187D00E1888081802A001D4A806702528B7200A3
S214187D10122A0026E149484142417000102A0027DD
S214187D204840424082807000102A0028E1888081EE
S214187D302F0D802A00292F004EB90019C1D46000D3
S214187D40FA20486EFFD2206C00142F280002204517
S214187D504E902E00508F6600FF7C2F0B4EB90018E1
S214187D60D6282E00588F6600FD6E2F2EFFB6486D4B
S214187D7000014EB90019C284508F2A4053AEFFC670
S214187D806000FD4C4E56000048E73030242E0008A0
S214187D90262E000C47F90019C28445F90019C1F8B7
S214187DA0B682622667182F032F024E93508F4A808A
S214187DB066182F032F024E92508F240060E270012F
S214187DC04CEE0C0CFFF04E5E4E75700060F24E5680
S214187DD0000048E73E00206E00087000102801508A
S214187DE0E148484042407200122801514841424139
S214187DF08081720012280152E1898280740014284A
S214187E000004E14A484242427000102800054840E3
S214187E1042408480700010280006E1888082240181
S214187E20842801532600862800077200122800208E
S214187E30E14948414241700010280021484042401C
S214187E408280700010280022E18880818028002314
S214187E502A0078002F002F042F032F024EB900197E
S214187E60CEC44FEF00102C012F052F042F032F021E
S214187E704EB90019D4244FEF0010240084816702ED
S214187E80528620064CEE007CFFEC4E5E4E754E5623
S214187E90000048E73020246E00082F0A4EB9001854
S214187EA07DCE588F7400142A0020E14A4842424278
S214187EB07200122A00214841424184817200122A17
S214187EC00022E1898282822A00237600162A00047C
S214187ED0E14B484342437400142A00054842424284
S214187EE086827400142A0006E18A8483842A00078E
S214187EF05380B0AE000C62102F002F014EB9001937
S214187F00C1D4508F2202928020014CEE040CFFF44C
S214187F104E5E4E754E56000048E73020246E000818
S214187F202F0A4EB900187DCE588F7400142A0028D0
S214187F30E14A484242427200122A00294841424108
S214187F4084817200122A002AE1898282822A002BF2
S214187F5076001612E14B484342437400142A000177
S214187F604842424286827400142A0002E18A8483B8
S214187F70842A00035380B0AE000C62102F002F0125
S214187F804EB90019C1D4508F2202928020014CEEAF
S214187F90040CFFF44E5E4E754E5600002F0A246EE3
S214187FA0000C082A000200666736487803FC2F0A79
S214187FB04878FFFF4EB9001850BE2200424148418B
S214187FC0E049154103FC220042414841154103FD92
S214187FD02200E089154103FE154003FF4FEF000C01
S214187FE0487804002F0A4878040042A72F2E000865
S214187FF04EB900188B06246EFFFC4E5E4E754E5614
S2141880000000487804002F2E000C4878040042A779
S2141880102F2E00084EB900188CD44E5E4E754E564C
S21418802000002F032F02206E00087000102800385A
S214188030E188802800390C40EF536600018E7200E4
S2141880401210E1494841424170001028000148408A
S21418805042408280700010280002E18880818028C3
S21418806000034A8067000164700010280150E14838
S21418807048404240720012280151484142418081CE
S214188080720012280152E1898280740014280004B4
S214188090E14A4842424270001028000548404240D3
S2141880A08480700010280006E188808224018428C5
S2141880B00153260086280007200280836700010CDB
S2141880C0720012280020E1494841424170001028E9
S2141880D00021484042408280700010280022E18823
S2141880E08081802800234A80670000E072001228EA
S2141880F00028E149484142417000102800294840AC
S2141881004240828070001028002AE18880818028EA
S214188110002B4A80670000B4700010280058E188C9
S214188120802800590C40007F630000A072001228B7
S2141881300054E14948414241700010280055484013
S21418814042408280700010280056E188808180287E
S2141881500057720AB28064727000102800FEE18818
S214188160802800FF0C400040626008280002006665
S21418817067540C280001017566507000102803FC1F
S214188180E148484042407400142803FD48424242E1
S21418819080827400142803FEE18A8480842803FFF2
S2141881A0487803FC2F084878FFFF4EB9001850BED1
S2141881B04FEF000CB08257C04400242EFFF8262E2E
S2141881C0FFFC4E5E4E75700160F0420060EC4E5635
S2141881D000002F0A2F02242E00087001B082645067
S2141881E008020000674E487800072F0245F9001865
S2141881F07D844E92508F4A806632487800052F024A
S2141882004E92508F4A806624487800032F024E926A
S214188210508F4A8056C0488048C0448002000001EB
S214188220242EFFF8246EFFFC4E5E4E75700160EC2F
S214188230700160EC420060E84E560000202E000CDC
S214188240206E0008082800000067670C2D400008FC
S2141882504E5E4EF9001881CE70014E5E4E754E5623
S214188260000048E73838246E0008262E000C7200E6
S214188270122A0018E149484142417000102A001994
S2141882804840424082807000102A001AE188808197
S214188290802A001B223C00000400E1A9200172007D
S2141882A0122A00FEE189822A00FF0C41002064028F
S2141882B0722049F90019C1F83F0142672F004E9401
S2141882C0508F26407000102A0104E148484042406A
S2141882D07400142A01054842424280827400142A07
S2141882E00106E18A8480842A01072F0B2F034E94F7
S2141882F0508F7800182A00637210C8816704B082FD
S21418830064362F032F0A4EB900188238508F4A0049
S214188310674E2F0A4EB900187DCE588F4A84660CC1
S2141883202F0B487308FF4E94508F240020024CEEF3
S2141883301C1CFFE84E5E4E752F002F0B4EB9001909
S214188340C1D4508FB083671C22005281B283671441
S21418835041F308FFB68857C2488248C2448260CCA8
S214188360740060C8740160C44E560000226E00087F
S214188370205120680010B0FC000067262F094E9088
S214188380588F4A80671C4878003848790019F3C80F
S21418839048790019E8D34EB9001951FE4FEF000C72
S2141883A060FE4E5E4E754E560000226E0008205136
S2141883B020680014B0FC000067262F094E90588FCE
S2141883C04A80671C4878004148790019F3C84879EC
S2141883D00019E8D34EB9001951FE4FEF000C60FE95
S2141883E04E5E4E754E56FFFC2F0A246E00082F0A56
S2141883F04EB90018836820522F2E00182F2E0014FE
S2141884002F2E00102F2E000C2F0A206800044E90D6
S214188410205252A8002C2F0A2D40FFFC4EB90018E7
S21418842083A6202EFFFC246EFFF84E5E4E754E5621
S214188430FFFC2F0A246E00082F0A4EB9001883680E
S21418844020522F2E00182F2E00142F2E00102F2EED
S214188450000C2F0A206800084E90205252A80030B0
S2141884602F0A2D40FFFC4EB9001883A6202EFFFCBD
S214188470246EFFF84E5E4E754E5600002F0A246E78
S2141884800008B4FC0000661C4878005B48790019A0
S214188490F3C848790019E8D34EB9001951FE4FEFC2
S2141884A0000C60FE2052B0FC0000661C4878005C89
S2141884B048790019F3C848790019E8D34EB9001955
S2141884C051FE4FEF000C60FE2250B2FC00006712FF
S2141884D04AA8000C670C4AA8000467064AA80008B1
S2141884E0661C4878006048790019F3C8487900195E
S2141884F0E8D34EB9001951FE4FEF000C60FE202845
S214188500002867105280214000287000246EFFFC57
S2141885104E5E4E752F0A4E91588F4A8066EE205240
S21418852072012141002860E44E560000226E0008B1
S214188530206E000CB2FC00006706B0FC0000661C3B
S2141885404878007248790019F3C848790019E8D3B2
S2141885504EB9001951FE4FEF000C60FE2348001468
S2141885602149001470004E5E4E754E5600002F0AB4
S2141885702F02246E0008242E000C20522F280018D4
S2141885802F024EB90019C284508F4A80671C48784B
S214188590007B48790019F3C848790019E8D34EB912
S2141885A0001951FE4FEF000C60FE254200182F02EE
S2141885B042A72F2A00102F2A000C4EB90019CEC435
S2141885C04FEF00102540001C25410020242EFFF8F0
S2141885D0246EFFFC4E5E4E754E560000226E000846
S2141885E0B2FC0000661C4878008348790019F3C866
S2141885F048790019E8D34EB9001951FE4FEF000C10
S21418860060FE205120280028671453802140002837
S214188610660C2D4900082268000C4E5E4ED170007C
S2141886204E5E4E754E5600002F0A206E0008226EBB
S214188630000CB0FC00006706B2FC0000661C487808
S214188640011148790019F3C848790019E8D34EB9CA
S214188650001951FE4FEF000C60FE4AA90008661C70
S2141886604878011248790019F3C848790019E8D3F0
S2141886704EB9001951FE4FEF000C60FE24504AAA5E
S214188680002867162D49000C2D6800140008246E63
S214188690FFFC4E5E4EF90018FDE67005246EFFFCD2
S2141886A04E5E4E754E56000048E73F20246E000872
S2141886B0242E000C282E00102A2E00142E2E0018F9
S2141886C0B4FC000067044A82661C48780120487982
S2141886D00019F3C848790019E8D34EB9001951FEA5
S2141886E04FEF000C60FE2C2A00182052262800187F
S2141886F02F032F064EB90019C1F8588F2E872F0052
S2141887004EB90019C1D4508F2D4000182F052F04CC
S2141887102F0642A74EB90019CDD04FEF000C2E8366
S21418872042A7262A0004D2AA0008D1832F012F00B8
S2141887304EB90019CEC44FEF00102D4000102D4131
S21418874000142D42000C2D4A00084CEE04FCFFE4E1
S2141887504E5E4EF9001883E44E56000048E73F2058
S214188760246E0008242E000C282E00102A2E001422
S2141887702E2E0018B4FC000067044A82661C48783F
S214188780012E48790019F3C848790019E8D34EB96C
S214188790001951FE4FEF000C60FE2C2A00182052CC
S2141887A0262800182F032F064EB90019C1F8588F1F
S2141887B02E872F004EB90019C1D4508F2D4000189F
S2141887C02F052F042F0642A74EB90019CDD04FEF0C
S2141887D0000C2E8342A7262A0004D2AA0008D183AA
S2141887E02F012F004EB90019CEC44FEF00102D40A0
S2141887F000102D4100142D42000C2D4A00084CEE96
S21418880004FCFFE44E5E4EF90018842E4E56000007
S21418881048E72030206E0008246E000C7003C092C3
S2141888207203B280670E740020024CEE0C04FFF43C
S2141888304E5E4E7526680014487800012F2A0008E8
S2141888402F2A00042F2A000C2F084EB90018875814
S21418885024004FEF00146726206A0046B0FC00007C
S21418886067C6177C000100182F2A004A2F002F0A07
S2141888702F0B4E90422B00184FEF001060AA4A2A72
S21418888000206712206B0022B1CA6628276A0042A9
S2141888900022422A002070FDC192206A0046B0FCD1
S2141888A000006782177C000100182F2A004A42A78A
S2141888B060BC204020280042B08A66F6216A004232
S2141888C0004260CE4E56FFF048E72030246E00086F
S2141888D02F2E00102F2E000C47EEFFF02F0B2F2AEE
S2141888E000144EB90018FA824FEF00104A80672815
S2141888F02F002F0A4EB90018880C24002F0B2F2A89
S21418890000144EB90018FDE64FEF001020024CEE8A
S2141889100C04FFE44E5E4E75740060F04E56000070
S21418892048E7303C246E0008206A00144A280018CD
S21418893066000098117C0001001849F90019010C0E
S2141889404BF90018F4BC243C0018880C263C001878
S214188950F4DC206A00144AA8001E663A70006024E8
S214188960082B00010003660E2F0B2F2A0014204335
S2141889704E90508F60DC2F002F0A20424E90508F5A
S2141889804A8067E4206A0014422800184CEE3C0C13
S214188990FFE84E5E4E752F084E94588F4A0067BCF7
S2141889A02F2A00144E952640588F4A8066B248786B
S2141889B000C748790019F3C848790019E8D34EB9A2
S2141889C0001951FE4FEF000C60FE700060BE4E5648
S2141889D0FFFC48E73030246E0008266E000C202E68
S2141889E00010222E0014B4FC0000661C487800DB29
S2141889F048790019F3C848790019E8D34EB9001910
S214188A0051FE4FEF000C60FEB6FC0000661C48785E
S214188A1000DC48790019F3C848790019E8D34EB92C
S214188A20001951FE4FEF000C60FE20524AA800288D
S214188A30674C242A001C262A0020968195806342BB
S214188A402680274100042F0A4EB90018891C588F13
S214188A504A806620486EFFFF2F0B2F2A00144EB947
S214188A600018FB084FEF000C4A8066084AAB000C4B
S214188A706602700C4CEE0C0CFFEC4E5E4E757005D4
S214188A8060F2700660EE4E56000048E73830266EE4
S214188A900008246E000C242E0010262E00142F0317
S214188AA02F022F0A2F0B4EB9001889CE28004FEF29
S214188AB00010663C206A000808280000000366308C
S214188AC0487800012F032F022F2A000C2F0B4EB9BF
S214188AD0001886A428004FEF001467202F0A2F2BA3
S214188AE000144EB90018FDE6429242AA0004508FB0
S214188AF020044CEE0C1CFFEC4E5E4E75206A0008E7
S214188B007001819060EA4E56FFF848E73F3C246EA5
S214188B100008282E000C2A2E00102C2E00142E2E9C
S214188B200018B4FC000067044A86661C48780140A2
S214188B3048790019F3C848790019E8D34EB90019CE
S214188B4051FE4FEF000C60FE26524AAB0028670015
S214188B50017822077000D285D184242A000C262A90
S214188B60001096819580641A48790019F3E24EB978
S214188B70001952F0588F70164CEE3CFCFFD04E5E23
S214188B804E75286B00182F0C42A7202A0004222A9C
S214188B900008D285D1842F012F004EB90019CEC4F3
S214188BA04FEF001024002601200C5380C0852A4061
S214188BB0676099C0BE8C64022847487800012F0366
S214188BC02F022F2B00242F0A4EB9001883E44FEFDC
S214188BD000144A8066A220522F0C2F06DBE80024C9
S214188BE02F0D4EB900195DDC487800012F032F02AF
S214188BF020522F2800242F0A4EB90018842E4FEF23
S214188C0000204A806600FF72DC8C9E8C428152835C
S214188C10D58120522F2800182F074EB90019C1F8F1
S214188C20508F26404A8067402F002F032F022F06AA
S214188C302F0A4EB90018842E4FEF00144A8066008B
S214188C40FF3820522F2800182F0B4EB90019C1D400
S214188C50508FDC809E802D4BFFFC42AEFFF8202EF6
S214188C60FFF8D6AEFFFCD5804A87676248780001C1
S214188C702F032F0220522F2800242F0A4EB900182F
S214188C8083E44FEF00144A806600FEEE20522F074A
S214188C902F062F2800244EB900195DDC4FEF000C64
S214188CA072012D4100182D4200102D430014205239
S214188CB02D680024000C2D4A00084CEE3CFCFFD012
S214188CC04E5E4EF90018842E70056000FEAC7000DB
S214188CD06000FEA64E56000048E73F3C246E00088B
S214188CE0242E0014262E0018B4FC000067044A82AE
S214188CF0661C4878018948790019F3C8487900191C
S214188D00E8D34EB9001951FE4FEF000C60FE2652FC
S214188D104AAB00286700014622037000282E000C74
S214188D20D2AE0010D184282A000C2A2A00109A8164
S214188D309980641E48790019F3EA4EB9001952F062
S214188D40588F367C0016200B4CEE3CFCFFD84E5E37
S214188D504E75286B00182F0C42A7202E000C222EBA
S214188D600010282A0004D2AA0008D1842F012F0048
S214188D704EB90019CEC44FEF001028002A01200C57
S214188D805380C0AE00102A40674699C0B68C64025D
S214188D902843487800012F052F042F2B00242F0A6C
S214188DA04EB9001883E426404FEF00144A806696A2
S214188DB020522F0CDBE800242F0D2F024EB9001975
S214188DC05DDCD48C968C42805285D9804FEF000C8F
S214188DD020522F2800182F034EB90019C1F8508FAB
S214188DE028404A8067382F002F052F042F022F0A95
S214188DF04EB9001883E426404FEF00144A806600E8
S214188E00FF4620522F2800182F0C4EB90019C1D42F
S214188E10508FD48096802E0C7C00DA87D9864A83A9
S214188E206742487800012F052F0420522F28002467
S214188E302F0A4EB9001883E426404FEF00144A80D4
S214188E406600FF0420522F032F2800242F024EB945
S214188E5000195DDC4FEF000C6000FEEC367C000558
S214188E606000FEE497CB6000FEDE4E5600002F0B27
S214188E702F0A246E000847F90018880C206A001478
S214188E8020280022670C2F002F0A4E93508F4A80F6
S214188E9067EA246EFFF8266EFFFC4E5E4E754E5639
S214188EA00000206E00084A2E000F671652A80024ED
S214188EB04AA80024661A2D4800084E5E4EF9001877
S214188EC08E6A2028002467E853802140002460E03A
S214188ED070004E5E4E754E5600002F032F02206E01
S214188EE0000C2208D2AE0010302E000A43F90019E2
S214188EF0F3F2B2886608241F261F4E5E4E7534009D
S214188F00E04A760016180280000000FFB780D0806E
S214188F1030310800B54060DA4E560000222E0008A0
S214188F20E0594841E059202E000CE0584840E058D7
S214188F304E5E4E754E560000202E0008E0584840EB
S214188F40E0584E5E4E754E56FFFC48E7203C226EA3
S214188F5000082A6E000C266D0008286D000CB6FC5A
S214188F600000662C264C246D0010242D0014B6FC28
S214188F7000006704274A0010B4FC00006700017858
S214188F80BBEA000866000168254B0008600000A0D0
S214188F90B8FC000067D0202C000866000130266C4C
S214188FA0000C246C0010242C0014B6FC0000670477
S214188FB0274A0010B4FC000067000120B9EA000830
S214188FC066000110254B0008BBEC00106602244C06
S214188FD048780010486D0008486C00082D49FFFCBA
S214188FE04EB900195DDC206D00104FEF000C226E94
S214188FF0FFFCB0FC0000670000F0BBE80008660045
S21418900000E0214C0008206D0008214C0010206D4F
S214189010000CB0FC00006704214C0010B4FC0000E3
S214189020670C204A20680010B0FC000066F64A82DA
S2141890306600017AB6FC000067084AAB00146600A2
S2141890400168B7D16700015C206A0008B7C86600D7
S214189050017C206A000C7001B0A80014663C42A877
S21418906000142540001426680008254B000C6704D9
S214189070274A0010202A001021400010670000849C
S214189080266A0010B5EB0008667227480008214AC1
S214189090000825480010206A000C26680008286872
S2141890A0000CB6FC000067064AAB00146658B8FCFD
S2141890B0000067064AAC0014664C70012140001484
S2141890C0202A0010264A24406000FF6A28406000C4
S2141890D0FEC6254B000C6000FEF0228B6000FEEAF0
S2141890E0214C000C6000FF20228C6000FF1A254BD4
S2141890F0000C6000FF3A228B6000FF342748000CF3
S214189100608C22886088B8FC000067064AAC001499
S2141891106644B6FC0000670442AB00147001214098
S2141891200014286B000C214C00086704294800100E
S21418913020280010274000106700008428680010B8
S214189140B1EC00086672294B00082748000C214B22
S2141891500010206A000C216A0014001442AA001499
S2141891602068000CB0FC0000670442A80014206AAF
S214189170000C26680008254B000C6704274A0010C8
S214189180202A001021400010673E266A0010B5EB12
S2141891900008662E27480008214A000825480010AF
S2141891A02651B6FC0000670442AB0014200D4CEEA6
S2141891B03C04FFE84E5E4E75294B000C608C228BE3
S2141891C060882748000C60D0228860CC7001B0A850
S2141891D00014663C42A80014254000142668000CAB
S2141891E0254B00086704274A0010202A0010214043
S2141891F0001067000086266A0010B5EB0008667433
S21418920027480008214A000C25480010206A000844
S21418921026680008B6FC000067644AAB0014675E50
S2141892204AAB00146772216A0014001442AA00148C
S21418923020680008B0FC0000670442A80014206AE2
S21418924000082668000C254B00086704274A0010FB
S214189250202A0010214000106700009A266A001085
S214189260B5EB00086600008627480008214A000C5F
S2141892706000FF2A2748000C608A228860862868C3
S214189280000CB8FC00006700FE324AAC00146700F9
S214189290FE2AB6FC000066882668000CB6FC00009D
S2141892A0670442AB0014700121400014286B0008B4
S2141892B0214C000C6704294800102028001027406D
S2141892C00010672428680010B1EC00086614294BB3
S2141892D0000827480008214B0010206A0008600084
S2141892E0FF46294B000C60EA228B60E62748000CE4
S2141892F06000FF7A22886000FF744E560000206EC9
S21418930000080CA801FFFFFF0026631A2228004A4F
S2141893100801001C66180801001B6616700C080168
S214189320001967046004700C59804E5E4E757010F4
S21418933060F8700E60E84E56000048E70038266E53
S2141893400008246B00242F2B000449F900188F34CA
S2141893504E942540003E2EAB000C4E94588F254058
S214189360003A157C000104224CEE1C00FFF44E5EF9
S2141893704E754E5600002F0B2F0A206E0008226ED0
S214189380000C2468001CB4FC000067062568002042
S214189390002026680020268AB2FC0000671E246972
S2141893A0002C214A001C670847E8001C254B0020A3
S2141893B02348002C45E9002C214A002021490008A2
S2141893C0245F265F4E5E4E754E560000226E0008CD
S2141893D02069000CB0FC0000662620690010B0FC5E
S2141893E000006722B3E80008671C20690010B0FC6C
S2141893F000006712B3E8000C660C224860EC2040A8
S2141894002028000866F820084E5E4E754E56000056
S214189410206E0008720012280004E14948414241B3
S21418942070001028000548404240828070001028BE
S2141894300006E1888081802800070C8001FFFFFF66
S214189440633C720012280028E149484142417000E6
S2141894501028002948404240828070001028002AB0
S214189460E18880818028002B0800001B660C080005
S214189470001C670A70034E5E4E75700260F8700026
S21418948060F44E5600002F0A2F02246E000C242E6D
S21418949000107022D0AE00082F004EB90018940C99
S2141894A0588F4A80671E41F900188F347202B280AE
S2141894B0661E2F024E90588F3200E0491541000460
S2141894C015400005242EFFF8246EFFFC4E5E4E75E0
S2141894D02F024E90588F220042414841E0491541CC
S2141894E0000C2200424148411541000D2200E08937
S2141894F01541000E1540000F60CA4E5600002F0A80
S2141895002F02246E00082F0A4EB90018940C588F94
S2141895104A8067787000102A00FCE14848404240AC
S2141895207400142A00FD4842424280827400142AAD
S21418953000FEE18A8480842A00FF422A00FC422A20
S21418954000FD422A00FE422A00FF487804002F0A2F
S2141895504878FFFF4EB9001850BE220242414841D3
S214189560E049154100FC220242414841154100FDE0
S2141895702202E089154100FE154200FF4FEF000C4D
S214189580242EFFF8246EFFFC4E5E4E75700060F0B9
S2141895904E56000048E73C30266E0008246E000C35
S2141895A0182A000C162A000D7000102A0010E14820
S2141895B0484042407400142A0011484242428082B1
S2141895C07400142A0012E18A8480842A00132F2B30
S2141895D0002E4EB900188F342A00422A000C422A50
S2141895E0000D422A0010422A0011422A0012422A6E
S2141895F0001370102E80486B00524878FFFF47F90A
S214189600001850BE4E932F052F0A2F004E93154460
S214189610000C1543000D220242414841E04915410D
S2141896200010220242414841154100112202E089E9
S21418963015410012154200134CEE0C3CFFE84E5E26
S2141896404E754E56000048E73038286E0008266ECD
S214189650000C2F2C002E4EB900188F34260045F318
S21418966008FC70001012E148484042407400142A62
S21418967000014842424280827400142A0002E18A9D
S2141896808480842A00034212422A0001422A0002D9
S214189690422A000370102E80486C00524878FFFF4C
S2141896A049F9001850BE4E942F032F0B2F004E94D6
S2141896B0220242414841E04914812202424148416F
S2141896C0154100012202E0891541000215420003E7
S2141896D04CEE1C0CFFEC4E5E4E754E56FFFC48E7E3
S2141896E0203C226E00082A6E000C206D001CB0FC70
S2141896F000006706216D00200020246D00202488B5
S214189700266D000C286D0010B6FC0000662C264C42
S214189710246D0014242D0018B6FC00006704274A90
S2141897200014B4FC00006700017EBBEA000C66005B
S214189730016E254B000C600000A0B8FC000067D036
S214189740202C000C66000132266C0010246C0014C5
S214189750242C0018B6FC00006704274A0014B4FC32
S214189760000067000122B9EA000C66000112254BBA
S214189770000CBBEC00146602244C48780010486DA8
S214189780000C486C000C2D49FFFC4EB900195DDC26
S214189790206D00144FEF000C226EFFFCB0FC00008A
S2141897A0670000F4BBE8000C660000E4214C000CCF
S2141897B0206D000C214C0014206D0010B0FC000029
S2141897C06704214C0014B4FC0000670C204A20687B
S2141897D00014B0FC000066F64A8266000186B6FCE5
S2141897E0000067084AAB001866000174B7E9002045
S2141897F067000166206A000CB7C866000192206AE6
S21418980000107001B0A80018663C42A80018254041
S21418981000182668000C254B00106704274A001409
S214189820202A0014214000146700008A266A0014B3
S214189830B5EB000C66782748000C214A000C254822
S2141898400014206A00102668000C28680010B6FC61
S214189850000067064AAB00186660B8FC000067068A
S2141898604AAC00186654700121400018202A0014CB
S214189870264A24406000FF6828406000FEC4254B36
S21418988000106000FEEE234B00206000FEE6214C20
S21418989000106000FF1C234C00206000FF14254BAE
S2141898A000106000FF34234B00206000FF2C274870
S2141898B000106086234800206080B8FC0000670609
S2141898C04AAC00186644B6FC0000670442AB0018A1
S2141898D0700121400018286B0010214C000C6704FA
S2141898E02948001420280014274000146700008C0C
S2141898F028680014B1EC000C667A294B000C27482F
S2141899000010214B0014206A0010216A0018001855
S21418991042AA001820680010B0FC0000670442A88D
S2141899200018206A00102668000C254B00106704E3
S214189930274A0014202A001421400014674A266A71
S2141899400014B5EB000C663A2748000C214A000CA8
S2141899502548001426690020B6FC0000670442ABB0
S21418996000182D4D00084CEE3C04FFE84E5E4EF9EC
S21418997000193592294B00106084234B0020600094
S214189980FF7E2748001060C42348002060BE700180
S214189990B0A80018663C42A800182540001826688B
S2141899A00010254B000C6704274A0014202A0014C0
S2141899B02140001467000086266A0014B5EB000CD8
S2141899C066742748000C214A001025480014206A9F
S2141899D0000C2668000CB6FC000067664AAB001838
S2141899E067604AAB00186774216A0018001842AA04
S2141899F000182068000CB0FC0000670442A8001885
S214189A00206A000C26680010254B000C6704274AAD
S214189A100014202A0014214000146700009E266AAD
S214189A200014B5EB000C6600008A2748000C214A83
S214189A3000106000FF1C27480010608A234800208A
S214189A40608428680010B8FC00006700FE1A4AAC4C
S214189A5000186700FE12B6FC00006686266800101E
S214189A60B6FC0000670442AB0018700121400018CD
S214189A70286B000C214C0010670429480014202875
S214189A80001427400014672428680014B1EC000C52
S214189A906614294B000C2748000C214B0014206A2A
S214189AA0000C6000FF44294B001060EA234B00208E
S214189AB060E4274800106000FF7623480020600006
S214189AC0FF6E4E56000048E73C00202E000C222E53
S214189AD00010206E000820680020B0FC0000660AFF
S214189AE020084CDF003C4E5E4E75241026280004D5
S214189AF028002A019A839982621028002A019A83DC
S214189B00998264DC2068000C60D02068001060CA57
S214189B104E56000048E73C00226E000C206E0008E7
S214189B202050B0FC0000660A20084CDF003C4E5E51
S214189B304E75241126290004201022280004280215
S214189B402A039A819980621028022A039A8199809A
S214189B5064D62068000860CA2068000C60C44E5698
S214189B60000048E72038266E0008246E000C2F2BBD
S214189B70002E49F900188F344E94588F2400486BDD
S214189B8000224EB90018940C588F4A8067342F0A52
S214189B902F0B4EB9001896422F004E9422004241C1
S214189BA04841E049158128FC220042414841158168
S214189BB028FD2200E089158128FE158028FF4FEF22
S214189BC0000C4CEE1C04FFF04E5E4E754E56000010
S214189BD042A72F2E00102F2E000C202E000858807B
S214189BE02F004EB90018E22C4E5E4E754E56FFF8F2
S214189BF048E70038246E00084A2A0422670000D274
S214189C00266A0018486EFFF842A72F0A4EB90018A1
S214189C109BCC4FEF000C4A80660000AC49EA002245
S214189C202F0C4EB90018940C588F4A8067342F0C96
S214189C304EB9001894FA2F004EB900188F34220027
S214189C4042414841E0491541011E2200424148411F
S214189C501541011F2200E0891541012015400121F8
S214189C60508F487804002F0C7200122B001EE14902
S214189C70484142417000102B001F484042408280E5
S214189C807000102B0020E1888081802B0021223C58
S214189C9000000400E1A92F2EFFFC2F2EFFF82F013D
S214189CA042A74EB90019CDD04FEF000C2E812F00C9
S214189CB02F2B00024EB900188B064FEF00144A805F
S214189CC06604422A04224CEE1C00FFEC4E5E4E75CB
S214189CD0700060F24E5600002F0A2F02206E000801
S214189CE0246E000C2410486E00102F2E00142F0817
S214189CF04EB900189BCC4FEF000C4A8066222F2EC8
S214189D0000142F2E00102F0A2F024EB900188A861C
S214189D104FEF00104A806608206A0008720C83907D
S214189D20242EFFF8246EFFFC4E5E4E754E5600002D
S214189D302F0A2F02206E0008246E000C2410486E7E
S214189D4000102F2E00142F084EB900189BCC4FEF7A
S214189D50000C4A8066222F2E00142F2E00102F0A71
S214189D602F024EB9001889CE4FEF00104A806608A9
S214189D70206A000872048390242EFFF8246EFFFCD5
S214189D804E5E4E754E56FFE848E73F3C2E2E0008AE
S214189D902A2E000C78E8D88E4878001842A72F0488
S214189DA04EB900195E4C20452410262800042D4272
S214189DB0FFE82D43FFEC206800084FEF000C0CA8B6
S214189DC00018A82A0046661C2068004AB0FC000046
S214189DD06712BEA80014660C70004CEE3CFCFFC060
S214189DE04E5E4E754878002C4878000147F90019E1
S214189DF034024E932A40508F4A8067000342244705
S214189E002C2A001C2F032F022F064EB900189AC2B0
S214189E104FEF000C24404A8067762F072F004EB964
S214189E2000189372508F264A42AD0024206B0028E3
S214189E302B480028208D41ED0024274800282B4B5E
S214189E4000182B470014487800102F05486D00049A
S214189E504EB900195DDC22452069000852A8001882
S214189E60217C0018A82A0046214D004A244752AAE9
S214189E70000C226A00202B49001C4FEF000C6600CD
S214189E80026643ED001C284729490024600002603A
S214189E904878002C487800014E932640508F4A8008
S214189EA0670002922682274300042747000842AB21
S214189EB0002449EB0024274C002822472069002C50
S214189EC02748001C670849EB001C214C0020204737
S214189ED0214B002C702CD087274000202246206962
S214189EE000207000B0FC00006664274A001442ABDD
S214189EF0001042AB000C720127410018B4FC000099
S214189F00677E72FFB2806672254B000C244B206A5F
S214189F100014B0FC0000676E7001B0A800186666E2
S214189F20226800142029000CB0886600010C20292D
S214189F300010676072012840B2AC0018665642AC32
S214189F40001842A8001823410018244960C022505F
S214189F50246800042009220A92839182650001E68B
S214189F602009220A928391826300FEBE2228000CE2
S214189F7070FF244820416000FF6C254B0010608C51
S214189F802046214B002022462069002042A80018AF
S214189F906000FE96B5E800106638202A000C2140AE
S214189FA00010670628402948001420280014254069
S214189FB00014676C202800142840B1EC000C665872
S214189FC0294A000C2548000C214A0014200A244867
S214189FD0204042A800187001234000182069000C81
S214189FE0202800102340000C670628402949001432
S214189FF02029001421400014673620290014284010
S21418A000B3EC000C66222948000C2149001023489E
S21418A0100014224A6000FF342840294A001060A421
S21418A0202846294A0020609C28402948001060DAF3
S21418A03028462948002060D24A80670C72012840BA
S21418A040B2AC00186700FEF8B5E8000C6638202A8F
S21418A05000102140000C67062840294800142028C4
S21418A0600014254000146766202800142840B1EC18
S21418A070000C6652294A000C25480010214A001484
S21418A080200A2448204042A80018700123400018CF
S21418A090206900102028000C23400010670628406E
S21418A0A0294900142029001421400014673020295B
S21418A0B000142840B3EC000C661C2948000C2149F3
S21418A0C0000C6000FF4A2840294A001060AA28465B
S21418A0D0294A002060A228402948001060E0284637
S21418A0E02948002060D845ED001C234A0020244744
S21418A0F0254D00207020D0872B40002072038390B7
S21418A100387C00282F04487478004EB900189B1025
S21418A110508F24006700FCC22F00487478004EB990
S21418A12000188F462F024EB9001935924FEF000CC3
S21418A1306000FCA62F0D4EB900193592588F700C7A
S21418A1406000FC982228001070016000FE264E560B
S21418A150FFE848E73C38266E0008242E000C262E0A
S21418A160001045EEFFE84878001842A72F0A4EB9A7
S21418A17000195E4C2D42FFE82D43FFEC2F0A486B62
S21418A18000284EB900189B1024404FEF00144A8040
S21418A190670C70004CEE1C3CFFCC4E5E4E75487833
S21418A1A00018487800014EB9001934022040508F24
S21418A1B04A80670001FA208221430004226B002897
S21418A1C07000B2FC00006664214A001042A8000C19
S21418A1D042A800087A0121450014B4FC0000677EE6
S21418A1E072FFB28066722548000822680010B2FC1A
S21418A1F00000676E7801B8A9001466662469001016
S21418A200286A0008B9C9660000FA286A000CB8FC63
S21418A2100000675A7801B8AC0014665242AC0014B5
S21418A22042A9001425440014204A60BE2011222991
S21418A230000428022A039A8199806200017828026D
S21418A2402A039A8199806400FF4A2229000870FF21
S21418A250244922416000FF6C2548000C608C274872
S21418A2600028206B002842A800146000FF26B1E9D9
S21418A270000C663428680008234C000C670429492B
S21418A280001020290010214000106764286900106B
S21418A290B3EC0008665429480008214900082348EA
S21418A2A0001020082049224042A900147A012545AA
S21418A2B00014226A00082869000C254C0008670458
S21418A2C0294A0010202A001023400010672E286AFA
S21418A2D00010B5EC0008661E29490008234A000C31
S21418A2E02549001024486000FF402948000C60AA41
S21418A2F02748002860A42949000C60E02749002850
S21418A30060DAB8FC000067187001B0AC001466106C
S21418A31042AC001442A90014254000146000FF0A3D
S21418A320B1E9000866342868000C234C0008670456
S21418A330294900102029001021400010675E28695E
S21418A3400010B3EC0008664E294800082149000C96
S21418A3502348001020082049224042A90014720100
S21418A36025410014226A000C28690008254C000CA8
S21418A3706704294A0010202A001023400010672876
S21418A380286A0010B5EC0008661829490008234A00
S21418A39000086000FF4C2948000C60B027480028C9
S21418A3A060AA2949000C60E62749002860E0700C6E
S21418A3B06000FDE22229000C70016000FE944E56E3
S21418A3C0000048E73020246E0008242E000C262EA5
S21418A3D000102F032F022F2A001C4EB900189AC2FD
S21418A3E04FEF000C20404A806726B5E80008661034
S21418A3F022680028226900042251B3E80024671056
S21418A4002F032F022F0A4EB90018A14E4FEF000C3B
S21418A41070004CEE040CFFF44E5E4E754E56FFFC64
S21418A42048E73F3C266E0008246E000C142E0013D6
S21418A430206B00242D680018FFFC286A00204BF9B2
S21418A440001886247A001A022C3C0018A9882E3C7C
S21418A45000193592B8FC00006700008C262C001CEA
S21418A460282C00184A026720226C000C42A90046C5
S21418A47042A9004A70FCC191486C0004206EFFFC8B
S21418A4802F2800024E95508F206C0024B0FC000038
S21418A4906740216C00280028226C0028228842A7D2
S21418A4A02F052F042F0A2F0B20464E90206C001CC9
S21418A4B04FEF0014B0FC00006724216C0020002029
S21418A4C0226C002022882F0C20474E90588F284345
S21418A4D06082226C0018236C0028002860BA256C4D
S21418A4E00020002460DA206A00287400B0FC0000FF
S21418A4F066342A3C001893C87828D88A4BF900186E
S21418A5008F4649F9001935924A8267222F0220454C
S21418A5104E9026002E822F044E952F024E944FEF03
S21418A520000C240360E224082068000860BE206A35
S21418A530002C49F9001896DAB0FC00006716242893
S21418A540001CB5E8000866082F082F0B4E94508F8D
S21418A550204260E42D4A00084CEE3CFCFFD44E5EC8
S21418A5604EF9001935924E56FFD048E73F3C266EF6
S21418A57000081D6E000FFFD31D6E0013FFD27EE07D
S21418A580DE8E76F0D68E246B0018B4FC00006700BA
S21418A590012E202A000C667E226A0030B2FC0000CB
S21418A5A0676C236A00340034206A00342089242A11
S21418A5B00004D4AA0008274200042A6B00242F2D72
S21418A5C0003249F900188F344E94588F2800B082FC
S21418A5D062102F2D00364E94588F988094842742F8
S21418A5E00004201252802740000C42A72F0A2F0B77
S21418A5F04EB90018A41C2F0B4EB9001893364FEFFF
S21418A60000104A2EFFD26700FF7E600000B2276A4D
S21418A6100034001C6092B0AA0014665E242A000457
S21418A620D4AA0008274200042A6B00242F2D0032D3
S21418A63049F900188F344E94588F2800B08262104B
S21418A6402F2D00364E94588F9880948427420004F5
S21418A650201252802740000C226A0030B2FC0000FC
S21418A6606710236A00340034206A0034208960009A
S21418A670FF7A276A0034001C60EE4A2EFFD366481D
S21418A680262A0004274300042A6B00242F2D0032A4
S21418A69049F900188F344E94588F2400B0836210EE
S21418A6A02F2D00364E94588F948096822743000498
S21418A6B02752000C2F0B4EB900189336588F4CEEB5
S21418A6C03CFCFFA84E5E4E752A6A001C206D0024BE
S21418A6D0286800182F2D00144EB90019357E24004E
S21418A6E0588F661C4878053548790019F611487948
S21418A6F00019E8D34EB9001951FE4FEF000C60FE52
S21418A700282A00202C3C001886244A846700010E4C
S21418A71022442D69001CFFD4206900182F28000435
S21418A7202F102F07206C00022F2800144EB900187F
S21418A730FA822A004FEF00106718204508280000F4
S21418A7400003670E224420690018B5E80008670061
S21418A75000B04878001042A72F034EB900195E4C77
S21418A76020442D50FFDC42AEFFD82F2EFFDC2F2EB4
S21418A770FFD82F032F2D00244EB900189CD44FEF66
S21418A780001C4A80671C4878054548790019F61158
S21418A79048790019E8D34EB9001951FE4FEF000C4E
S21418A7A060FE2F2D00142F2EFFFC2F024EB9001915
S21418A7B05DDC2F032F2C000222464E9148780001AC
S21418A7C02244206900182F2800042F102F022F2C3F
S21418A7D000024EB9001887584FEF00242E842F0019
S21418A7E02F05206C00022F2800144EB90018A82A2E
S21418A7F04FEF00104A856616282EFFD46000FF0C0F
S21418A8002F052F2C00024EB90018880C508F2F07D2
S21418A8102F2C000220464E90508F60DC2F024EB927
S21418A82000193592588F6000FDDA4E56000048E73A
S21418A830303C2A6E000C202E0010286E0014246C53
S21418A8400014242C0018266A001C262B00184A8090
S21418A850670425400018226C001CB2FC0000670034
S21418A8600100236C00200020206C00202089226C18
S21418A8700024B2FC0000670000F2236C00280028B1
S21418A880206C0028208942A742A72F022F0A2F0BD8
S21418A8904EB90018A9884FEF00142042B5E80008F2
S21418A8A0660EBAFC0000670842AD004642AD004A84
S21418A8B02F0C4EB900193592202A001452802540C4
S21418A8C00014588FB0AA000C660000B4B68A66004A
S21418A8D000AE242A0004D4AA000827420004262B17
S21418A8E0002420432F2800324BF900188F344E9539
S21418A8F0588F2840B082621220432F2800364E9573
S21418A900588F99C0948C27420004201252802740F2
S21418A910000C206A0030B0FC0000675A216A003428
S21418A9200034226A0034228842A72F0A2F0B4EB909
S21418A9300018A41C42A742A72F0B4EB90018A566EC
S21418A9402F0B4EB9001893364FEF001C2D6B0024B2
S21418A95000084CEE3C0CFFE84E5E4EF900189BECD7
S21418A960256C002000246000FF002042216C00287F
S21418A97000286000FF0C276A0034001C60A44CEE08
S21418A9803C0CFFE84E5E4E754E56FFE048E73E3CE0
S21418A9902A2E0008246E0010102E00171C2E001BDE
S21418A9A0222A0008B2AE000C660001422245206931
S21418A9B00024286800184A00662E206A002445F9E4
S21418A9C00018A82AB0FC00006700012224280024DA
S21418A9D02F0842A742A7206C00022F2800144E9278
S21418A9E04FEF0010204260DC78E0D88E48780010D0
S21418A9F042A72F0447F900195E4C4E934BEEFFF012
S21418AA004878001042A72F0D4E93206A0028206819
S21418AA10000426504FEF0018B6FC0000670000CE62
S21418AA204A06660000D22F2A00042F122F0D2F2C4C
S21418AA3000024EB9001889CE4FEF00104A80671CE6
S21418AA404878062648790019F61148790019E8D387
S21418AA504EB9001951FE4FEF000C60FE2613740015
S21418AA602F032F022F0420452F2800244EB9001834
S21418AA709CD44FEF00104A80671C4878062A4879FD
S21418AA800019F61148790019E8D34EB9001951FE85
S21418AA904FEF000C60FE22452F2900142F2EFFECD6
S21418AAA02F2EFFFC4EB900195DDC2F2B00142F0A31
S21418AAB04EB900189372206EFFF8217C0018A82A49
S21418AAC00046214B004A226EFFE8700881917203F7
S21418AAD083902F042F2C000245F9001886244E92D6
S21418AAE02F0D2F2C00024E924FEF00244CEE3C7C7C
S21418AAF0FFBC4E5E4E752F2B00142F0A4EB9001849
S21418AB009372508F60E64E56000048E73838246E29
S21418AB100008206E000C282A0008260452832543B5
S21418AB2000085290286A00242F2C003247F9001883
S21418AB308F344E93588F2400B08362102F2C003613
S21418AB404E93588F9480968225430008202A000832
S21418AB50B0AA0004663A48780001487800012F0A1F
S21418AB604EB90018A5664FEF000C202A0008B0AAA8
S21418AB700004661C487805C848790019F611487903
S21418AB800019E8D34EB9001951FE4FEF000C60FEBD
S21418AB9020044CEE1C1CFFE84E5E4E754E56FFF019
S21418ABA048E7203C206E0008206800242868001813
S21418ABB0206E000C2068002045EEFFF04BF90019B7
S21418ABC05DDC47F900188624B0FC000067202428AE
S21418ABD0001C48780010486800042F0A4E952F0A63
S21418ABE02F2C00024E934FEF0014204260DA4CEEE2
S21418ABF03C04FFDC4E5E4E754E5600004878003812
S21418AC00487800014EB9001934022040508F4A8007
S21418AC10671C216E0008001C70FF2140001042A817
S21418AC20001842A8002043E80020214900242008E4
S21418AC304E5E4E754E56FF6C48E73F3C246E000835
S21418AC402A2E000C2D6A0008FF76204520AA001030
S21418AC504878001042A7486EFFA449F900195E4CC0
S21418AC604E944878001042A7486EFFB44E94206A57
S21418AC7000242D680018FF842245206900242068C7
S21418AC80000426504FEF00184BEEFFDC7628D685CA
S21418AC90283C00189B102C3C001896DAB6FC0000CE
S21418ACA0673E206B0020206800042410487800189F
S21418ACB042A72F0D4EB900195E4C2E2B00182047B0
S21418ACC02010222800042D40FFDC2D41FFE0226BC7
S21418ACD0000C4FEF000C0829000100036700027CE7
S21418ACE022452669002042AEFF9C74FF99CC42AEDE
S21418ACF0FF9842AEFF9042AEFF88220550812D4144
S21418AD00FF7AB6FC000067000B8E2D6B001CFF72D6
S21418AD104878001842A7486EFFC44EB900195E4C12
S21418AD20262B001820432010222800042D40FFC48C
S21418AD302D41FFC82A6B000C4FEF000C082D0001A0
S21418AD400003670002CA262B00102A6A0024204532
S21418AD502D50FFA0486D00224EB90018940C588F3D
S21418AD604A806700036E2F2D002E4EB900188F34B8
S21418AD70240070102E80486D00524878FFFF4BF95B
S21418AD80001850BE4E9548780004486EFFA02F0055
S21418AD904E952F022F032F004E9528004FEF0024B4
S21418ADA0226B001074001411E14A484242427000A7
S21418ADB01029000148404240848070001029000283
S21418ADC0E1888082802900032D40FF8C4203243CB2
S21418ADD000188F344AAEFF98660000CE2F2EFF7AE2
S21418ADE02F0A4EB90018AB062D40FF982F0042A721
S21418ADF0486EFFA42F2A00244EB900189D2C2C004C
S21418AE004FEF0018660001302D6EFFB0FF9C226EC3
S21418AE10FF9C12BCFF98137C00390001137C003B82
S21418AE200002137CFFC00003137C000100044229B3
S21418AE300005422900064229000728452F142042FB
S21418AE404E90220042414841E049226EFF9C134131
S21418AE500008220042414841134100092200E089B7
S21418AE601341000A1340000B387C000CD9C92A6A13
S21418AE7000147022D0AA00242E804EB90018940C04
S21418AE80588F4A806600028A4BEDFFF42D4DFF90CE
S21418AE9020454AA800046606216EFF980004226E14
S21418AEA0FFAC700B819176012D6B0004FF942D6B0F
S21418AEB00008FF7E20452028000C5380B0AEFF887F
S21418AEC057C044001D40FF834A03671A487800108D
S21418AED07052D0AA00242F00486EFFEA4EB9001907
S21418AEE05DDC4FEF000C2A6A00242F0D4EB90018AF
S21418AEF092FA588F2E002C2EFF909C806A00021A09
S21418AF0048790019F62A4EB9001952F0588F2F2E84
S21418AF10FF9C2F2A00244EB900189B5E486EFFA48B
S21418AF20206A00242F104EB9001886242C004FEFE4
S21418AF3000106700FEA8721CB28667000924256EEA
S21418AF40FF760008487800012F052F0A4EB900181A
S21418AF50A41C4FEF000C60000908206B0024B0FCFE
S21418AF60000067000094216B00280028286B002832
S21418AF70288842A9004642A9004A2F0D2F032044CC
S21418AF804E90508F4A8056C0488048C044802F0044
S21418AF90487800012F072F052F0A4EB90018A988E0
S21418AFA0206B00184FEF0014BAA80008660A2F087E
S21418AFB02F0A22464E91508F284553AC000C486BEA
S21418AFC00004206EFF842F2800024EB9001886242D
S21418AFD0226B001C508FB2FC00006728236B0020E1
S21418AFE00020206B002020892F0B4EB900193592AF
S21418AFF0588F26426000FCA62847296B0028002890
S21418B0006000FF6A2845296B0020002460D4206B56
S21418B0100024B0FC0000670000A4216B002800285C
S21418B020226B0028228842AD004642AD004A486E80
S21418B030FFC42045486800284EB900189B10508F4A
S21418B0404A8056C0488048C044802F00487800017F
S21418B0502F032F052F0A4EB90018A988226B00183F
S21418B0604FEF0014BAA90008660C2F092F0A4EB91C
S21418B070001896DA508F224553A9000C486B000426
S21418B080206EFF842F2800024EB9001886242A6BDB
S21418B090001C508FBAFC0000672E2B6B0020002077
S21418B0A0226B0020228D2F0B4EB900193592588F1F
S21418B0B028022404266EFF726000FC482243236B85
S21418B0C0002800286000FF5A2245236B0020002421
S21418B0D060CE0CAD01FFFFFF0026632E282D004A18
S21418B0E00284010000006700FCB82F2D002E4EB910
S21418B0F000188F342E802F032F024EB90018507C5C
S21418B10028004FEF000C6000FC9878006000FC9256
S21418B1104BEDFFF06000FD760CAD01FFFFFF00263B
S21418B1206300023A082D0004004A67000230487887
S21418B130001042A72F0C4EB900195E4C2F2EFF7E1A
S21418B14020424E90220042414841E0491881220090
S21418B15042414841194100012200E0891941000284
S21418B160194000034FEF00100CAD01FFFFFF00263B
S21418B1706334082D0001004A672C2F2EFF942242B4
S21418B1804E91588F220042414841E0491941000823
S21418B190220042414841194100092200E08919411C
S21418B1A0000A1940000B4A036700014E700FB0865C
S21418B1B06D0A48790019F6336000FD4C487800107F
S21418B1C0486EFFEA200CD0872F007210DE814EB929
S21418B1D000195DDC4FEF000C2F042F0C2F0D4EB905
S21418B1E0001894824FEF000C4A2EFF83675C72009B
S21418B1F0122C0004E149484142417000102C000509
S21418B2004840424082807000102C0006E1888081F9
S21418B210802C00072F004BF900188F344E957208B3
S21418B22082802E814E95588F220042414841E0492F
S21418B23019410004220042414841194100052200E4
S21418B240E08919410006194000070CAE98393BC032
S21418B250FF8C665C7200122C0004E149484142419A
S21418B2607000102C00054840424082807000102C58
S21418B2700006E1888081802C00072F004BF9001803
S21418B2808F344E95720182802E814E95588F2200EB
S21418B29042414841E04919410004220042414841D0
S21418B2A0194100052200E0891941000619400007D7
S21418B2B02F2EFF7A2F0A4EB90018AB0624002F003F
S21418B2C042A7486EFFB42F2A00244EB900189D2CAA
S21418B2D02C004FEF0018670001CA206EFFAC70FCF8
S21418B2E0C190486EFFA4206A00242F104EB900188B
S21418B2F08624508F6000FC407200122C0004E1492E
S21418B300484142417000102C000548404240828057
S21418B3107000102C0006E1888081802C00072F0012
S21418B320243C00188F3420424E90720282802E8160
S21418B33020424E90588F220042414841E049194118
S21418B3400004220042414841194100052200E089C4
S21418B35019410006194000076000FE7E4878000C68
S21418B36042A72F0C4EB900195E4C2F2EFF7E204296
S21418B3704E90220042414841E0491881220042413D
S21418B3804841194100012200E0891941000219407C
S21418B39000034FEF00100CAD01FFFFFF00266334CB
S21418B3A0082D0001004A672C2F2EFF9422424E913A
S21418B3B0588F220042414841E049194100082200AE
S21418B3C042414841194100092200E0891941000A02
S21418B3D01940000B4A03670000A0700FB0866D0A6C
S21418B3E048790019F63C6000FB1E48780010486E35
S21418B3F0FFEA200CD0872F007210DE814EB9001994
S21418B4005DDC4FEF000C2F042F0C2F0D4EB90018D3
S21418B41094824FEF000C4A2EFF8367267200122C78
S21418B4200006E189822C00072401E18A3001E048F1
S21418B4308042004000083200E059194000061941C1
S21418B44000070CAE98393BC0FF8C6600FE6472008D
S21418B450122C0006E189822C00072401E18A3001AB
S21418B460E0488042004000013200E05919400006CA
S21418B470194100076000FE3A7200122C0006E18996
S21418B480822C00072401E18A3001E04880420040FF
S21418B49000023200E0591940000619410007600002
S21418B4A0FF662A6EFFC02F2A00142F2B00102F0DB0
S21418B4B04EB900195DDC4FEF000C0CAE98393BC046
S21418B4C0FF8C660E4215422D0001422D0002422DB9
S21418B4D00003226EFFBC720B8391486EFFB4226A7B
S21418B4E000242F114BF9001886244E952C00508FE7
S21418B4F06718206EFFAC70FCC190486EFFA4206AD7
S21418B50000242F104E956000FDEA2682D9C79FAEFC
S21418B510FF9052AEFF886000FB9A7604600003DE48
S21418B520264820680008600003DC327CFFEC6000C8
S21418B53004B27008B08366202F2B00042F134EB960
S21418B54000188F18508F2A802B410004DBC3948371
S21418B550266EFF9C600003C62F2B00044EB90018F9
S21418B5608F34588F2A8060E42845242C001C486C99
S21418B57000082F024EB90018AB062F0042A7486ED7
S21418B580FFDC20422F2800244EB900189D2C2C00D2
S21418B5904FEF00186600F9A0286EFFE818BCFF9851
S21418B5A0197C00390001197C003B0002197CFFC089
S21418B5B00003197C00020004422C0005422C0006E9
S21418B5C0422C000722452F114BF900188F344E9540
S21418B5D0588F220042414841E0491941000822008C
S21418B5E042414841194100092200E0891941000AE0
S21418B5F01940000B20422628002422430CA901FFDC
S21418B600FFFF0026634008290000004A6738197CA7
S21418B6100001000C197C0004000D20452F2800108E
S21418B6204E95588F220042414841E0491941001072
S21418B630220042414841194100112200E08919416F
S21418B6400012194000137C22DC832F06283C0018B1
S21418B650940C22444E91588F4A806744422C000C12
S21418B660422C000D2F0620444E90588F4A806700B3
S21418B67001182F0C2F034EB900189590508F2200E2
S21418B68042414841E04919410010220042414841D0
S21418B690194100112200E0891941001219400013BF
S21418B6A0206EFFE4700B8190486EFFDC2242206902
S21418B6B000242F10243C0018862428424E94508FBD
S21418B6C04A806600042252AA0010224520690028E3
S21418B6D0B0FC0000660000B8283C001893C849F96A
S21418B6E000189AC22C3C0018FA822E3C0018A82A79
S21418B6F0B6FC0000670000A22F0B22444E912600CD
S21418B7002EAB00042F132F0A4E944FEF000C4A80CE
S21418B7106770224020690028206800042650B6FC6E
S21418B7200000675E4878001042A7486EFFDC4EB9E6
S21418B73000195E4C206B00182F2800042F10486E36
S21418B740FFDC206A002420502F28001420464E9034
S21418B7502F0B42A72F00206A002420502F280014F1
S21418B7602D40FF6E22474E914FEF002C202EFF6E75
S21418B7706710486EFFDC206A00242F1020424E9077
S21418B780508F26436000FF6A70006000FEF226485D
S21418B790206800086000FF3A2845222C000C4AAAA8
S21418B7A00018660000C82C01266A002449F90018FB
S21418B7B093362045262800044A81676025430004EE
S21418B7C02F2B00324E95588F2400B08362102F2BE3
S21418B7D000364E95588F948096822543000422454D
S21418B7E02551000C2F0A4E942F2A00244EB9001803
S21418B7F09BEC284542AC0030206A001C29480034CF
S21418B80020857030D0852540001C2F052F0A4EB98C
S21418B8100018AB9C4FEF0010600002C6D6A80008B0
S21418B820254300042F2B00324E95588F2400B083E2
S21418B83062102F2B00364E95588F9480968225438B
S21418B84000042045201052802540000C2F0A4E94E4
S21418B85042A72F052F0A4EB90018A41C4FEF001048
S21418B86020064CEE3CFCFF444E5E4E7542AC003053
S21418B870206A001C2948003420857030D085254061
S21418B880001C2C0167DA2F052F0A4EB90018AB9C3E
S21418B890508F6000024C4AAEFF98672E2F2EFF9CE2
S21418B8A02F2A00244EB900189B5E2245234200100A
S21418B8B0486EFFA4206A00242F104EB9001886245C
S21418B8C02C004FEF00106600F66E4878001042A75E
S21418B8D0486EFFDC47F900195E4C4E93206A002428
S21418B8E04FEF000C0CA801FFFFFF00266300FC2C8E
S21418B8F008280001004A6700FC2276082845206CB4
S21418B900002897CBB0FC00006600FC167C009BCD88
S21418B91078007400200550802D40FF98B6FC000073
S21418B9206700013A2F0B4EB9001893C8588F2D4050
S21418B930FF9C2E3C00189B5E4A84660000C02F2E83
S21418B940FF982F0A4EB90018AB0628002F0042A7FA
S21418B950486EFFDC2F2A00244EB900189D2C2C00A8
S21418B9604FEF00186600F5D0286EFFE818BCFF9851
S21418B970197C00390001197C003B0002197CFFC0B5
S21418B9800003197C00050004422C0005422C000612
S21418B990422C000720452F104EB900188F3422006D
S21418B9A042414841E04919410008220042414841B5
S21418B9B0194100092200E0891941000A1940000BB4
S21418B9C04BEC0010242A00147022D0AA00242E80D3
S21418B9D04EB90018940C588F4A806600FB4E327C7D
S21418B9E0FFF0D3C2240920454AA80004660421445F
S21418B9F00004226EFFE4700B81912C0CB6826F0047
S21418BA00FB32222A001492822F014EB900188F3466
S21418BA10220042414841E04920461141000C2200CC
S21418BA20424148411141000D2200E0891141000EA3
S21418BA301140000F2E862F2A002422474E91486E5A
S21418BA40FFDC206A00242F104EB9001886242C001C
S21418BA504FEF00106700FEE86000F4DC4A84675E6B
S21418BA604A866734222A001492822F014EB900188B
S21418BA708F34588F220042414841E04920461141F0
S21418BA80000C2200424148411141000D2200E08975
S21418BA901141000E1140000F2F062F2A00244EB910
S21418BAA000189B5E486EFFDC206A00242F104EB9E3
S21418BAB0001886242C004FEF00106600F47A2245F2
S21418BAC04AA900206600FAA24AA900286600FA9A2F
S21418BAD042A72F052F0A4EB90018A41C4FEF000CCA
S21418BAE07C006000FD7C2C006000F44C4E56000074
S21418BAF0222E000C2001E688206E0008D1C07007A0
S21418BB00C2807001E3A881104E5E4E754E56000036
S21418BB102F0A2F02242E000808020000674C4EB980
S21418BB200018042208000008674048790019F645EE
S21418BB3048790019E90345F9001951FE4E924878DC
S21418BB40008E48790019E9064E9248790019F64F82
S21418BB504EB9001952F02079001A0A4E2F280008FC
S21418BB604EB9001949EA4FEF001808020001674C51
S21418BB704EB90018042208000008674048790019D2
S21418BB80F64548790019E90345F9001951FE4E9211
S21418BB904878009048790019E9064E9248790019B5
S21418BBA0F65B4EB9001952F02079001A0A4E2F2863
S21418BBB000084EB9001949EA4FEF001844C2664CFF
S21418BBC04EB9001804220800000867404879001982
S21418BBD0F64548790019E90345F9001951FE4E92C1
S21418BBE04878009248790019E9064E924879001963
S21418BBF0F6644EB9001952F02079001A0A4E2F280A
S21418BC0000084EB9001949EA4FEF001844C26A4CAA
S21418BC104EB9001804220800000867404879001931
S21418BC20F64548790019E90345F9001951FE4E9270
S21418BC304878009448790019E9064E924879001910
S21418BC40F66C4EB9001952F02079001A0A4E2F28B1
S21418BC5000084EB9001949EA4FEF00180802000408
S21418BC60674C4EB900180422080000086740487947
S21418BC700019F64548790019E90345F9001951FEE7
S21418BC804E924878009648790019E9064E924879F7
S21418BC900019F6784EB9001952F02079001A0A4E93
S21418BCA02F2800084EB9001949EA4FEF0018080265
S21418BCB00006674C4EB900180422080000086740B2
S21418BCC048790019F64548790019E90345F9001925
S21418BCD051FE4E924878009848790019E9064E9217
S21418BCE048790019F6804EB9001952F02079001AD2
S21418BCF00A4E2F2800084EB9001949EA4FEF0018C7
S21418BD004A026C4C4EB90018042208000008674016
S21418BD1048790019F64548790019E90345F90019D4
S21418BD2051FE4E924878009A48790019E9064E92C4
S21418BD3048790019F6884EB9001952F02079001A79
S21418BD400A4E2F2800084EB9001949EA4FEF001876
S21418BD5008020008674C4EB90018042208000008AC
S21418BD60674048790019F64548790019E90345F9F6
S21418BD70001951FE4E924878009C48790019E90639
S21418BD804E9248790019F68E4EB9001952F020795D
S21418BD90001A0A4E2F2800084EB9001949EA4FEF24
S21418BDA0001808020009674C4EB90018042208004B
S21418BDB00008674048790019F64548790019E903DC
S21418BDC045F9001951FE4E924878009E4879001998
S21418BDD0E9064E9248790019F6924EB9001952F0B3
S21418BDE02079001A0A4E2F2800084EB9001949EA79
S21418BDF04FEF00180802000A674C4EB900180422C4
S21418BE0008000008674048790019F645487900196F
S21418BE10E90345F9001951FE4E92487800A0487972
S21418BE200019E9064E9248790019F69A4EB9001983
S21418BE3052F02079001A0A4E2F2800084EB9001919
S21418BE4049EA4FEF00180802000C674C4EB9001864
S21418BE50042208000008674048790019F645487912
S21418BE600019E90345F9001951FE4E92487800A2C8
S21418BE7048790019E9064E9248790019F6A34EB982
S21418BE80001952F02079001A0A4E2F2800084EB9C9
S21418BE90001949EA4FEF00180802000D674C4EB912
S21418BEA00018042208000008674048790019F6456B
S21418BEB048790019E90345F9001951FE4E92487859
S21418BEC000A448790019E9064E9248790019F6AB8D
S21418BED04EB9001952F02079001A0A4E2F28000879
S21418BEE04EB9001949EA4FEF00180802000E674CC1
S21418BEF04EB900180422080000086740487900194F
S21418BF00F64548790019E90345F9001951FE4E928D
S21418BF10487800A648790019E9064E92487900191B
S21418BF20F6B54EB9001952F02079001A0A4E2F2885
S21418BF3000084EB9001949EA4FEF00184A426C58E3
S21418BF404EB90018042208000008674C48790019F2
S21418BF50F64548790019E90345F9001951FE4E923D
S21418BF60487800A848790019E9064E9248790019C9
S21418BF70F6BE4EB9001952F04FEF00142079001A89
S21418BF800A4E2D6800080008242EFFF8246EFFFCC1
S21418BF904E5E4EF9001949EA242EFFF8246EFFFC6F
S21418BFA04E5E4E754E5600002F0A2F02242E00089D
S21418BFB008020000674C4EB9001804220800000852
S21418BFC0674048790019F64548790019E90345F994
S21418BFD0001951FE4E92487800BD48790019E906B6
S21418BFE04E9248790019F6CA4EB9001952F02079BF
S21418BFF0001A0A4E2F2800084EB9001949EA4FEFC2
S21418C000001808020001674C4EB9001804220800F0
S21418C0100008674048790019F64548790019E90379
S21418C02045F9001951FE4E92487800BF4879001914
S21418C030E9064E9248790019F6D74EB9001952F00B
S21418C0402079001A0A4E2F2800084EB9001949EA16
S21418C0504FEF001844C2664C4EB900180422080068
S21418C0600008674048790019F64548790019E90329
S21418C07045F9001951FE4E92487800C148790019C2
S21418C080E9064E9248790019F6E24EB9001952F0B0
S21418C0902079001A0A4E2F2800084EB9001949EAC6
S21418C0A04FEF001844C26A4C4EB900180422080014
S21418C0B00008674048790019F64548790019E903D9
S21418C0C045F9001951FE4E92487800C34879001970
S21418C0D0E9064E9248790019F6EC4EB9001952F056
S21418C0E02079001A0A4E2F2800084EB9001949EA76
S21418C0F04FEF001808020004674C4EB900180422C7
S21418C10008000008674048790019F645487900196C
S21418C110E90345F9001951FE4E92487800C548794A
S21418C1200019E9064E9248790019F6F64EB9001924
S21418C13052F02079001A0A4E2F2800084EB9001916
S21418C14049EA4FEF001808020005674C4EB9001868
S21418C150042208000008674048790019F64548790F
S21418C1600019E90345F9001951FE4E92487800C7A0
S21418C17048790019E9064E9248790019F6FF4EB923
S21418C180001952F02079001A0A4E2F2800084EB9C6
S21418C190001949EA4FEF001808020006674C4EB916
S21418C1A00018042208000008674048790019F64568
S21418C1B048790019E90345F9001951FE4E92487856
S21418C1C000C948790019E9064E9248790019F70906
S21418C1D04EB9001952F02079001A0A4E2F28000876
S21418C1E04EB9001949EA4FEF001808020008674CC4
S21418C1F04EB900180422080000086740487900194C
S21418C200F64548790019E90345F9001951FE4E928A
S21418C210487800CB48790019E9064E9248790019F3
S21418C220F7154EB9001952F02079001A0A4E2F2821
S21418C23000084EB9001949EA4FEF0018080200091D
S21418C240674C4EB900180422080000086740487961
S21418C2500019F64548790019E90345F9001951FE01
S21418C2604E92487800CD48790019E9064E924879DA
S21418C2700019F71B4EB9001952F02079001A0A4E09
S21418C2802F2800084EB9001949EA4FEF001808027F
S21418C290000A67584EB90018042208000008674CB0
S21418C2A048790019F64548790019E90345F900193F
S21418C2B051FE4E92487800CF48790019E9064E92FA
S21418C2C048790019F7244EB9001952F04FEF0014A8
S21418C2D02079001A0A4E2D6800080008242EFFF848
S21418C2E0246EFFFC4E5E4EF9001949EA242EFFF81C
S21418C2F0246EFFFC4E5E4E754E56FFF448E73C38EB
S21418C300246E0008266A0014082B0002006C6700CA
S21418C31000AE260B5C837400142B005EE18A842B17
S21418C320005F2D6A0018FFF82F2A00104EB9001863
S21418C33056882D40FFFC2F2A00102F034EB90018E0
S21418C340522E2A0042A72F2A00102F0349F9001848
S21418C350526E4E9448780010486B006E4878FFFF6F
S21418C36047F9001850BE4E934FEF00244878000443
S21418C370486EFFF82F004E9348780004486EFFFC6E
S21418C3802F004E932F022F2A00102F004E934FEF98
S21418C39000202E852F2A00102F032D40FFF44E94D0
S21418C3A04FEF000C202EFFF40C4200806606028029
S21418C3B00000FFFF4CEE1C3CFFD84E5E4E7570001A
S21418C3C060F24E56FFE848E73F3C246E0008242EDD
S21418C3D0000C286E00102A6E00141D6E001BFFEC51
S21418C3E0266A00142F2A0010486B00064EB900184B
S21418C3F0598A508F260086816612429442AC0004F1
S21418C40070004CEE3CFCFFC04E5E4E75082B0006C6
S21418C410006967722F3C000800002F2A00104EB9DA
S21418C42000185A54508F4A00675C42A7200D7200B5
S21418C4304601C0812F00486EFFF0487800012F0291
S21418C4402F0A4EB90019298A4FEF00184A8066B28B
S21418C45028AEFFF0296EFFF40004262EFFF086AEF5
S21418C460FFF4669E4A2EFFEC66984878056348796E
S21418C4700019F73248790019E8D34EB9001951FE59
S21418C4804FEF000C60FE226A0010700BB082651623
S21418C4902F022F094EB90018580A29400004429452
S21418C4A0508F6000FF5C41EB040E76012E027C0074
S21418C4B020182218928791866200008E5283720482
S21418C4C0B28366EC70056000FF3AD281D281206E86
S21418C4D0FFFC2A30180078002F032F2B0002204666
S21418C4E04E90508F4A806600FF1A22048285670095
S21418C4F0FF0AB5EEFFEC67462F2A00042F122F020C
S21418C50042A74EB90019D4244FEF001024012F2249
S21418C5102F222F012F004E954FEF00102F052F04B6
S21418C5202F032F2B00022D41FFE820474E904FEF88
S21418C5300010222EFFE84A8067906000FEC6288406
S21418C540294500046000FEBC2C0353862006E788A5
S21418C55045F308002E2A040A2F062F094EB900188C
S21418C560588A2A007800508F200480856700FE8C31
S21418C57094874BF90019CEC42F2A042A2F2A04268A
S21418C5802F0242A74E954FEF0010E78B244345EA3B
S21418C590041E45F3A80041EB04262D48FFEC76F060
S21418C5A0D68E2E3C00186A0A2C3C0018862460008A
S21418C5B0FF6C4E56FFFC48E7203C246E0008206EA1
S21418C5C0000C266E00107200122A0064E1494841D9
S21418C5D042417000102A0065484042408280700030
S21418C5E0102A0066E1888081802A00670800000A01
S21418C5F0675A2A4E2B08342B001E426B001E4878AA
S21418C6000010486A00684878FFFF49F9001850BEBD
S21418C6104E94487800042F0D2F004E947200122A5C
S21418C62000FEE189822A00FF0C4100206402722075
S21418C6303F0142672F0B2F004E943742001E4FEFD4
S21418C64000244CEE3C04FFE84E5E4E7508000004CD
S21418C65067762A4E2B0848780010486A00682F3CE0
S21418C6600000FFFF49F900188ED64E94487800044B
S21418C6702F0D3F0042674E944878001E2F0B3F0040
S21418C68042674E944FEF00244A2A00636CB4720037
S21418C690122A00FEE189822A00FF0C41002064025B
S21418C6A0722002810000FFFF307C0020B28863925F
S21418C6B020414868FFE0486B00203F0042674E94D0
S21418C6C04FEF000C6000FF7C42406000FF764E562D
S21418C6D0000048E7303C266E0008262E000CB6FCF4
S21418C6E0000067044A83661C487800D44879001905
S21418C6F0F73248790019E8D34EB9001951FE4FEFB2
S21418C700000C60FE4AAB0052660A204342107000C6
S21418C7106000032E45F9001804224E9208000008FF
S21418C720674048790019F64548790019E90349F928
S21418C730001951FE4E94487800DB48790019E9062E
S21418C7404E9448790019F7464EB9001952F02079D8
S21418C750001A0A4E2F2800084EB9001949EA4FEF5A
S21418C76000182F2B00664BF90018BB0C4E954E92EE
S21418C770588F08000008674048790019F645487928
S21418C7800019E90349F9001951FE4E94487800DE5D
S21418C79048790019E9064E9448790019F76C4EB98D
S21418C7A0001952F02079001A0A4E2F2800084EB9A0
S21418C7B0001949EA4FEF0018242B006208020000FF
S21418C7C067484E9208000008674048790019F645F1
S21418C7D048790019E90349F9001951FE4E9448782A
S21418C7E000AD48790019E9064E9448790019F79073
S21418C7F04EB9001952F02079001A0A4E2F28000850
S21418C8004EB9001949EA4FEF0018080200016748A8
S21418C8104E9208000008674048790019F64548798E
S21418C8200019E90349F9001951FE4E94487800AFEB
S21418C83048790019E9064E9448790019F79D4EB9BB
S21418C840001952F02079001A0A4E2F2800084EB9FF
S21418C850001949EA4FEF001844C266484E9208007D
S21418C8600008674048790019F64548790019E90321
S21418C87049F9001951FE4E94487800B148790019C4
S21418C880E9064E9448790019F7AB4EB9001952F0DC
S21418C8902079001A0A4E2F2800084EB9001949EABE
S21418C8A04FEF001844C26A484E92080000086740C6
S21418C8B048790019F64548790019E90349F9001925
S21418C8C051FE4E94487800B348790019E9064E94FC
S21418C8D048790019F7B74EB9001952F02079001A9E
S21418C8E00A4E2F2800084EB9001949EA4FEF0018CB
S21418C8F00802000467484E92080000086740487906
S21418C9000019F64548790019E90349F9001951FE46
S21418C9104E94487800B548790019E9064E94487937
S21418C9200019F7C04EB9001952F02079001A0A4EAD
S21418C9302F2800084EB9001949EA4FEF00180802C8
S21418C940000567484E9208000008674048790019A5
S21418C950F64548790019E90349F9001951FE4E942D
S21418C960487800B748790019E9064E9448790019AE
S21418C970F7CD4EB9001952F02079001A0A4E2F2812
S21418C98000084EB9001949EA4FEF00184E920800F1
S21418C9900008674048790019F64548790019E903F0
S21418C9A049F9001951FE4E94487800E14879001963
S21418C9B0E9064E9448790019F7D74EB9001952F07F
S21418C9C02079001A0A4E2F2800084EB9001949EA8D
S21418C9D04FEF00182F2B006A49F90018BFA44E9481
S21418C9E0242B00660242FC29588F4A82675C4E92B6
S21418C9F008000008674048790019F6454879001974
S21418CA00E90345F9001951FE4E92487800E948792D
S21418CA100019E9064E9248790019F7FA4EB9001926
S21418CA2052F02079001A0A4E2F2800084EB900191D
S21418CA3049EA4FEF00182F024E95588F7079460026
S21418CA404CEE3C0CFFE84E5E4E75242B006A0242F4
S21418CA50FB844A826700FCB44E92080000086740C0
S21418CA6048790019F64548790019E90345F9001977
S21418CA7051FE4E92487800F348790019E9064E920E
S21418CA8048790019F8304EB9001952F02079001A72
S21418CA900A4E2F2800084EB9001949EA4FEF001819
S21418CAA02F024E94204310BC0001588F6000FC6083
S21418CAB04E56FFF848E73F3C246E0008202E000C20
S21418CAC0222E00101D41FFFEB4FC000067044A80A9
S21418CAD0661C4878004448790019F73248790019D6
S21418CAE0E8D34EB9001951FE4FEF000C60FE2540F2
S21418CAF000021481260A5C832F032F004EB90018F3
S21418CB007FFE2400508F660001442F034EB900188C
S21418CB10801E588F747946024A00670001307200EA
S21418CB20122A001EE149484142417000102A001F8F
S21418CB304840424082807000102A0020E188808198
S21418CB40802A00212C3C00000400E1AE0C8600016F
S21418CB50000062000104486EFFFE2F0A4EB9001846
S21418CB60C6CE2400508F660000E44A2EFFFE6704E7
S21418CB7014BC0001E48E42AA0406257C0000000CB2
S21418CB80040A42AA0426257C00000001042A47EA63
S21418CB90040641EA041E2D48FFFA2A0678004BF9C7
S21418CBA00019CDD0284B2F2B00242F2B00202F0513
S21418CBB02F044E954FEF0010274000282741002CD1
S21418CBC0508B2C142E2C0004DE81DD8026862747F9
S21418CBD00004B7EEFFFA66CC082A00010041674C3D
S21418CBE04EB9001804220800000867404879001952
S21418CBF0F64548790019E90347F9001951FE4E938E
S21418CC004878006D48790019E9064E934879001956
S21418CC10F8634EB9001952F02079001A0A4E2F28D8
S21418CC2000084EB9001949EA4FEF00184A12661C58
S21418CC30357C000200402F032F2A00024EB9001838
S21418CC407F982400508F6604526A003A20024CEEF1
S21418CC503CFCFFD04E5E4E75740660F04E56FF983C
S21418CC6048E73F3C266E00082C2E000C246E001059
S21418CC707E001E2B001EE14F484742477000102BBF
S21418CC80001F484042408E807000102B0020E1881C
S21418CC908087802B0021223C00000400E1A9700048
S21418CCA0102B0104E188802B01050C40002064023B
S21418CCB070204BF90019C1F83F0042672F012D4824
S21418CCC0FF9C2D49FF984E95508F28402E0B5C8759
S21418CCD02F002F064E95508F2A40082B0004006907
S21418CCE0672C7200122B010AE14948414241700034
S21418CCF0102B010B4840424080817200122B010C09
S21418CD00E1898280822B010DB28D630004C4740001
S21418CD10142B001AE14A484242427200122B001B9A
S21418CD204841424182827000102B001CE1888081A5
S21418CD30802B001D4BF50801224D91C87600162B46
S21418CD400104E18B862B01052F092F082F0A2F2B9C
S21418CD5000024EB900186A0A2D40FFD44FEF001093
S21418CD60660004602F0C2F064EB90019C284508F27
S21418CD700C430020640276203F0342672F004EB90A
S21418CD800019C1D4508F286A000CD9C0254C001041
S21418CD90254B001425460018422A001C082B0002B2
S21418CDA0006C67602F0C2F062F074EB90018C5B2F7
S21418CDB04FEF000CB06C001E674A4EB900180422DC
S21418CDC008000008673E48790019F64548790019A2
S21418CDD0E9034BF9001951FE4E95487802554879E3
S21418CDE00019E9064E952F0648790019F8974E95BA
S21418CDF02079001A0A4E2F2800084EB9001949EA59
S21418CE004FEF001C082C000100136700051C2A6A47
S21418CE1000142E0D5C87206A00107000102D005E1E
S21418CE20E188802D005F2D40FFA07200122D001E95
S21418CE30E149484142417800182D001F48444244B1
S21418CE4082847800182D0020E18C8881882D002196
S21418CE507400142D002EE14A484242427000102DEC
S21418CE60002F4840424084807000102D0030E18822
S21418CE708082802D00312D40FFA42D50FFDC42AE5D
S21418CE80FFD87000102D0104E188802D01050C4094
S21418CE90002063062D680020FFD82D680004FFD0F8
S21418CEA042AEFFCC0C40002063062D680024FFCC51
S21418CEB02D680008FFEC42AEFFE80C400020630621
S21418CEC02D680028FFE82F2A00182F074EB90018DB
S21418CED06CE62D41FFBC7400142D0104E18A842DE4
S21418CEE001057000102D0066E14848404240760063
S21418CEF0162D00674843424380837600162D006837
S21418CF00E18B8680862D00692D43FFB82F2EFFDC17
S21418CF102F2EFFD8486EFFF0206A00142F28000224
S21418CF204EB9001869FE26004FEF001866000282F8
S21418CF30203C00000400E9A82D40FFC02F0042A79F
S21418CF402F2EFFFC4EB900195E4C2F2A00182F07FB
S21418CF504EB90018823816004FEF0014082E000439
S21418CF60FFBB6754282A00180C420020640274205D
S21418CF703F0242672F2EFFC04EB90019C1F8508FD6
S21418CF807A001A2D010AE14D484542457400142DC1
S21418CF90010B4842424284857200122D010CE18929
S21418CFA08282822D010D2F012F004EB90019C1D48F
S21418CFB0508FB880640002E44A036600029E282A4E
S21418CFC000182F072A3C00187DCE20454E90538017
S21418CFD0588F7C001C2D00267600162D0027720010
S21418CFE0122D00287400142D00292042B0846600E3
S21418CFF002BE7000102D000AE148484042407800F2
S21418D000182D000B4844424488807400142D000CD8
S21418D010E18A8484842D000D7000102D001AE148D2
S21418D020484042407800182D001B484442448880E7
S21418D0307000102D001CE1888084802D001D2802A9
S21418D0409880E14E48464246484342438C83240122
S21418D050E18A8486200884802F0720454E902F0268
S21418D06053802F004EB90019C1D4240494804FEF72
S21418D070000C262EFFB8028300000200282A00188B
S21418D0802F2EFFDC2F2EFFD82F074EB900186C5600
S21418D0904FEF000CB08466000572222EFFDC92AEAD
S21418D0A0FFBC2F012F2EFFFC4EB90018BAEC508F7C
S21418D0B0282A00182F2EFFD02F2EFFCC2F074EB958
S21418D0C000186C564FEF000CB084660005482C2EDE
S21418D0D0FFD09CAEFFBC2F062F2EFFFC4EB90018B3
S21418D0E0BAEC508F2F2EFFA42F2EFFA04EB9001982
S21418D0F0C1D4588F2EAEFFC02F004EB90019C1F8F4
S21418D100508F2D40FFB442AEFFB0282EFFB02A2E07
S21418D110FFB4202EFFE8DAAEFFECD9804BF90018E2
S21418D1206C56202EFFE8222EFFEC9285918465001F
S21418D1300198282EFFC0E78CB4846C382A2EFFFC82
S21418D14026025E8372F8C6814BF90018BAECB682CE
S21418D150620001BCB4846C1C9882E6842F0448785C
S21418D16000FFE6822045487028004EB900195E4C2C
S21418D1704FEF000C2F2EFFF84EB9001869AA2F2E65
S21418D180FFFC2F2A00102F074EB900186D74157C57
S21418D1900001001C486EFFF0206A00142F280002B9
S21418D1A04EB90018862426004FEF00186700016E47
S21418D1B02F0A2F2B00024EB900188624508F2D43A5
S21418D1C0FFD4202EFFD44CEE3CFCFF704E5E4E75FE
S21418D1D02F062F074EB9001882383A407200122BC5
S21418D1E00026E149484142417000102B002748406C
S21418D1F0424082807000102B0028E1888081802BA6
S21418D20000292F0642A72F0042A74EB90019CDD0E5
S21418D2107400142B001AE14A484242427600162B34
S21418D220001B4843424386827400142B001CE18A74
S21418D2308483842B001D26027400D283D182360D77
S21418D2407A001A03780024002601D685D584204251
S21418D25022434FEF00186000FAE42F2A00182F0711
S21418D2604EB90018825E7200122D00D4E189822D04
S21418D27000D5204041F018012608508F7800243C2D
S21418D2800018BAECB6846700FD362F042F2EFFFC64
S21418D29020424E905284508F60EA2F042F074EB9C2
S21418D2A00018825E0283000000FFD68060CCE14E34
S21418D2B0484642464843424386862401E18A848388
S21418D2C0200884806000FDAC2C2A00182F2EFFEC56
S21418D2D02F2EFFE82F074E954FEF000CB0866600EE
S21418D2E0033E222EFFEC92AEFFBC2F012F2EFFFC22
S21418D2F04EB90018BAEC508F42807201D3AEFFECCC
S21418D3002C2EFFE8DD802D46FFE86000FE162F0263
S21418D3102F054E955282508F6000FE34026CFFFD2A
S21418D3200012157C0001001C082C00000013670072
S21418D330FE922A6A0014282A001020442D68000439
S21418D340FFC842AEFFC47000102D0104E188802D7E
S21418D35001050C40002063062D680024FFC42F2EFC
S21418D360FFC82F2EFFC47AF0DA8E2F052F2D000255
S21418D370243C001869FE20424E902D40FFD44FEFF3
S21418D3800010660000E47200122D001EE1494841A4
S21418D39042417000102D001F4840424082807000A5
S21418D3A0102D0020E1888081802D00212C3C000063
S21418D3B00400E1AE7200122D002EE14948414241A8
S21418D3C07400142D002F4842424282827400142D95
S21418D3D00030E18A8481842D003126025E83200382
S21418D3E0E6882F0042A72F2EFFFC41F900195E4C45
S21418D3F02D48FF9C4E902E06E78F4FEF000C70F8C6
S21418D400C6802C3C0018BAECB6826272B487641ECA
S21418D4102C079C82E68E2F06487800FFE68AD4AE44
S21418D420FFFC2F024EB900195E4C4FEF000C2F2E42
S21418D430FFF84EB9001869AA2F2EFFFC2F04486D66
S21418D44000064EB9001861CC157C0001001C2F058B
S21418D450206A00142F2800024EB9001886242D4082
S21418D460FFD44FEF001867282F0A206A00142F28B9
S21418D47000024EB900188624508F6000FD462F0211
S21418D4802F2EFFFC20464E905282508F6000FF7A57
S21418D490302C001232000241FFFE3941001244C0FF
S21418D4A0670000EA2A6A0014262A00107400142D51
S21418D4B0001EE14A484242427000102D001F4840A4
S21418D4C0424084807000102D0020E1888082802DD4
S21418D4D00021283C00000400E1AC7000102D005E0E
S21418D4E0E1882C3C0019C1F8802D005F2F002F040E
S21418D4F020464E90508F24002F2A0018486D00069C
S21418D5004EB900187F142E002F022F0020464E907A
S21418D510508F2C002F022F074EB90019C2844FEFD8
S21418D52000104A806702528620432D680008FFE4E0
S21418D53042AEFFE07000102D0104E188802D010531
S21418D5400C40002063062D680028FFE02D46FFAC2F
S21418D55042AEFFA8242EFFA8262EFFAC4280538387
S21418D5609580222EFFE0D6AEFFE4D5814BF9001841
S21418D57069AA2E3C00188624202EFFE0222EFFE4EF
S21418D580928391826310006C00040012157C0001CF
S21418D590001C6000FC2E2F2EFFE42F2EFFE02F0518
S21418D5A0206A00142F2800024EB9001869FE2C00B5
S21418D5B04FEF0010663E2F0442A72F2EFFFC4EB9E1
S21418D5C000195E4C2F2EFFF84E952F05206A001472
S21418D5D02F28000220474E902C004FEF0018661494
S21418D5E042807201D3AEFFE42C2EFFE0DD802D467C
S21418D5F0FFE060842F0A2F2B00024EB900188624ED
S21418D600508F2D46FFD46000FBBA4A836700FA8C09
S21418D6106000FA9E4A836700FAB66000FAC84A8322
S21418D6206600FCD66000FCBC4E5600002F0A246E1E
S21418D63000084A2A001C672C2F2A00102F2A0018C8
S21418D640202A00145C802F004EB90018C5B2206A34
S21418D65000103140001E2F2A00084EB9001869AA7B
S21418D6604FEF00102F0A206A00142F2800024EB918
S21418D67000188624246EFFFC4E5E4E754E56FFDC50
S21418D68048E73F3C246E0008266E00101D6E0017F3
S21418D690FFE12A6A002E286E000C538C74E2D48E92
S21418D6A02F0241F90019C1F82F0D2F0C2D48FFDC59
S21418D6B04E90588F2E802F0A4EB90018CC5C260034
S21418D6C04FEF000C66000148206EFFF22A2800086B
S21418D6D078007000102A0104E188802A01050C40A1
S21418D6E000206304282800282F024EB90018D628D0
S21418D6F02600588F660001187200122A001EE1498B
S21418D700484142417000102A001F4840424082801B
S21418D7107000102A0020E1888081802A0021243C8D
S21418D72000000400E1AA2F0D2F0C4EB90019C28470
S21418D730508F7200322A005E2F012F004EB9001942
S21418D740C1D4508F28402F022F004EB90019C1F8A7
S21418D750508F2E007C0020062207D285D1842F01F8
S21418D7602F002F0B2F2A00024EB900186A0A26001F
S21418D7704FEF00106600009820025380220CC081DC
S21418D780D0AB000C27400010276E000C0018274A54
S21418D7900014422B001C4A2EFFE16772082A00026A
S21418D7A0006C676A2F00486A00064EB90018522E99
S21418D7B024002F0B4EB90018C2F84FEF000CB08299
S21418D7C0674C4EB9001804220800000867404879CC
S21418D7D00019F64548790019E90345F9001951FE6C
S21418D7E04E924878030C48790019E9064E922F2B6A
S21418D7F0001848790019F8DE4E922079001A0A4E59
S21418D8002F2800084EB9001949EA4FEF001C2003CC
S21418D8104CEE3CFCFFB44E5E4E754E5600004878F3
S21418D82000012F2E00102F2E000C2F2E00084EB998
S21418D8300018D67C4E5E4E754E5600002F0B2F0ADB
S21418D840246E00084A2A001C6734266A0014082B1F
S21418D8500002006C671C2F0A4EB90018C2F82F0079
S21418D8602F2A0010486B00064EB90018526E4FEF5C
S21418D87000102F2A00084EB9001869AA588F2F0AC8
S21418D880206A00142F2800024EB900188624246E29
S21418D890FFF8266EFFFC4E5E4E754E56000048E7A3
S21418D8A02030266E0008246E000C242A00102F0242
S21418D8B0486B00064EB90018596C508F0C80000043
S21418D8C0400067080C80000080006628082B0006B9
S21418D8D00069671A2F3C000800002F024EB900187E
S21418D8E05AEA2F0A4EB900190C984FEF000C157CFF
S21418D8F00001001C4CEE0C04FFF44E5E4E754E569E
S21418D90000002F02222E00085381303C8000740637
S21418D910B481650CD28141F90019F9183030180015
S21418D92002800000FFFF241F4E5E4E754E56FFFC09
S21418D93048E73C3C266E0008286E000C282E00107F
S21418D9403A2B005E7002B08457C2488248C244829E
S21418D9502F02486EFFFC2F0B4EB90018648C260059
S21418D9604FEF000C662A42A72F0C2F2EFFFC2F0B0A
S21418D9704EB90018D67C26004FEF0010671E2F02EF
S21418D9802F2EFFFC2F0B4EB9001862264FEF000CF7
S21418D99020034CEE3C3CFFDC4E5E4E75246C0010AB
S21418D9A03F05426742A72F0A4BF900195E4C4E9561
S21418D9B04FEF000C203C000041FF7202B284671A39
S21418D9C0203C0000A1FF7207B284670E2F044EB9E0
S21418D9D00018D8FE588F004001B6240B5C822F0022
S21418D9E02F0A2F024EB90018515C42A72F0A4EB9BB
S21418D9F0001853A642A72F0A4EB9001851BA42A7C4
S21418DA002F0A4EB9001853764FEF0020429742A7B8
S21418DA102F0A4EB9001851D242A72F0A4EB900182D
S21418DA2052AE42A72F0A4EB9001852E042A72F0A44
S21418DA304EB9001853124FEF002042972F0A4EB9CE
S21418DA400018534442A742A72F0A2F024EB90018AF
S21418DA50548242A72F0A4EB9001856564FEF001C8C
S21418DA6042972F0A4EB9001856BA508F0C450080A8
S21418DA7063167000302B01642F002F0A2F024EB940
S21418DA80001856EC4FEF000C4878003C42A7486A3E
S21418DA9000284E95197C0001001C6000FEF04E56BA
S21418DAA0FFC448E73F3C246E0008266A0014082B7B
S21418DAB0000600696600016042A72F2A001049F97F
S21418DAC00018588A4E942E007C00508F20068087A7
S21418DAD0660001DA7200122B001EE14948414241E5
S21418DAE07000102B001F4840424082807000102B98
S21418DAF00020E1888081802B00212C3C0000040047
S21418DB00E1AEE48E2D46FFCC487800012F2A00108F
S21418DB104E9426007400508F20028083675E2F0371
S21418DB202F024BEEFFE02F0D2F2B00024EB90018D8
S21418DB306A0A2C004FEF00106600026C7E00BEAE1C
S21418DB40FFCC660001942F0D2F2B00024EB900183B
S21418DB5086242F032F022F0A4EB900186DCE2C00DC
S21418DB604FEF00146600024042A7487800012F2A9B
S21418DB7000104EB9001858CA4FEF000C487800022B
S21418DB802F2A00104E942D40FFDC42AEFFD8508F3F
S21418DB90262EFFD886AEFFDC670000942F2EFFDCFB
S21418DBA02F2EFFD849EEFFE02F0C2F2B00024BF933
S21418DBB000186A0A4E952C004FEF0010660001E810
S21418DBC0740076F0D68E283C00186DCE2A3C0018C5
S21418DBD08624B4AEFFCC660001422F0C2F2B000211
S21418DBE04EB9001886242F2EFFDC2F2EFFD82F0AAA
S21418DBF04EB900186DCE2C004FEF0014660001A821
S21418DC0042A7487800022F2A00104EB9001858CAA2
S21418DC104FEF000C60182F3C000800002F2A001049
S21418DC204EB900185A54508F4A006700FE8C157C5F
S21418DC300001001C240B5C822F022F2A00104EB9FC
S21418DC400018571E508F26008681672A2F012F002E
S21418DC502F0A4EB900186DCE2C004FEF000C660038
S21418DC60014642A742A72F022F2A00104EB90018C5
S21418DC7057964FEF0010487840002F2A00102F02B2
S21418DC804EB900185A344FEF000C41F900186226A6
S21418DC904A006700015A487800012F2A00182F0BEF
S21418DCA04E902C004FEF000C600000FC2F072F063C
S21418DCB02F0A4EB900186DCE2C004FEF000C6600D8
S21418DCC000E642A742A72F2A00104EB9001858CAD5
S21418DCD04FEF000C6000FDFE2007D087D080226E24
S21418DCE0FFEC2A31080078002004808567262F0567
S21418DCF02F042F0A4EB900186DCE2C004FEF000CCB
S21418DD0067122F0D2F2B00024EB900188624508F3D
S21418DD106000009452876000FE262002D082D080D1
S21418DD20206EFFEC2D700800FFD442AEFFD0202ED8
S21418DD30FFD080AEFFD4670000B02F2EFFD42F2E52
S21418DD40FFD02F032F2B00024E952C004FEF0010FC
S21418DD5067042F0C60AE7E002007D087D080206E18
S21418DD60FFFC2D700800FFC842AEFFC4202EFFC46B
S21418DD7080AEFFC8673C2F2EFFC82F2EFFC42F0A71
S21418DD8020444E902C004FEF000C67262F032F2BA5
S21418DD90000245F9001886244E922F0C2F2B0002ED
S21418DDA04E924FEF001020064CEE3CFCFF9C4E5E49
S21418DDB04E755287BEAEFFCC669E2F032F2B0002E1
S21418DDC020454E902F2EFFD42F2EFFD02F0A2044FA
S21418DDD04E902C004FEF0014670E2F0C2F2B0002BE
S21418DDE020454E906000FF2852826000FDE642A74C
S21418DDF06000FEA84E56FFD048E73F3C246E000849
S21418DE00266A0014280B5C842F2A00102F044EB99B
S21418DE1000185B42508F4A00661A48790019F908AC
S21418DE204EB9001952F0588F70164CEE3CFCFFA8ED
S21418DE304E5E4E752F2A00102F044EB90018598AB8
S21418DE402C002E01508F202E000C222E00109287A8
S21418DE5091866700008C202E000C222E00109287C8
S21418DE609186630848790019F91060B42F3C0000B1
S21418DE70A0002F2A00102F044EB900185A344FEF5E
S21418DE80000C4A0067604280723B928791866556FE
S21418DE902F2A00102F044EB9001853BE508F2A0090
S21418DEA08A816642307C0028D1EA00107C3C9CAE01
S21418DEB000102F0642A7242E000C262E001048709D
S21418DEC038004EB900195E4C2F032F022F2A001067
S21418DED04EB9001851D2157C0001001C4FEF0018DF
S21418DEE070006000FF462F2A00102F044EB9001845
S21418DEF0596C22000241BFFF508F0C810000200091
S21418DF0067080C800000C000662C206A00104228A3
S21418DF100028422800294228002A4228002B422896
S21418DF20002C4228002D4228002E4228002F157C4F
S21418DF300001001C60AA7200122B001EE14948411D
S21418DF4042417000102B001F4840424082807000EB
S21418DF50102B0020E1888081802B0021223C0000B5
S21418DF600400E1A926017400202E000C222E0010B1
S21418DF7042845381918449F90019CEC42F032F0285
S21418DF8028002A01DA83D9822F052F044E944FEFE2
S21418DF9000102A0170FF72FFD283D1822F032F023E
S21418DFA024002601D687D5862F032F024E944FEFCE
S21418DFB0001092852D41FFD0082B00060069665088
S21418DFC078004BEEFFF0B8AEFFD067602604D68513
S21418DFD0286A0014082C000600696700008A2F3C7F
S21418DFE0000800002F2A00104EB900185A54508FF7
S21418DFF04A0067724878044148790019F732487918
S21418E0000019E8D34EB9001951FE4FEF000C60FE08
S21418E0102F3C000800002F2A00104EB900185A543A
S21418E020508F4A00679A4AAEFFD066202F2E0010EF
S21418E0302F2E000C2F2A00104EB9001851D2157C1E
S21418E0400001001C4FEF000C6000FE964878FFFF9A
S21418E0502F052F0A4EB90019209E4FEF000C4A8044
S21418E06067CA6000FDC6226A00107C0BBC83655226
S21418E0702F032F092D49FFD44EB90018580A2D40E2
S21418E080FFE442AEFFE0508F226EFFD42E2EFFE044
S21418E0908EAEFFE4670000F042A72F032F094EB993
S21418E0A00018584A2F2EFFE42F2EFFE02F0A4EB9DD
S21418E0B000186DCE4FEF00184A80670000CA60003F
S21418E0C0FD6A41EC040E74012D43FFDC42AEFFD806
S21418E0D02C2EFFD82E2EFFDC201822189E819D800D
S21418E0E0650000CC52827204B28266E47005600045
S21418E0F0FD3A2F2EFFEC2F2EFFE82F0D2F2C0002A7
S21418E1002D41FFD44EB900186A0A4FEF0010222E80
S21418E110FFD44A806600FD14D281D281206EFFFC9F
S21418E120D1C12D50FFEC42AEFFE87001B082660CEC
S21418E13042902F2EFFF820474E90588F2F0D2F2CD9
S21418E140000220464E90508F4A806600FCDE5382AE
S21418E150673A2F2B00042F132F0342A74EB9001926
S21418E160D4244FEF001026012F232F232F012F0022
S21418E1704EB90019CEC44FEF0010202EFFE880AE1F
S21418E180FFEC6600FF6E52846000FE3C222EFFE80D
S21418E19082AEFFEC67F02F2EFFEC2F2EFFE82F0A2B
S21418E1A04EB900186DCE4FEF000C6000FF0C200221
S21418E1B053802200E78947F4180096AB040A2F000C
S21418E1C02F094EB90018588A2D40FFEC42AEFFE8CA
S21418E1D02F2B042A2F2B04262F0342A74EB90019DB
S21418E1E0CEC42002E788264047EB041E47F4B80042
S21418E1F04FEF00182E3C001869AA2C3C00188624ED
S21418E2006000FF784E560000206E00082268001442
S21418E2102F29002E2028001853802F004EB90019D9
S21418E220C1F8508F220070004E5E4E754E56000094
S21418E2307000102E00172F0042A72F2E00102F2E1A
S21418E240000C2F2E00084EB90018C3C24E5E4E752D
S21418E2504E56FFD448E73F3C286E0008266E000C42
S21418E260246C00144BEA0006429342AB00042F2C91
S21418E27000102F0D4EB90018598A2C002E01720066
S21418E280122A001EE149484142417000102A001F18
S21418E2904840424082807000102A0020E188808121
S21418E2A0802A0021223C00000400E1A92A017800F7
S21418E2B02F012F042F072F064EB90019CEC44FEF83
S21418E2C000102F052F042F072F062D41FFD64EB905
S21418E2D00019D4244FEF0018206EFFD62800888126
S21418E2E067025288B0FC0000673C42A72F0B4868AC
S21418E2F0FFFF2F0C4EB90018E22C4FEF00104A8083
S21418E300661A28132A2B000422048285671842816D
S21418E3107401D485D3842681274200044CEE3CFC35
S21418E320FFAC4E5E4E757000102A002EE14848402D
S21418E33042407800182A002F4844424480847800C7
S21418E340182A0030E18C8880882A003141F9001993
S21418E350C1F82F04202C001853802F002D48FFD604
S21418E3604E90508F2E007000102A001EE14848402C
S21418E37042407A001A2A001F4845424580857A008E
S21418E3801A2A0020E18D8A808A2A00217CE2DC8EF7
S21418E3902F062F072F2C00144EB90018CC5C4FEF01
S21418E3A0000C4A806600FF76286EFFF22F0D4EB9D5
S21418E3B000187DCE2D6C0008FFDE42AEFFDA720024
S21418E3C0122A0104E189822A0105588F0C4100207F
S21418E3D063062D6C0028FFDA7200122A005EE189A7
S21418E3E05380822A005F2A4149F90019C1D4B087A0
S21418E3F0634E2F042F014E94508F2E00283C000099
S21418E4000400EBAC2F042F004EB90019C1F8508F3A
S21418E410260074005384C887670642815283D581C4
S21418E420202EFFDA222EFFDED283D18226802741C5
S21418E43000042F064EB90018D628588F6000FEDE46
S21418E4407E001E2A0006E14F484742477200122AED
S21418E45000074841424182877E001E2A0008E18F45
S21418E4608E818E2A00092F002F044E94508F9E807E
S21418E4702F072F0D4E9460804E56000048780001E6
S21418E480487800012F2E00102F2E000C2F2E000873
S21418E4904EB90018C3C24E5E4E754E56FF9848E7E2
S21418E4A03F3C246E0008206A001449F90018598A5F
S21418E4B0082800060069670000FA2F3C00080000CC
S21418E4C02F2A00104EB900185A54508F4A00670069
S21418E4D000E2266A00142F2A0010486B00064E9495
S21418E4E07A001A2B001EE14D484542457800182B35
S21418E4F0001F484442448A847800182B0020E18C78
S21418E5008885882B00212A3C00000400E9AD2605E2
S21418E510740028002A01DA83D9822F032F0270FF8D
S21418E52072FFD285D1842F012F004EB90019CEC4A0
S21418E5304FEF0010206E0010208142A74878000187
S21418E540486EFFF0487800012F012F0A4EB90019BF
S21418E550298A2C004FEF0020664C206E000C20AE47
S21418E560FFF0216EFFF40004202EFFF080AEFFF4BB
S21418E570661C4878068148790019F73248790019D8
S21418E580E8D34EB9001951FE4FEF000C60FE2F0568
S21418E5902F042F2A00104EB9001851D2157C0001EE
S21418E5A0001C4FEF000C20064CEE3CFCFF704E5E35
S21418E5B04E75266A00142F2A0010486B00064E94D3
S21418E5C02D40FFB02D41FFB47200122B001EE149FA
S21418E5D0484142417000102B001F4840424082803C
S21418E5E07000102B0020E1888081802B0021223CAF
S21418E5F000000400E1A92D41FFAC42AEFFA82F2E63
S21418E600FFAC2F2EFFA82F2EFFB42F2EFFB04EB91B
S21418E6100019D4244FEF0018240084816722242E72
S21418E620FFB0262EFFB42C2EFFA8D6AEFFACD5868C
S21418E6302C022E039E819D802D46FFB02D47FFB4D9
S21418E640486EFFC02F0A4EB90018E2502C00508FA3
S21418E6506600FF54486EFFC82F2EFFC42F2EFFC02B
S21418E6602F0A4EB9001874E42C004FEF00106600FD
S21418E670FF362D6EFFCCFF9C266A0014082B00066A
S21418E68000696600008A2F2EFFAC2F2EFFA82F2EAB
S21418E690FFB42F2EFFB04EB90019CEC44FEF00109E
S21418E6A02D41FFA422417E0BBE81650000822F2ECD
S21418E6B0FF9C2F2EFFA42F2A00104EB90018584A78
S21418E6C0157C0001001C4FEF000C202EFFB0222EE8
S21418E6D0FFB4242EFFA8D2AEFFACD1822F012F0094
S21418E6E02F2A00104EB9001851D2157C0001001CB4
S21418E6F0202EFFC8222EFFCC206E000C2080214131
S21418E7000004206E001020AEFFA46000FE962F3C7A
S21418E710000800002F2A00104EB900185A54508FBF
S21418E7207E7946074A006700FF5E2C07602041EB9B
S21418E730040E740178002A092018221892859184EC
S21418E740620001C052827204B28266E87C052F2EDF
S21418E750FFCC2F2EFFC82F0A4EB900186DCE6000BA
S21418E760FE422F2EFFA042A72F2EFFFC4EB90019EF
S21418E7705E4C2F2EFFF84EB9001869AA2F0C2F2BB7
S21418E78000024EB9001886242E004FEF0018669A1D
S21418E7902D6EFFD0FFB82D6EFFD4FFBC2002E78881
S21418E7A0284049EC041E49F3C8004BEEFFE0283C0D
S21418E7B0001869AA2F2EFFBC2F2EFFB82F0D2F2B4F
S21418E7C000024EB900186A0A2E004FEF00106600B5
S21418E7D0FF5AD683D683206EFFECD1C32D50FFBCCC
S21418E7E042AEFFB87E01BE8267000218202EFFB820
S21418E7F080AEFFBC660000C4486EFFD82F0A4EB91C
S21418E8000018E2502E00508F67122F0D2F2B000283
S21418E8104EB900188624508F6000FF10486EFFD03F
S21418E8202F2EFFDC2F2EFFD82F0A4EB9001874E4AF
S21418E8302E004FEF001066D22F2EFFD42F2EFFD0AB
S21418E840486EFFF02F2B00024EB9001869FE2E00F6
S21418E8504FEF001066B42F2EFFA042A72F2EFFFCF6
S21418E8604EB900195E4C2F2EFFF820444E90486E75
S21418E870FFF02F2B000241F9001886242D48FF9828
S21418E8804E902E004FEF0018206EFF98670C2F0D35
S21418E8902F2B00024E906000FF7E206EFFEC21AEFC
S21418E8A0FFD438002F2EFFE820444E902D6EFFD050
S21418E8B0FFB82D6EFFD4FFBC588F2F0D2F2B0002DC
S21418E8C04EB9001886242E00508F6600FE5E5382BE
S21418E8D06700FDF82F2C00042F142F0542A74EB9F9
S21418E8E00019D4244FEF00102A012F242F242F01AB
S21418E8F02F004EB90019CEC44FEF00102601600045
S21418E900FEB47200122B001EE149484142417000C5
S21418E910102B001F4840424082807000102B0020A9
S21418E920E1888081802B0021223C00000400E1A9A8
S21418E9302D41FFA0280253842004E78849F30800D5
S21418E9402A2EFFA49AAC040A2F042F2A00104EB9B8
S21418E9500018588A2D40FFBC42AEFFB82F2C042A48
S21418E9602F2C04262F0542A74EB90019CEC426010F
S21418E9704FEF0018202EFFB880AEFFBC6600FE1EB4
S21418E980486EFFE02F0A4EB90018E2502E00508F3E
S21418E9906600FD98486EFFD02F2EFFE42F2EFFE05E
S21418E9A02F0A4EB9001874E42E004FEF00106600B8
S21418E9B0FD7A2F2EFFD42F042F2A00104EB90018D8
S21418E9C058CA157C0001001C2F2EFFD42F2EFFD0FE
S21418E9D049EEFFF02F0C2F2B00024EB9001869FED7
S21418E9E02E004FEF001C6700FD7A2F2EFFD42F2E17
S21418E9F0FFD02F0A4EB900186DCE4FEF000C6000EE
S21418EA00FD2A20AEFF9C2F2EFFE820444E90600073
S21418EA10FEA84E56000048E72030246E00082F2A1D
S21418EA2000104EB90018538E340052423F02426707
S21418EA302F2A001047F9001853A64E93206A001480
S21418EA404FEF000C082800050065673C4878100052
S21418EA502F2A00104EB900185A54508F4A006728AB
S21418EA600C42000163220C42FDE762060C420002CB
S21418EA706616487800012F2A00104E93206A001454
S21418EA80702081A8006A508F4CEE0C04FFF44E5E7E
S21418EA904E75000048E74080222F000C202F0010EB
S21418EAA0206F00144E404CDF01024E7548E7408038
S21418EAB0222F000C202F0010206F00144E404840C4
S21418EAC0300148404CDF01024E7548E76080222F1F
S21418EAD00010202F0014242F0018206F001C4E4002
S21418EAE04840300148404CDF01064E75546869733B
S21418EAF0206120746573742061736D002F01720095
S21418EB00202F00084E40221F4E752F017201202F0D
S21418EB1000084E40221F4E752F0172084E40221FC5
S21418EB204E7548E77080206F0018262F001C74005A
S21418EB307200B4836C00001010186700000A4E406C
S21418EB4052826000FFEE20024CDF010E4E7548E739
S21418EB507080206F0018262F001C74007201B48372
S21418EB606C00001010186700000A4E4052826000B1
S21418EB70FFEE200248E76080206F0014242F00184C
S21418EB80720870004A82670000204E400C00000D84
S21418EB90670000160C00000A6700000E10C05382AB
S21418EBA052AF00106000FFDE10BC0000202F0010CF
S21418EBB04CDF01064E754E56FFDC48E73F3C242EC8
S21418EBC0000C48790019FD302F2E000845EEFFE49A
S21418EBD02F0A4EB90018422E4FEF000C4A80670CC9
S21418EBE070FF4CEE3CFCFFB44E5E4E752F0A4EB9C5
S21418EBF000184D422601588F47F9001842B00C816C
S21418EC000004000063082F0A4E93588F60D2486E8F
S21418EC10FFE02F014879001A2E9E2F0A4EB90018C9
S21418EC2042FE4FEF00104A806606B6AEFFE0670A4F
S21418EC302F0A4E93588F70FE60A82F0A4E93487866
S21418EC40000448790019F9264879001A2E9E4EB9FC
S21418EC50001955D828004FEF0010660002880C39A6
S21418EC600001001A2EA26600028270001039001ADF
S21418EC702EBAE1484840424076001639001A2EBB94
S21418EC8048434243808376001639001A2EBCE18B1F
S21418EC9086808639001A2EBD7A0047F90019C1D425
S21418ECA049F900195DDC4BF900195E4C70001039F3
S21418ECB0001A2ECAE1888039001A2ECBB0856E004D
S21418ECC000E676001639001A2ECEE18B8639001A21
S21418ECD02ECF0C4301006200FF0872001239001A8A
S21418ECE02EBEE1494841424170001039001A2EBF25
S21418ECF048404240828070001039001A2EC0E188C1
S21418ED0080818039001A2EC12440D5FC001A2EA204
S21418ED10204A700002830000FFFF2D43FFDCB0AED0
S21418ED20FFDC6C00FEBC43E8FFFC41E800287202DA
S21418ED30B2A8FFD8660000D82C2900100686001A3C
S21418ED402E9E2A290014E88D47F90019C1F84A861C
S21418ED506700FE8E2E127609B687670000B8700414
S21418ED60B087670000B0528445EA0028B8AEFFDCCA
S21418ED7066E272001239001A2EB6E149484142413D
S21418ED8070001039001A2EB7484042408280700032
S21418ED901039001A2EB8E18880818039001A2EB9E9
S21418EDA0D0826000FE3E70001039001A2EC8E18826
S21418EDB02F058039001A2EC92F004E93508FD083F6
S21418EDC02440D5FC001A2E9E7001B092663A2C028A
S21418EDD0DCAA00082F2A0010222A00040681001A2E
S21418EDE02E9E2F012F064E94202A0010222A001439
S21418EDF092804FEF000C67102F0142A720464870EC
S21418EE0008004E954FEF000C52856000FEA0528009
S21418EE106000FF0C2F2A00202F2A00104E93508FC8
S21418EE20206A000CD1FC001A2E9E7204B287674A1C
S21418EE3099CCB08C6700FF302E2800042207E08992
S21418EE40B2856430E9892246D3C122290004326982
S21418EE50000E43E9000F7601B6496402D2822242B8
S21418EE60D3D02A5176004603CE837601B687666AD3
S21418EE70D28D2281528C508860B87E00B087670089
S21418EE80FEE628680004220CE089B2856432E98917
S21418EE902246D3C12A6900043229000E0641000F03
S21418EEA00C4100016302DBC22242D3D0220C76004A
S21418EEB04603C2837601B681660EDBE80008228D0B
S21418EEC0528741E8000C60B47604B68166F22228B0
S21418EED000089289D28D228160E67604B6876694F9
S21418EEE09BC9608C70FD6000FCFA70FC6000FCF436
S21418EEF04E560000226E00082D6E001000082D7C5D
S21418EF00001A062600104E5E4ED14E56FFD02F0A17
S21418EF102F0248790019FD302F2E000845EEFFE421
S21418EF202F0A4EB90018422E4FEF000C4A80670E73
S21418EF304200242EFFC8246EFFCC4E5E4E75486ED7
S21418EF40FFD048780010486EFFD42F0A4EB9001824
S21418EF5042FE24002F0A4EB9001842B04FEF001494
S21418EF604A8266CC7010B0AEFFD066C40C2E007FF6
S21418EF70FFD466BC0C2E0045FFD566B40C2E004C8C
S21418EF80FFD666AC0C2E0046FFD766A4102EFFD808
S21418EF9053000C0000016298102EFFD953000C0085
S21418EFA0000153C04400608A4E5600004AAE00085E
S21418EFB057C0488048C04E5E4E754E56FFFC48E710
S21418EFC0203C226E00082A6E000C266D0032286D32
S21418EFD00036B6FC0000662C264C246D003A242D0C
S21418EFE0003EB6FC00006704274A003AB4FC00004E
S21418EFF067000178BBEA003266000168254B0032CC
S21418F000600000A0B8FC000067D0202C0032660014
S21418F0100130266C0036246C003A242C003EB6FCD0
S21418F02000006704274A003AB4FC00006700012075
S21418F030B9EA003266000110254B0032BBEC003AE4
S21418F0406602244C48780010486D0032486C00322E
S21418F0502D49FFFC4EB900195DDC206D003A4FEFC4
S21418F060000C226EFFFCB0FC0000670000F0BBE846
S21418F0700032660000E0214C0032206D0032214C30
S21418F080003A206D0036B0FC00006704214C003AA8
S21418F090B4FC0000670C204A2068003AB0FC000058
S21418F0A066F64A826600017AB6FC000067084AAB24
S21418F0B0003E66000168B7D16700015C206A00321E
S21418F0C0B7C86600017C206A00367001B0A8003EFA
S21418F0D0663C42A8003E2540003E26680032254B76
S21418F0E000366704274A003A202A003A2140003A98
S21418F0F067000084266A003AB5EB00326672274825
S21418F1000032214A00322548003A206A003626681E
S21418F110003228680036B6FC000067064AAB003E88
S21418F1206658B8FC000067064AAC003E664C70018C
S21418F1302140003E202A003A264A24406000FF6AF2
S21418F14028406000FEC6254B00366000FEF0228B75
S21418F1506000FEEA214C00366000FF20228C60001A
S21418F160FF1A254B00366000FF3A228B6000FF34EA
S21418F17027480036608C22886088B8FC000067062E
S21418F1804AAC003E6644B6FC0000670442AB003E3C
S21418F19070012140003E286B0036214C003267046F
S21418F1A02948003A2028003A2740003A6700008489
S21418F1B02868003AB1EC00326672294B00322748AC
S21418F1C00036214B003A206A0036216A003E003E7F
S21418F1D042AA003E20680036B0FC0000670442A829
S21418F1E0003E206A003626680032254B0036670433
S21418F1F0274A003A202A003A2140003A673E266AF3
S21418F200003AB5EB0032662E27480032214A003203
S21418F2102548003A2651B6FC0000670442AB003E6B
S21418F220200D4CEE3C04FFE84E5E4E75294B00361A
S21418F230608C228B60882748003660D0228860CC85
S21418F2407001B0A8003E663C42A8003E2540003E2D
S21418F25026680036254B00326704274A003A202ACB
S21418F260003A2140003A67000086266A003AB5EB55
S21418F2700032667427480032214A00362548003A7C
S21418F280206A003226680032B6FC000067644AAB73
S21418F290003E675E4AAB003E6772216A003E003E3B
S21418F2A042AA003E20680032B0FC0000670442A85C
S21418F2B0003E206A003226680036254B0032670466
S21418F2C0274A003A202A003A2140003A6700009A56
S21418F2D0266A003AB5EB00326600008627480032E8
S21418F2E0214A00366000FF2A27480036608A22889E
S21418F2F0608628680036B8FC00006700FE324AAC04
S21418F300003E6700FE2AB6FC0000668826680036AF
S21418F310B6FC0000670442AB003E70012140003E78
S21418F320286B0032214C003667042948003A2028FA
S21418F330003A2740003A67242868003AB1EC0032B1
S21418F3406614294B003227480032214B003A206AAF
S21418F35000326000FF46294B003660EA228B60E6D2
S21418F360274800366000FF7A22886000FF744E56E1
S21418F3700000226E000820690026B0FC00006626F1
S21418F3802069002AB0FC00006722B3E80022671C38
S21418F3902069002AB0FC00006712B3E80026660C45
S21418F3A0224860EC20402028002266F820084E5E8E
S21418F3B04E754E56000048E73C00202E000C222EB4
S21418F3C00010206E00082068001AB0FC0000660ABC
S21418F3D020084CDF003C4E5E4E7524280004262874
S21418F3E0000828002A019A839982621028002A01A8
S21418F3F09A83998264DA2068002260CE20680026F4
S21418F40060C84E5600002F0A246E0008206E000CA6
S21418F4104A280020670E2252B3C8661024A8004255
S21418F42042280020245F4E5E4E7522402029004256
S21418F430B08866F623680042004260E44E56000024
S21418F44048E73020246E0008262E000C242E0010C4
S21418F450B4FC000067084A8367044A82661C48782A
S21418F460004948790019F92B48790019E8D34EB99C
S21418F470001951FE4FEF000C60FE4878002642A790
S21418F4802F0A4EB900195E4C24832542000442AA5E
S21418F490000C42AA001070004CEE040CFFF44E5EEE
S21418F4A04E754E5600004878002642A72F2E0008A4
S21418F4B04EB900195E4C70004E5E4E754E560000E2
S21418F4C0206E00082068001E7000B0FC000066045D
S21418F4D04E5E4E7520082068003260EE4E560000CC
S21418F4E048E7303C242E0008286E000C4AAC00185A
S21418F4F0670000924EB90018042208000001674AF7
S21418F50048790019F94348790019E90345F90019AB
S21418F51051FE4E92487800A748790019E9064E928F
S21418F5202F2C00182F2C00082F2C000448790019AF
S21418F530F9514E924FEF00202079001A0A4E2F28C4
S21418F54000084EB9001949EA588F266C00222A6C12
S21418F5500026B6FC0000663E264D246C002A262C93
S21418F560002EB6FC00006704274A002AB4FC0000E8
S21418F5706700018EB9EA00226600017E254B00223C
S21418F580600000AA2F0C20424868001E4EB90018CA
S21418F590EFBA508F60B4BAFC000067BE202D002268
S21418F5A06600012C266D0026246D002A262D002EB6
S21418F5B0B6FC00006704274A002AB4FC000067005F
S21418F5C0011CBBEA00226600010C254B0022B9ED8F
S21418F5D0002A6602244D48780010486C0022486DB0
S21418F5E000224EB900195DDC206C002A4FEF000C83
S21418F5F0B0FC0000670000F8B9E80022660000E8D2
S21418F600214D0022206C0022214D002A206C002655
S21418F610B0FC00006704214D002AB4FC0000670CFB
S21418F620204A2068002AB0FC000066F64A83660066
S21418F6300196B6FC000067084AAB002E66000184E7
S21418F6402242B7E9001A67000174206A0022B7C878
S21418F650660001CE206A00267001B0A8002E663C0F
S21418F66042A8002E2540002E226800222549002692
S21418F6706704234A002A202A002A2140002A670005
S21418F6800090226A002AB5E90022667E23480022E6
S21418F690214A00222548002A206A002622680022CD
S21418F6A026680026B2FC000067064AA9002E666A7D
S21418F6B0B6FC000067064AAB002E665E7001214055
S21418F6C0002E202A002A264A24406000FF662A4078
S21418F6D06000FECA254B00266000FEF42242234B2B
S21418F6E0001A6000FEEA214D00266000FF1820422E
S21418F6F0214D001A6000FF0E254B00266000FF2ED5
S21418F7002242234B001A6000FF24234800266080FC
S21418F71022422348001A6000FF78B6FC00006706ED
S21418F7204AAB002E6646B2FC0000670442A9002EBB
S21418F73070012140002E26690026214B00226704FE
S21418F7402748002A2028002A2340002A670000BAE3
S21418F7502668002AB1EB0022660000A62749002278
S21418F760234800262149002A206A0026216A002EEE
S21418F770002E42AA002E20680026B0FC000067045F
S21418F78042A8002E206A0026226800222549002654
S21418F7906704234A002A202A002A2140002A67786C
S21418F7A0226A002AB5E90022666823480022214A00
S21418F7B000222548002A20422668001AB6FC0000B7
S21418F7C0670442AB002E082C0001000367102F0CAC
S21418F7D02642486B00224EB90018F402508F2F2C80
S21418F7E0000C45F9001935924E922F0C4E92204275
S21418F7F053A8000C508F4CEE3C0CFFE84E5E4E752E
S21418F800274900266000FF5A26422749001A60003A
S21418F810FF5023480026609622422348001A608E1E
S21418F8207001B0A8002E663C42A8002E2540002E77
S21418F83022680026254900226704234A002A202A1F
S21418F840002A2140002A67000086226A002AB5E9A5
S21418F8500022667423480022214A00262548002ADA
S21418F860206A002222680022B2FC000067684AA9B3
S21418F870002E67624AA9002E6776216A002E002E8F
S21418F88042AA002E20680022B0FC0000670442A896
S21418F890002E206A002222680026254900226704C6
S21418F8A0234A002A202A002A2140002A670000A29C
S21418F8B0226A002AB5E900226600008E2348002234
S21418F8C0214A00266000FEEC23480026608A224261
S21418F8D02348001A608226680026B6FC00006700D7
S21418F8E0FDDC4AAB002E6700FDD4B2FC000066842F
S21418F8F022680026B2FC0000670442A9002E700198
S21418F9002140002E26690022214B0026670427482E
S21418F910002A2028002A2340002A67242668002A5E
S21418F920B1EB0022661427490022234800222149F9
S21418F930002A206A00226000FF422749002660EA53
S21418F94026422749001A60E2234800266000FF7204
S21418F95022422348001A6000FF684E56000048E707
S21418F960303C246E0008206A001A7400B0FC0000B0
S21418F97066324BF90018F36E49F90018880C47F9E7
S21418F9800018F4DC4A8267242F024E9526002E8231
S21418F9902F2A00144E942F022F0A4E934FEF001062
S21418F9A0240360E024082068002260C04CEE3C0C5B
S21418F9B0FFE84E5E4E754E5600002F0A246E00085D
S21418F9C0206E000C42A8004642A8004A20100800E4
S21418F9D0000167184A2800206712226A0022B3C856
S21418F9E066182568004200224228002072FCC28051
S21418F9F02081245F4E5E4E75224122290042B2882D
S21418FA0066F623680042004260DE4E56000048E75D
S21418FA103C38282E0008202E000C222E001074FFCA
S21418FA2076FFD681D580226E001491C82A08D6890A
S21418FA30D5852F012F002F044EB90018F3B24FEFBB
S21418FA40000C244047F90018F36E49F90018F9B667
S21418FA50B4FC000067162F0A4E93588F2A00202AE7
S21418FA600004222A000892839182630A4CEE1C3CFA
S21418FA70FFE44E5E4E752F0A2F044E94508F244581
S21418FA8060CE4E56000048E73038266E0008286EBE
S21418FA90000C242E0010262E00142F032F022F0BD6
S21418FAA04EB90018F3B24FEF000C24404A80674C4A
S21418FAB04AAA00186632202B0008528027400008F1
S21418FAC0254000142F0A486B001E4EB90018EFBACE
S21418FAD0508F082A00010003670E2F0A486B002271
S21418FAE04EB90018F402508F52AA001828822943DB
S21418FAF00004294A0008296A000C000C200A4CEE5B
S21418FB001C0CFFEC4E5E4E754E56000048E73E3C09
S21418FB10286E00082C2E000C20462F2800042F10C4
S21418FB202F062F0C4EB90018FA8224404FEF0010FB
S21418FB304A806712246E0010421270004CEE3C7C0D
S21418FB40FFDC4E5E4E752A462415262D00042F2CF3
S21418FB5000044EB90019357E2800588F672048785B
S21418FB60004E487800014EB9001934022640508FCE
S21418FB704A80660E2F044EB900193592588F700CAD
S21418FB8060BA27420004274300082744000C274C75
S21418FB90001C206C001A7000B0FC0000666A274A29
S21418FBA0002A42AB002642AB00227A012745002ED7
S21418FBB0B4FC00006700008472FFB2806676254B9E
S21418FBC00022244B206A002AB0FC000067707001DF
S21418FBD0B0A8002E66682268002A20290022B0885D
S21418FBE066000142202900266700009A78012A40FC
S21418FBF0B8AD002E6600008E42AD002E42A8002E2C
S21418FC002344002E244960BC20280004222800081B
S21418FC1028022A039A819980620001C228022A03C0
S21418FC209A81998064202228002270FF2448204157
S21418FC306000FF66254B00266088294B001A206C4A
S21418FC40001A42A8002E202C000C52802940000CC6
S21418FC50B0AC001063042940001052AB0018202CDA
S21418FC600008528029400008274000142046214BDF
S21418FC700008216B000C000C246E001014BC000148
S21418FC806000FEB8B5E800266638202A0022214013
S21418FC90002667062A402B48002A2028002A2540D6
S21418FCA0002A676C2028002A2A40B1ED00226658E0
S21418FCB02B4A002225480022214A002A200A2448D6
S21418FCC0204042A8002E70012340002E20690022F2
S21418FCD0202800262340002267062A402B49002A9F
S21418FCE02029002A2140002A67342029002A2A4081
S21418FCF0B3ED002266202B4800222149002623480F
S21418FD00002A224A6000FEFE2A402B4A002660A4DB
S21418FD10294A001A609E2A402B48002660DC29488B
S21418FD20001A60D64A80671A72012A40B2AD002EB1
S21418FD30661042AD002E42A8002E2341002E600009
S21418FD40FEC4B5E800226638202A00262140002284
S21418FD5067062A402B48002A2028002A2540002A11
S21418FD6067662028002A2A40B1ED002266522B4AE0
S21418FD70002225480026214A002A200A2448204026
S21418FD8042A8002E70012340002E20690026202845
S21418FD9000222340002667062A402B49002A2029DD
S21418FDA0002A2140002A672E2029002A2A40B3ED6F
S21418FDB00022661A2B480022214900226000FF40C4
S21418FDC02A402B4A002660AA294A001A60A42A400C
S21418FDD02B48002660E22948001A60DC22280026F4
S21418FDE070016000FE484E56000048E7303C286E0A
S21418FDF00008262E000CB8FC0000661C4878011275
S21418FE0048790019F92B48790019E8D34EB9001922
S21418FE1051FE4FEF000C60FE2043201080A800040F
S21418FE20661C4878011548790019F92B4879001985
S21418FE30E8D34EB9001951FE4FEF000C60FE266845
S21418FE400008B6FC0000661C4878011848790019A6
S21418FE50F92B48790019E8D34EB9001951FE4FEF1F
S21418FE60000C60FE202B0018661C4878011B487989
S21418FE700019F92B48790019E8D34EB9001951FE24
S21418FE804FEF000C60FE538027400018660000DC19
S21418FE90206C001E93C9B0FC000066702749003A13
S21418FEA042AB003642AB003272012741003EB2FC2C
S21418FEB00000670000D674FFB480660000C6234BA7
S21418FEC00032244B206A003AB0FC0000670000C0DD
S21418FED07001B0A8003E660000B62268003A2029D5
S21418FEE00032B0886600015220290036670000AA42
S21418FEF072012A40B2AD003E6600009E42AD003E3A
S21418FF0042A8003E2341003E244960B8222B001424
S21418FF1020280014B081650001EC620001DA201375
S21418FF207203C2807403B481662A206C00144AA82F
S21418FF300024670001AE720CC081660001A64A2B29
S21418FF4000206610276C00220042294B0022177CDE
S21418FF50000100207009C0937201B280670C2F0B45
S21418FF602F0C4EB90018F4DC508F2043429042A84C
S21418FF70000442A8000C70004CEE3C0CFFE84E5EE5
S21418FF804E75234B00366000FF3A294B001E206C36
S21418FF90001E42A8003E6086B5E800366638202A5D
S21418FFA000322140003667062A402B48003A20289F
S21418FFB0003A2540003A676C2028003A2A40B1EDEE
S21418FFC0003266582B4A003225480032214A003A39
S21418FFD0200A2448204042A8003E70012340003ED4
S21418FFE020690032202800362340003267062A404F
S21418FFF02B49003A2029003A2140003A6734202934
S214190000003A2A40B3ED003266202B4800322149C7
S21419001000362348003A224A6000FEEE2A402B4A50
S214190020003660A4294A001E609E2A402B480036D6
S21419003060DC2948001E60D64A80670C72012A4087
S214190040B2AD003E6700FEB6B5E800326638202A23
S21419005000362140003267062A402B48003A2028ED
S214190060003A2540003A67662028003A2A40B1ED42
S214190070003266522B4A003225480036214A003A89
S214190080200A2448204042A8003E70012340003E22
S21419009020690036202800322340003667062A4099
S2141900A02B49003A2029003A2140003A672E202988
S2141900B0003A2A40B3ED0032661A2B48003221491D
S2141900C000326000FF4E2A402B4A003660AA294AA1
S2141900D0001E60A42A402B48003660E22948001EFC
S2141900E060DC2F0B2F084EB90018880C74FBC593CB
S2141900F0508F6000FE602228003270FF224820418F
S2141901006000FD9422280036700160F04E560000FB
S214190110206E00082010B0A8000C53C044004E5E94
S2141901204E754E560000206E000872001228000404
S214190130E1898228000530010C41800063040640DD
S21419014080004E5E4E754E56FFF82F0B2F0A206E06
S2141901500008266E000C24680014082A0002006C99
S21419016067762D680018FFF82F2800104EB900186A
S21419017056882D40FFFC48780010486A006E48786B
S214190180FFFF45F9001850BE4E9248780004486E95
S214190190FFF82F004E9248780004486EFFFC2F0097
S2141901A04E924FEF00287200122B0004E189822B21
S2141901B00005204152882208D288D288D281D2815D
S2141901C02F012F0B2F004E924FEF000C246EFFF0CD
S2141901D0266EFFF44E5E4E75700060F04E560000A7
S2141901E0206E000C2028000880A8000C67122F2803
S2141901F000104EB9001869AA588F70004E5E4E75D9
S214190200206E000810BC000160F04E56000048E74A
S2141902103F38226E0008246E000C20690010740006
S2141902201428002EE18A8428002F76003602C4FC92
S214190230002C47F22800206B0028B0FC000067004D
S21419024000EC266B0020B6FC0000670000E04A832D
S214190250660C70004CEE1CFCFFDC4E5E4E7547EBD0
S214190260000CB7C866EC72001210E14948414241C9
S2141902707000102800014840424082807000102803
S2141902800002E188808180280003220353812041DF
S214190290D1C1D1C1D1C8D1C891C1D1C8D1C841F233
S2141902A08800266800242C0042464846E04E1686EA
S2141902B028004244484472004601C8811744000188
S2141902C02A00E08DCA81174500022E01CE801747F5
S2141902D0000347E9001C2F082F0B49F9001901DC08
S2141902E04E94508F4A806600FF6C45F228CC7001F8
S2141902F0B0836700FF5E700CD0AA0028B0AA002C45
S2141903006600FF5020521086114400011145000264
S21419031011470003486AFFDC2F0B4E94538345EAB6
S214190320FFD4508F4A8067C66000FF2A70056000A8
S214190330FF244E56000048E73F3C262E00102403A3
S214190340D483D483D482D4829483D482D482246EE0
S214190350000CD5C2206A0024700010280004E14859
S2141903604840424078001828000548444244808492
S214190370780018280006E18C8880882800077A00FB
S2141903801A280008E18D8A280009226A00207000C0
S21419039010290002E18880290003220052812001D9
S2141903A0D081D081D080D08043F108F4B3C86714C7
S2141903B093C82F094868000C2F084EB900195650D3
S2141903C04FEF000C206A0020700010280002E18808
S2141903D08028000353403200E049114100021140C1
S2141903E000033A7C001CDBEE00082F0A2F0D47F994
S2141903F0001901DC4E932840508F4A80660000AAE7
S2141904007C003C052E044EB9001804224A006C766E
S21419041048790019F98D48790019E903283C00191B
S21419042051FE20444E904878061348790019E9067B
S21419043020444E90487800012F072F06206A002482
S21419044072001210E149484142417000102800011B
S214190450484042408280700010280002E18880815E
S214190460802800032F0048790019F99B20444E90E4
S2141904704FEF00242079001A0A4E2F2800084EB98B
S214190480001949EA588F487800012F072F062F2E92
S21419049000084EB9001870A4206E000C45F02820EC
S2141904A04FEF00104A836E0C200C4CEE3CFCFFD824
S2141904B04E5E4E75206A0004700CD092B08866E8BD
S2141904C072001210E149484142417000102800019B
S2141904D0484042408280700010280002E1888081DE
S2141904E080280003206AFFD8220042414841E0498B
S2141904F01081220042414841114100012200E08941
S2141905001141000211400003486AFFB42F0D4E93A3
S21419051045EAFFD4508F4A80660453836086284084
S21419052060864E56000048E73B302E2E0008266E91
S214190530000C282E0010B6FC0000670000B8202B0F
S21419054000182200D280D280D281D2819280D281A4
S214190550D281D7C1246B0028B4FC0000670000883C
S2141905607200122A0008E149484142417000102AD7
S21419057000094840424082807000102A000AE1882B
S21419058080817200122A0006E1892C018C2A000744
S2141905902E008E2A000B70001012E1484840424087
S2141905A07200122A00014841424180817200122AC3
S2141905B00002E1898280822A0003B8816316988135
S2141905C02604740020022203D287D1864CDF0CDC65
S2141905D04E5E4E759284224191C820062207240841
S2141905E09289918260E6202B0008222B000C2400A9
S2141905F0848166D82D4700084CDF0CDC4E5E4EF918
S2141906000018E2044E56000048E73C38246E0008ED
S214190610242E000C262E0010266E00182F032F02EB
S2141906202F0B206A00142F2800024EB900186A0AE8
S21419063028004FEF00106600015A206B000C70005E
S2141906401010E188802800012A3C0019F9B90C40DD
S214190650F30A660000EE700010280006E18880286C
S21419066000072A3C0019F9C7B06E0016660000D4B8
S214190670700010280004E188802800054A406700A9
S21419068000BC720012280002E18982280003B240D9
S2141906906200011C226A001408290002006C670017
S2141906A00090220052812001D081D081D080D08044
S2141906B0720012300800E149484142417A001A3066
S2141906C008014845424582857A001A300802E18DAC
S2141906D08A818A3008032F082F0A4EB90019014655
S2141906E0508FB085674A4EB9001804224A006C40EC
S2141906F048790019F98D48790019E90345F900195F
S21419070051FE4E92487802FB48790019E9064E9236
S2141907102F032F0248790019F9FD4E922079001AF5
S2141907200A4E2F2800084EB9001949EA4FEF002043
S21419073020044CEE1C3CFFE44E5E4E752A3C001914
S214190740F9DB4EB9001804224A006C44487900199E
S214190750F98D48790019E90349F9001951FE4E94A3
S2141907604878030448790019E9064E942F032F0296
S2141907702F0548790019FA314E944FEF0020207949
S214190780001A0A4E2F2800084EB9001949EA588F40
S2141907907805201380AB000467962F0B206A001487
S2141907A02F2800024EB900188624508F60822A3CE2
S2141907B00019F9EA608C4E5600002F02206E0008C8
S2141907C0222E000C2268001070001029002EE188D5
S2141907D08029002FB280670000842068001443F92E
S2141907E00019C1F874001428001EE14A4842424212
S2141907F04A81663872001228001F48414241848196
S214190800720012280020E189828282280021203C69
S21419081000000400E3A84878000C20404868FFF45C
S2141908204E91508F242EFFFC4E5E4E757200122884
S214190830001F484142418481720012280020E18934
S214190840828282280021203C00000400E3A8487810
S214190850000C20404868FFF44E9160C6700460C4CE
S2141908604E56000048E7383C282E0008266E000C25
S214190870102E0013B6FC0000671C4A006622262BB1
S2141908800018508B740049F9001886244BF9001982
S2141908900146B4836F0E4CEE3C1CFFE44E5E4E755B
S2141908A0760060DE201380AB00046764226B0008B4
S2141908B00829000100036748226B001870001029E8
S2141908C00004E1888029000552802440D5C0D5C08F
S2141908D0D5CAD5CA45F1A8002F092F044E9522006E
S2141908E042414841E049148122004241484115419C
S2141908F000012200E0891541000215400003508FBF
S2141909002F0B2044226800142F2900024E94508F72
S214190910528247EB002C6000FF7A4E56FFE448E7F8
S2141909203F3C286E000847EEFFF04878001042A7B3
S2141909302F0B4EB900195E4C206E00102450206CF7
S21419094000107628D68874001428002EE18A842888
S214190950002F4FEF000CB4FC0000672642A72F0AA1
S2141909602F0C4EB9001908604FEF000CB4AA001CE2
S2141909706F462F0A4EB900193592206E0010429014
S214190980588F220254812001D081D081D080D08006
S2141909909081D080D0802F00487800014EB9001978
S2141909A034022440508F4A806606700C600000E0BE
S2141909B0200252802540001C25430020487800104C
S2141909C02F0B486A00082A3C00195DDC20454E901A
S2141909D02A4A4FEF000C280276002E3C0019C1D483
S2141909E04A84660000B42643D7C3D7C3D7CBD7CB20
S2141909F097C3D7CBD7CB47F2B80042AB001842AB58
S214190A00002842AB0024206B00207000102800023A
S214190A10E188802800034A80672A7418D48852808F
S214190A202200D280D081D080D08041F008F42608E8
S214190A3049F90019C1D4B483630001FE72F4D28255
S214190A4027410028206B0028B0FC00006738720088
S214190A5012280008E149484142417000102800094F
S214190A6048404240828070001028000AE188808140
S214190A708028000B720012280006E18982280007D8
S214190A80268127400004206E0010208A70004CEE44
S214190A903CFCFFBC4E5E4E75206D002047E80018E2
S214190AA0720012280002E18982280003528120016F
S214190AB0D081D081D080D08043F008F4B7C96300C4
S214190AC000E641EBFFF42B4800247200122BFFF8C6
S214190AD0E149484142417000102BFFF94840424015
S214190AE082807000102BFFFAE18880817200122B29
S214190AF0FFFCE189822BFFFD2D41FFE8802BFFFBD0
S214190B002D40FFEC2AAEFFE82B6EFFEC00042B44B9
S214190B10001842AD002853845283206D0034226D8C
S214190B200038B0FC00006606B2FC000067142A2ED6
S214190B30FFE82C2EFFEC200822099C819B80670079
S214190B4000F0486EFFF02F042F2EFFEC2F2EFFE833
S214190B502F0C4EB9001906044FEF00144A80661C74
S214190B60B6826F0000AE486EFFF0206C00142F2876
S214190B7000024EB900188624508F700542A72F0A16
S214190B802F0C2D40FFE44EB9001908602F0A4EB9F4
S214190B9000193592206E001042904FEF0010202E4B
S214190BA0FFE46000FEEA2009908BE4802F3CAAAA95
S214190BB0AAAB2F002D49FFE420474E90508F2000F6
S214190BC06A025280E2802040D1C0D1C0D1C8D1C8B3
S214190BD041F3880070001010E14848404240720006
S214190BE012280001484142418280700010280002F4
S214190BF0E188808180280003226EFFE4B0AE000CE5
S214190C00630843E8FFF46000FEB447E8000C600090
S214190C10FEAC266EFFFC48780010486EFFF0486D53
S214190C2000344EB900195DDC2B4B004C4FEF000C0D
S214190C304BED002C6000FDAA20039082E4802F3C27
S214190C40AAAAAAAB2F004E94508F20006A0252808F
S214190C50E2802040D1C0D1C0D1C8D1C8D1C272005B
S214190C601210E149484142417000102800014840DD
S214190C7042408280700010280002E1888081802816
S214190C800003B0AE000C630876F4D6886000FDA8A1
S214190C90740CD4886000FDA04E5600002F0A246EEE
S214190CA000082F2A00104EB900185B8A20404228E7
S214190CB0000642280007422800024228000342285C
S214190CC00008422800094228000A4228000B10BCD6
S214190CD0FFF3117C000A000142280004117C00046D
S214190CE00005157C0001001C588F246EFFFC4E5E13
S214190CF04E754E56FF7448E73F3C266E0008246E24
S214190D000010206E000C2D50FFDC42AEFFE078007C
S214190D10206B001076001628002EE18B8628002FEF
S214190D20720032032D41FFD83A03CAFC002C2D4518
S214190D30FFE4286EFFDCD9C52A6C0028BAFC00002F
S214190D40674E70001012E148484042407200122A5D
S214190D5000014841424180817200122A0002E1894D
S214190D608280822A00037A001A15E14D48454245C9
S214190D707000102D0001484042408A807000102DE6
S214190D800002E1888085802D0003B0816700058CFC
S214190D90082E000500176600014EBAFC0000670011
S214190DA001467200122D0008E1494841424170007F
S214190DB0102D00094840424082807000102D000A0C
S214190DC0E18880817200122D0006E189822D0007C4
S214190DD02D41FFC8802D000B2D40FFCC2F0D2E3C2A
S214190DE00019012220474E90588F34007A001A2A8B
S214190DF00008E14D484542457000102A0009484050
S214190E0042408A807000102A000AE18880857200A4
S214190E10122A0006E189822A00072D41FFC0802A7E
S214190E20000B2D40FFC4700030022D40FFA842AEC3
S214190E30FFA42A2EFFA42C2EFFA8202EFFC8DCAE56
S214190E40FFCCDB80202EFFC0222EFFC49C819B8006
S214190E5066327A001A2D0004E18D8A2D00050C459C
S214190E6080006300010E2F0A20474E90588F72009B
S214190E70320202800000FFFFD2800C8100007FFF43
S214190E806F00010E2F0A4EB900190122588F3E0025
S214190E907A003A002D45FF9842AEFF942A2EFF9409
S214190EA02C2EFF98202EFFC0DCAEFFC4DB80202E30
S214190EB0FFC8222EFFCC92869185662A7A001A2DB3
S214190EC00004E18D8A2D000502820000FFFF7000E4
S214190ED03007D4800C458000630001940C82000012
S214190EE07FFF6F000194206C00207000102800020C
S214190EF0E18880280003720012280004E1898228FC
S214190F000005B24067000FF8BAFC00006600020A36
S214190F104BE8000C294D002802800000FFFF220034
S214190F2052812001D081D081D080D08043F008F43E
S214190F302009908DE4802F3CAAAAAAAB2F002D4831
S214190F40FF784EB90019C1D4508F22005281206EF5
S214190F50FF786A00021A4878052348790019FA5F5B
S214190F6048790019E8D34EB9001951FE4FEF000C15
S214190F7060FE2F0A22474E91588F72003202028065
S214190F800000FFFFD2800C81000080006E00FEF684
S214190F9072001215E149484142417000102D0001B6
S214190FA04840424082807000102D0002E1888081FE
S214190FB0802D000372003202D0817E001E12E14F8E
S214190FC0484742477200122A0001484142418E8121
S214190FD07200122A0002E1898287822A0003B280EF
S214190FE06600FEA22F0A4EB900190122588FD04268
S214190FF00C4580006304004080003200E0491B4124
S21419100000041B4000052F0C486B001C4EB9001934
S21419101001DC2A00508F660002FC294D0028720058
S214191020122D0008E149484142417000102D00096F
S2141910304840424082807000102D000AE188808165
S214191040802D000B7200122D0006E189822D0007F3
S2141910502881294000044AAEFFE0670002AC2F2E13
S214191060FFE04EB900193592588F6000029C0C8229
S214191070000080006E00FE707E001E12E14F484789
S21419108042477400142A000148424242848772007B
S214191090122A0002E1898282822A0003D081740012
S2141910A01415E14A484242427E001E2D0001484767
S2141910B042478E827400142D0002E18A8487842D9B
S2141910C00003B4806600FE20200142404840E048F4
S2141910D01A802001424048401B4000012001E08848
S2141910E01B4000021B4100032F0D263C001901224C
S2141910F020434E9034002E8A22434E91588FD04268
S2141911003200E0491B4100041B4000050C458000D5
S2141911106200FEE46000FEF072001212E1494841D6
S21419112042417400142A00014842424282827400E5
S214191130142A0002E18A8481842A0003760016158F
S214191140E14B484342437200122D00014841424187
S21419115086817200122D0002E1898283822D000396
S214191160B2826400FDB44BED000C6000FDAC4A8100
S21419117067242001D081D081D080D0802F002F0DF8
S214191180486D000C2D48FF784EB9001956504FEF90
S214191190000C206EFF78700010280004E188802863
S2141911A00005220052812001D081D081D080D080C4
S2141911B043F008F4B3CD6500016272001212E149DA
S2141911C0484142417000102A00014840424082803E
S2141911D07000102A0002E1888081802A000322000C
S2141911E042414841E0491A812200424148411B4187
S2141911F000012200E0891B4100021B400003700019
S214191200102A0004E188802A00052200E0891B4183
S21419121000041B4000057200122A0008E1494841E3
S21419122042417000102A00094840424082807000EE
S214191230102A000AE1888081802A000B7200122A7F
S2141912400006E189822A0007240042424842E04A01
S2141912501B4200082400424248421B42000924004F
S214191260E08A1B42000A1B40000B2001E0881B4045
S21419127000061B410007700010280002E18880282C
S214191280000352403200E04911410002028000007A
S214191290FFFF1140000352802200D280D081D080F7
S2141912A0D08041F008F4B1CD65702F2EFFDC2F0BDE
S2141912B04EB90019020A2A00508F6700FD4A4AAE35
S2141912C0FFDC671242A72F2EFFDC2F0B4EB9001931
S2141912D008604FEF000C2004D084D084D080D080D2
S2141912E09084D080D080206EFFE045F008DC49F964
S2141912F0001870A44BF90019086053846B00FD5848
S2141913004AAEFFE066000BBA20054CEE3CFCFF4CDB
S2141913104E5E4E757005B08566A47A0560A02D449C
S214191320FFE42250720012290002E1898229000383
S214191330700010290004E18880290005B041620078
S214191340029C282EFFE4528441E8FFD4202EFFD8B1
S214191350908472FFB28066C64878001042A7486E1D
S214191360FFF04EB900195E4C206B00107000102863
S214191370002EE1888028002F4FEF000C4A80661453
S2141913802F0B4EB90018E2042D40FFB82D41FFBCB3
S214191390588F603A720012280038E1494841424194
S2141913A0700010280039484042408280700010288A
S2141913B0003AE188808172001228003CE18982286F
S2141913C0003D2D41FFB88028003B2D40FFBC42AEA2
S2141913D0FFE842AEFFEC486EFFE82F2EFFBC2F2E1B
S2141913E0FFB82F0B4EB9001874E42A00242EFFE814
S2141913F0262EFFEC4FEF00102C028C836700029606
S2141914002F032F02486EFFF0206B00142F280002BE
S2141914104EB9001869FE2A004FEF00106718487871
S21419142000012F032F022F0B4EB9001870A44FEF8F
S21419143000106000FE8A4878003C7028D0AB001077
S2141914402F002F2EFFFC4EB9001956502A6EFFFC9E
S214191450206B001070001028002EE1888028002FBD
S2141914604FEF000C206B00147A001A28001EE14D6D
S214191470484542454A80670001E670001028001F5B
S214191480484042408A80700010280020E1888085F4
S21419149080280021223C00000400E1A94878000CAD
S2141914A020414868FFF44EB90019C1F8508F320030
S2141914B0E0491B4100041B4000051ABCFFF31B7CC6
S2141914C0000A00017000102D0004E188802D000527
S2141914D052802840D9C0D9C0D9CCD9CC49F5C80032
S2141914E02F0D2F0B4EB900190146220042414841D3
S2141914F0E049188122004241484119410001220061
S214191500E0891941000219400003206B0010422897
S214191510002A117C0001002B200342404840E04875
S214191520114000382003424048401140003920033A
S214191530E0881140003A1143003B3002E048114060
S214191540003C1142003D70001028002EE1888028CA
S214191550002F508F4A80660A4228002C117C0004FE
S214191560002D52403200E0491141002E1140002F43
S2141915702F2EFFF84EB9001869AA177C0001001C17
S214191580486EFFF0206B00142F2800024EB9001881
S21419159086244FEF000C2F2E000C72001212E14910
S2141915A0484142417000102A00014840424082805A
S2141915B07000102A0002E1888081802A00032F001B
S2141915C02F0B4EB90019091A2A004FEF000C6600A6
S2141915D0FCEE286E000C2D54FFDC52874AAEFFE451
S2141915E0670008AE202EFFE4D080D0AEFFE4D0808E
S2141915F0D08090AEFFE4D080D0802D40FFA02F0081
S214191600487800014EB9001934022D40FFE0508F7A
S214191610670008A4202EFFE453809E802D47FFD430
S214191620206B001070001028002EE1888028002FEB
S214191630760036002D43FFB496872D43FFD84A8788
S2141916406E5C487803FA48790019FA5F48790019E8
S214191650E8D34EB9001951FE4FEF000C60FE70002A
S2141916601028001F484042408A8070001028002029
S214191670E188808580280021223C00000400E1A929
S2141916804878000C22414869FFF44EB90019C1F890
S2141916906000FE1A4A806700FEFE6000FC22C0FC4D
S2141916A0002C206EFFDCD1C0226800282868002094
S2141916B07200122C0004E189822C00052041528800
S2141916C02208D288D288D281D28141F418F4B1C9BD
S2141916D0670001AE76001629000CE14B48434243D9
S2141916E074001429000D4842424286827400142957
S2141916F0000EE18A84838429000F222EFFD8D28116
S214191700D2AEFFD8D281D28192AEFFD8D281D28101
S2141917102D41FF9C2A6EFFE0DBC1206EFFDC41F0F5
S214191720082026082D6EFFB4FFD078002A024245FD
S2141917304845E04D2D45FF882002424048407C0030
S2141917404606CC802D46FF842002E0887A0046059E
S214191750CA802D45FF807C004606CC822D46FF7C2C
S2141917602A2EFFD4BAAEFFD06F00013E2005538053
S2141917702A40DBC0DBC0DBCDDBCD9BC0DBCDDBCDB0
S214191780DBEEFFDC286D0024B8FC0000672A760023
S2141917901614E14B484342437000102C0001484090
S2141917A0424086807000102C0002E1888083802CCD
S2141917B00003B08267000742206D002070001028D1
S2141917C00002E18880280003720012280004E189CB
S2141917D082280005B081670007207A001A12E14DA9
S2141917E0484542457800182A0001484442448885ED
S2141917F07600162A0002E18B8684862A0003226E5A
S214191800FFE0282900082A29000CB8FC0000660009
S214191810049249E8000C2B4C002452812241D3C172
S214191820D289D281D28143F018F4B3CC650006CAA6
S21419183052802200D280D081D080D08043F008F424
S2141918402009908CE4802F3CAAAAAAAB2F002D4819
S214191850FF784EB90019C1D4508F5280206EFF7888
S2141918606A000472487803D748790019FA5F4879EC
S2141918700019E8D34EB9001951FE4FEF000C60FE5F
S21419188072001212E149484142417400142A0001BB
S2141918904842424282827400142A0002E18A8481F4
S2141918A0842A00036000FE5449EEFFF048780010C1
S2141918B042A72F0C4EB900195E4C7A001A12E14D48
S2141918C0484542457000102A0001484042408A8027
S2141918D07000102A0002E1888085802A00032F00F4
S2141918E02F2EFFDC2F0B4EB90019052242AEFFE84A
S2141918F042AEFFEC486EFFE82F012F002F0B4EB9B2
S214191900001874E42A002D6EFFE8FFAC2D6EFFEC6C
S214191910FFB04FEF00284A80660003382F2EFFB01D
S2141919202F2EFFAC2F0C206B00142F2800024EB957
S214191930001869FE2A004FEF001066000316307C67
S214191940FFE0D1C32D48FF902A2EFFB4BAAEFFD0C0
S2141919506600016E20432250206800087200122982
S2141919600004E1898229000552812001D081D081A5
S214191970D080D08043F108F42E099E882007E48091
S2141919802F3CAAAAAAAB2F002D48FF784EB90019EA
S214191990C1D4508F2A00286EFFFC7C0CDC8C422C9C
S2141919A00002422C000342A72F0B4EB9001907B6A6
S2141919B0508F3200E049194100041940000518BC3F
S2141919C0FFF3197C000A0001422C0006422C00077E
S2141919D0206EFF784A85670000DC2F074868000CE0
S2141919E02F064EB9001956503005E0481940000226
S2141919F01945000322432051700010280002E1887F
S214191A008028000390453200E04911410002114038
S214191A1000032F2EFF90486B001C4EB9001901DCED
S214191A202A004FEF00146600022A7A001A2C0014B6
S214191A30E14D484542457000102C0015484042407B
S214191A408A807000102C0016E1888085802C00177B
S214191A507200122C0012E189822C00132A812B4065
S214191A6000042B4600287000102C0006E188802CF4
S214191A7000072B40001842AD001C42AD00242B4C29
S214191A80002048780010486EFFF0486D00084EB9DF
S214191A9000195DDC2F2EFFF84EB9001869AA4FEF12
S214191AA0001053AEFFD052844BEDFFD470D4D680BD
S214191AB06000FCAE429542AD000442AD002860A617
S214191AC0284322542E2C0004720012290004E1899E
S214191AD08229000552812001D081D081D080D08002
S214191AE043F108F493C72D49FF742009E4802F3C6D
S214191AF0AAAAAAAB2F004EB90019C1D4508F2C0030
S214191B00286EFFFC41EC000C2D48FF8C422C00027D
S214191B10422C00032F042F0B4EB9001907B6508F0D
S214191B203200E049194100041940000518BCFFF3BA
S214191B30197C000A00013004E048194000061944CF
S214191B400007196EFF8B000C196EFF87000D196EB2
S214191B50FF83000E196EFF7F000F222D0034202DF3
S214191B6000382A0042454845E04D194500102A001C
S214191B7042454845194500112A00E08D19450012BD
S214191B80194000133001E048194000141941001596
S214191B90422C0002197C000100034A86665A7A0014
S214191BA01A2C0010E14D484542457000102C0011C2
S214191BB0484042408A807000102C0012E1888085C7
S214191BC0802C00137200122C0014E189822C001547
S214191BD02A812B4000047000102C0006E188802C06
S214191BE000072B40001842AD001C42AD00282B6E92
S214191BF0FF8C00246000FE882F2EFF74204748684B
S214191C00000C486C00184EB9001956503006524050
S214191C103200E049194100021940000322432051BD
S214191C20700010280002E1888028000390463200D0
S214191C30E04911410002114000032F2EFF90486B16
S214191C40001C4EB9001901DC2A004FEF001467007A
S214191C50FF4E222EFFAC82AEFFB0671848780001FF
S214191C602F2EFFB02F2EFFAC2F0B4EB9001870A4D5
S214191C704FEF0010286EFFE0262EFF9C45F438081B
S214191C80283C0018862449F9001870A44BF9001945
S214191C905E4C4AAEFFD86C000174282EFFE4600033
S214191CA0F61E7C001C14E14E484642467E001E2C49
S214191CB00001484742478E867C001C2C0002E18EA4
S214191CC08C878C2C0003BC826400FB5049EC000CFA
S214191CD06000FB484A8067242200D280D081D080D9
S214191CE0D0802F002F0C486C000C2D48FF784EB969
S214191CF0001956504FEF000C206EFF782002424014
S214191D004840E048188020024240484019400001E7
S214191D102002E088194000021942000320054240BB
S214191D204840E04819400004200542404840194000
S214191D3000052005E08819400006194500073004FB
S214191D40E0481940000819440009700010280002DC
S214191D50E1888028000352403200E0491141000210
S214191D6002800000FFFF1140000352802200D2803B
S214191D70D081D080D08041F008F4B1CC6500017ACA
S214191D802F0D486B001C4EB9001901DC2A00508F24
S214191D906600FEE2B6826500015A2B4C00247400D8
S214191DA0142C0004E14A484242427000102C0005E7
S214191DB04840424084807000102C0006E1888082DA
S214191DC0802C00077200122C0008E189822C000969
S214191DD02A812B4000047401206EFFE0226EFFA0BA
S214191DE049F098D42E2EFFD4DEAEFFE42007D08714
S214191DF0D087D080D0809087D080D080206EFFDCAE
S214191E004BF008D476D4D6AEFFE0607A2412262A90
S214191E1000042C028C8367282F0A206B00142F28A5
S214191E20000220444E90487800012F032F022F0BF2
S214191E304E944878001042A72F0A4E954FEF00246B
S214191E4053AEFFD845EAFFD46000FE484A026748F9
S214191E50487800012F0D2F0B4EB9001908604878E5
S214191E60002C2F0C2F0D4EB900195DDC4878002C6C
S214191E7042A72F0C4EB900195E4C4FEF002449ECBF
S214191E80FFD44BEDFFD4B68C66C276FF2D43FFE424
S214191E90282EFFE46000EE7A202C000880AC000C97
S214191EA067DC487800012F0C2F0B4EB90019086013
S214191EB04FEF000C60C8282EFFE47A0C6000F4007F
S214191EC0240A51822012222A000426008681671AC3
S214191ED0487800012F012F002F0B4E9448780001E7
S214191EE02F022F0B4E954FEF001C45EAFFD46000CA
S214191EF0F40A42026000FEE27A056000FD787E0070
S214191F003E03226EFFDC286EFFE441F1C82042AE84
S214191F10FFE46000F40E4E56FFEC48E73F3C286E8F
S214191F2000082C2E0010206C001076001628002EA3
S214191F30E18B8628002FC6FC002C206E000C26503C
S214191F40D7C32A6B002870001015E1484840424054
S214191F507400142D00014842424280827400142DE8
S214191F600002E18A8480842D00032F0D4EB90019D2
S214191F700122588F3A0045EC001CBC826646082E92
S214191F800002001767327000102D0004E188802DBA
S214191F900005004080003200E0491B4100041B4048
S214191FA000052F0B2F0A4EB9001901DC508F4CEE85
S214191FB03CFCFFC44E5E4E75E0481B4000041B45B2
S214191FC0000560DE7200122D0008E14948414241C1
S214191FD07800182D00094844424482847800182D48
S214191FE0000AE18C8881882D000B7E001E2D0006C4
S214191FF0E18F8E2D000730069042082E000100173B
S214192000660000943200E0491B4100041B4000059D
S2141920102F0B2F0A4EB9001901DC508F4A80668E95
S214192020700030072204204691C22D48FFF042AEB8
S214192030FFEC282EFFECD2AEFFF0D1842D46FFF42C
S2141920409446D4453D42FFF82D41FFFC3D40FFFA2A
S214192050082E000200176708004280003D42FFF86C
S21419206048780020486EFFF42F2E000C2F0C4EB91E
S21419207000190CF24FEF00104A806700FF32300546
S214192080E0481B4000041B450005206E000CD69046
S2141920902F036000FF10004080006000FF684E5656
S2141920A0FF7C48E73F3C266E000842AEFFEC206BEB
S2141920B0001076001628002EE18B8628002F486E11
S2141920C0FFEC2F2E000C2F0B4EB90019091A2E00F3
S2141920D04FEF000C660001583C03CCFC002CDCAE1C
S2141920E0FFEC204624680028B4FC00006700014075
S2141920F070001012E148484042407400142A00014A
S2141921004842424280827400142A0002E18A84807E
S214192110842A0003B4AE000C620001142F0A49F990
S214192120001901224E94588F280253840280000009
S214192130FFFFD084B0AE000C650000F4B4AE000CFE
S214192140640001102F0A4E94588F38407000300CD6
S214192150D880B8AE0010630000FA7600162A00047C
S214192160E18B862A00052E2E001052877200122A3D
S2141921700008E149484142417000102A00094840C8
S214192180424082807000102A000AE188808172001D
S214192190122A0006E1892801882A00072A008A2AB5
S2141921A0000B200790822D40FFE842AEFFE4202E58
S2141921B0FFE4DAAEFFE8D980302E000E90423200E6
S2141921C0E04915410004154000050C4380006310D2
S2141921D0004080003200E049154100041540000512
S2141921E02F06486B001C4EB9001901DC2D47FFF06D
S2141921F0302E00124640D440D44C3D42FFF42D45B3
S214192200FFF83D44FFF6508F0C43800063080042E8
S21419221080003D42FFF442A7486EFFF0486EFFEC7F
S2141922202F0B4EB900190CF22E004FEF001042A7D3
S2141922302F2EFFEC2F0B4EB9001908602F2EFFEC2E
S2141922404EB90019359220074CEE3CFCFF544E5EF1
S2141922504E757C003C0324462006D086D086D08056
S214192260D0809086D0802D40FF92286EFFECB5C6A0
S21419227066000532222EFF92D2812D41FFB22074BC
S2141922801820700010280002E188802800034A8070
S214192290661C487806E348790019FA5F48790019E8
S2141922A0E8D34EB9001951FE4FEF000C60FE52806C
S2141922B02200D280D081D080D0804BF008F47200F2
S2141922C01228000CE1494841424174001428000DB7
S2141922D048424242828274001428000EE18A8481A0
S2141922E08428000F2F0D4EB900190122588F780037
S2141922F01815E14C484442447600162D000148430F
S214192300424386847200122D0002E1898283822D4F
S214192310000302800000FFFF224141F108FF2D6EE5
S214192320000CFFD4B4AE000C63042D42FFD42D6EFE
S2141923300010FF7EB1EE001064042D48FF7E206B5E
S214192340001070001028002EE1888028002F7200D7
S21419235032002D41FFBEC0FC002C2D40FFC6D08C8C
S2141923602D40FFE020402D680028FFD02A68002065
S2141923707000102D0002E188802D00033D40FFCA31
S214192380206EFFD042AEFFC2222EFF7E46812D411F
S214192390FF8E262EFF7E52832D43FF96226EFFE078
S2141923A0242900202242700010290002E188802981
S2141923B00003220052812001D081D081D080D080A4
S2141923C043F108F4B3C8652C70001010E148484072
S2141923D04240720012280001484142418081720031
S2141923E012280002E189828082280003B2AEFF7E9D
S2141923F0630000C44AAEFFC26704206EFFC27000B5
S214192400102D0002E188802D000322005281200140
S214192410D081D081D080D08043F508F4B1C9623E0E
S21419242093C82009E4802F3CAAAAAAAB2F002D48EE
S214192430FF8A4EB90019C1D4508F2200528120014B
S214192440D081D081D080D0802F00206EFF8A2F08AF
S2141924502F2EFFD04EB9001956504FEF000C302EC4
S214192460FFCAE0481B4000021B6EFFCB00032F2E4D
S214192470FFE0486B001C4EB9001901DC508F700C38
S214192480D08D206EFFE0B0A80028670002647000A7
S214192490102D0002E188802D00034A80670002DCB7
S2141924A04AAEFFBE6700026E700C222EFFC6D1B46C
S2141924B018F8600002602F082D41FF862D48FF8A04
S2141924C04EB900190122588F206EFF8A7A001A28F1
S2141924D00008E14D48454245740014280009484251
S2141924E042428A8274001428000AE18A848576009A
S2141924F016280006E18B862800072D43FFD8842866
S214192500000B2D42FFDC76003600222EFF86B2AE77
S214192510FFD46400010A200190AEFFD4D6802D4363
S214192520FF82242EFFD49481780CD9AEFFD02D6E5D
S214192530FFD8FFE42D6EFFDCFFE82A01282EFFD412
S214192540200490812D40FFA642AEFFA2202EFFA2A6
S214192550222EFFA6262EFFD8D2AEFFDCD1832D4021
S214192560FFB62D41FFBA2D48FF8A4EB9001804222E
S214192570206EFF8A4A006C5648790019F98D4879F9
S2141925800019E9034EB9001951FE487805F748793C
S2141925900019E9064EB9001951FE2F2EFF822F2E6B
S2141925A0FFBA2F2EFFB62F0448790019FA774EB9BD
S2141925B0001951FE4FEF00242279001A0A4E2F29CE
S2141925C000084EB9001949EA588F206EFF8A2F2E37
S2141925D0FF822F2EFFBA2F2EFFB62F0B2D48FF8AFC
S2141925E04EB9001870A4200542404840E048206EB5
S2141925F0FF8A1080200542404840114000012005FE
S214192600E08811400002114500034FEF00104A827E
S2141926106670536EFFCA41E8000C6000FD802D43BA
S214192620FF822403D48120025380B0AEFF7E633C20
S214192630D4AEFF8E95AEFF822A2EFF962005908186
S2141926402D40FFAE42AEFFAA262EFFAA282EFFAEB9
S214192650202EFFD8D8AEFFDCD7802D43FFE42D44BB
S214192660FFE828012D48FFC26000FED62D6EFFD860
S214192670FFE42D6EFFDCFFE82A01280174006000D4
S214192680FEC0700010280004E18880280005320278
S214192690E0491141000411420005222EFFE842418B
S2141926A04841E04911410008222EFFE842414841BD
S2141926B011410009222EFFE8E0891141000A116E26
S2141926C0FFEB000B322EFFE6E04911410006116EB2
S2141926D0FFE700070C4080006300FF3C00428000C3
S2141926E03002E04811400004114200056000FF283E
S2141926F07000102D0002E188802D00034A806700C3
S214192700FD8E2F0C2F0B4EB90019020A508F4A80D6
S2141927106700FD7C42A7262EFFB2D6AEFFEC2F032C
S2141927202F0B4EB900190860538A4FEF000CB4FCF2
S21419273000006C00FB36226EFFEC2069002070004A
S21419274010280002E188802800034A806600FAE013
S214192750206B00104228002E4228002F4228002CF9
S214192760117C0004002D2F09486B001C4EB9001966
S21419277001DC2E00508F6000FAB6206EFFE020288C
S214192780000880A8000C6700FD18226EFFBE486975
S214192790FFFF2F0C2F0B4EB9001903324FEF000C09
S2141927A06000FF724BF2A800DBCADBCDDBCD9BCAFB
S2141927B0DBCDDBCD43F4D80020690020700010284B
S2141927C00002E188802800034A8067000186226992
S2141927D0002452802200D280D081D080D08041F04F
S2141927E008F4B1C9652A72001211E14948414241FB
S2141927F0700010290001484042408280700010295C
S2141928000002E188808180290003B0AE0010632A97
S214192810B4FC00006E1AB4FC000066000152538A1C
S2141928206000FF0C720CD2802B4100246000FF0060
S214192830760CD7B4D8F8600001364878001042A74D
S214192840486EFFF04EB900195E4C742CD48DD9C25F
S2141928504FEF000C282C000888AC000C671042A714
S2141928602F0C2F0B4EB9001908604FEF000C2606D7
S214192870968A5383206EFFEC2070D8247200122893
S2141928800004E149484142417000102800054840BB
S21419289042408280700010280006E188808149EE47
S2141928A0FFF02F0C2F03720012280008E1898228E6
S2141928B000092D41FF9A802800072D40FF9E2F2ED4
S2141928C0FF9E2F2EFF9A2F0B4EB9001906042E00C5
S2141928D04FEF00146600F958202EFFECDBC0206D70
S2141928E000247A001A280004E14D4845424578002C
S2141928F018280005484442448885720012280006A4
S214192900E189828482280007780018280008E18C5B
S214192910882800092A842B4100042A40DBC24878FB
S21419292000102F0C486D00084EB900195DDC202EDA
S214192930FFFC2B4000202B430018528A4FEF000C47
S214192940B5C66600FEE0780CD8802B4400286000D7
S214192950FDDEB4FC00006F00FEBE486AFFFF2F0CB8
S2141929602F0B4EB9001903322E004FEF000CDBEE79
S214192970FFEC486D0008206B00142F2800024EB992
S21419298000188624508F6000FE964E56FFD448E7EE
S2141929903F3C246E0008242E000C162E001B42AE57
S2141929A0FFEC4AAE0014670A206E0014429042A843
S2141929B000044AAE001C6706226E001C429149EEBE
S2141929C0FFEC2F0C2F022F0A4EB90019091A2800EE
S2141929D04FEF000C673042AEFFEC202EFFEC671A63
S2141929E042A72F002F0A4EB9001908602F2EFFECA8
S2141929F04EB9001935924FEF001020044CEE3CFCEE
S214192A00FFAC4E5E4E752A6EFFEC206A0010700001
S214192A101028002EE1888028002FC0FC002C26756F
S214192A200828B6FC0000670002A072001213E149DC
S214192A30484142417E001E2B000148474247828783
S214192A407E001E2B0002E18F8E818E2B00032F0B2A
S214192A504EB900190122588FBE826200026C7A00A4
S214192A603A00224741F158FFB1C26500025C720074
S214192A70122B0008E149484142417C001C2B0009F1
S214192A804846424682867C001C2B000AE18E8C81C1
S214192A907000102B0006E188802B00072206822B77
S214192AA0000B204791C2DA887C001C2B0004E18EAB
S214192AB08C2B00050C468000624E94872D42FFE051
S214192AC042AEFFDC242EFFDC262EFFE0D681D58011
S214192AD02D42FFE42D43FFE8202E0010BA80640231
S214192AE020054AAE0014670E206E001420AEFFE4CF
S214192AF0216EFFE800044AAE001C6700FEDE226E57
S214192B00001C22806000FED44A03670002622D452D
S214192B10FFD4BAAE001063062D6E0010FFD4204203
S214192B2091C72D48FFE842AEFFE42C2EFFE42E2E67
S214192B30FFE8DE81DD802D46FFE42D47FFE8206A99
S214192B40001472001228001EE149484142417000E3
S214192B501028001F4840424082807000102800202C
S214192B60E1888081802800212E3C00000400E1AF16
S214192B702D47FFD82D6EFFE4FFDC2D6EFFE8FFE032
S214192B80760047EEFFF049F900195E4C4BF900182C
S214192B9069AAB6AEFFD46662206A001070001028C3
S214192BA0002EE1888028002FC0FC002C206EFFEC38
S214192BB02070082870001010E148484042407C00F8
S214192BC01C2800014846424680867C001C280002C4
S214192BD0E18E8C808C280003BC826300008C4878B8
S214192BE0077648790019FA5F48790019E8D34EB97B
S214192BF0001951FE4FEF000C60FE4878001042A7EE
S214192C002F0B4E942F2EFFE02F2EFFDC2F0B206A52
S214192C1000142F2800024EB9001869FE4FEF001C49
S214192C204A806600009E2F2EFFD842A72F2EFFFC43
S214192C304E942F2EFFF84E952F0B206A00142F282E
S214192C4000024EB90018862442867E01DFAEFFE0E8
S214192C50222EFFDCD3862D41FFDC4FEF00184A8069
S214192C60666052836000FF2CD6822F084EB9001971
S214192C700122588F02800000FFFFD08649EEFFEC34
S214192C8047F900191F16B0836608487800022F0204
S214192C90600ABC826618487800042F032F0C2F0A86
S214192CA04E934FEF00104A806700FE2E6014487846
S214192CB000062F032F0C2F0A4E934FEF00104A8051
S214192CC067C828006000FD144A036700FD0E2F022E
S214192CD02F0D2F0A4EB90019052242AEFFF042AE4B
S214192CE0FFF447EEFFF02F0B2F012F002F0A4EB9D6
S214192CF0001874E4206EFFF0226EFFF44FEF001CEC
S214192D00B0FC00006606B2FC000067B62D42FFF064
S214192D102D49FFF83D48FFF63D7C0001FFF442A718
S214192D202F0B2F0C2F0A4EB900190CF226004FEF55
S214192D300010206EFFF87400342EFFF64A806720C4
S214192D407000302EFFF42F0020022F082F002F0AB4
S214192D504EB9001870A44FEF001028036000FC7CD1
S214192D602D42FFE42D48FFE87A016000FD6C42AE63
S214192D70FFE442AEFFE86000FD604E56FFE42F0AFE
S214192D802F02242E000845EEFFE44878001C4879E7
S214192D900019FA912F0A4EB900195DDC4878001B04
S214192DA02F0A4EB9001867E84FEF001445F90018B6
S214192DB0EAFC7009B082651806020030028200002B
S214192DC000FF2F024E92700A2E804E92588F60FE88
S214192DD04878003F60EE4E5600002F0246FC27004A
S214192DE04AB9001A1F1C6610203C001E4FA772FC19
S214192DF0C08123C0001A1F1C2039001A1F1C206E00
S214192E00000C41F00803220874FCC48123C2001A7E
S214192E101F1C46FC2200241F4E5E4E754E56FF6040
S214192E2048E73038286E0008266E000C246E00100D
S214192E30B6FC000067044A13670260FE2F0B4EB9F2
S214192E400018EFA8588F4A80670A7016288074FFF2
S214192E5060000094260E0683FFFFFF642F03486E5A
S214192E60FF602F0B4EB900184D56240028804FEFDF
S214192E70000C66DA256EFF6C001842AA0014256E3F
S214192E80FFF4003042AA002C256EFF74002442AAD3
S214192E900020356EFF620002356EFF7C000C2F0392
S214192EA04EB90018590A34807000302EFF64254038
S214192EB00004257C000004000038222EFF6820013B
S214192EC00680000001FF7609E6A82540003C356E0D
S214192ED0FF66000A25410010357CFFFF000E356E8F
S214192EE0FF7E0008588F20024CEE1C0CFF4C4E5EDD
S214192EF04E754E560000202E000CE1880680001AEA
S214192F001F202D40000C4E5E4EF900192E1C4E56F1
S214192F1000007002B0AE000C54C0488048C044800F
S214192F204E5E4E754E56000048E72030266E000855
S214192F30202E000C222E00147402B4806D0470FF2B
S214192F406042D080D08041F9001A272024700800EA
S214192F50B4FC000066067016268060E27402B4811E
S214192F6065DC2F012F2E00105BC0488048C02F004B
S214192F702F0A4EB900184C5226804FEF001066BE25
S214192F80202A00184CEE0C04FFF44E5E4E754E5671
S214192F90000070E2D0AE00087243B280650E41F9A7
S214192FA00019FB28103008004E5E4E75700760F841
S214192FB04E56000070D7D0AE00087242B280650E29
S214192FC041F90019FAE5103008004E5E4E754200B8
S214192FD060F84E56FFB848E73F3C246E00082A2E84
S214192FE0000C286E00107400420476024BEEFFC0E7
S214192FF04A8567041212660C20024CEE3CFCFF90C0
S2141930004E5E4E750C01001B6600013E0C2A005BD5
S2141930100001660001344878002042A72F0D4EB9EA
S21419302000195E4C41EA00024FEF000C72002001B5
S21419303026482C059C812D46FFB81C105288670C13
S2141930400C06006D67067E1FBE81665E0C13006D4A
S214193050660000D6423608C04878001F2F0D7AE061
S214193060487658004EB900195C6E422EFFFF486E1E
S214193070FFBC48790019FAAD487658002A3C001961
S2141930805D8C20454E904FEF00182C3C00192F8E62
S2141930902E3C00192FB04A80662697CA528BD5CB7C
S2141930A02A2EFFB89A8B6000FF48528026481B8646
S2141930B018002200B0856600FF7642AEFFB8608C15
S2141930C02F004EB9001933EC204043E8FFE2588F21
S2141930D07007B089640843E8FFA6B08965202F08F1
S2141930E020464E90588F1600486EFFBC4879001936
S2141930F0FAAD42A720454E904FEF000C609843E872
S214193100FFD87007B089640843E8FF9CB089650C3E
S2141931102F0820474E90588F180060CCB0FC00003E
S21419312066C64204760760C0528A70001004E988A1
S2141931308003E1880040001B388052822A2EFFB88F
S2141931405385548C6000FEAA528A70001004E988D0
S2141931508003E188488182403881528260E24E5667
S214193160FFFC48E73C30246E0008262E000C2A2E59
S2141931700010242E001420035380E2886652200281
S214193180D0822F004EB90019357E26002F002F0247
S2141931902F054EB900192FD246FC27004FEF001005
S2141931A04A8267122F032F00487800144EB9001868
S2141931B0EA944FEF000C46FC22002F034EB9001973
S2141931C035922002588F4CEE0C3CFFE44E5E4E753D
S2141931D02003578047F9001A27202803D88372043A
S2141931E0B28065282004D084203308006732486EE0
S2141931F0FFFC2F022F052F004EB9001847AA24806E
S2141932004FEF00106648202EFFFC60BA7008B08396
S2141932106C0E48790019FAAF4EB9001952F0588F4A
S214193220D8844AB34800660E48790019FAC44EB9CC
S214193230001952F0588F7202B2836D0E4879001930
S214193240FAD34EB9001952F0588F7009248070FFBE
S2141932506000FF744E56FFFC48E73838246E0008A5
S214193260242E000C286E0010282E0014B4FC000022
S214193270670000CA4A82664645F90018EA94B88279
S214193280660C20024CEE1C1CFFE44E5E4E7542A7DF
S21419329042A7487800084E92260042A72F0042A758
S2141932A04E92198328004FEF0018200252800C0303
S2141932B0000A67D00C03000D67CA240060C02002FC
S2141932C0578047F9001A27202602D6827204B28040
S2141932D065282003D083203308006732486EFFFC28
S2141932E02F042F0C2F004EB9001842FE24804FEFE2
S2141932F000106648202EFFFC608A7008B0826C0E9B
S21419330048790019FAAF4EB9001952F0588FD6837A
S2141933104AB33800660E48790019FAC44EB900192E
S21419332052F0588F7202B2826D0E48790019FAD38C
S2141933304EB9001952F0588F7009248070FF60003A
S214193340FF444E56000048E73030246E0008242EFD
S214193350000C200257807204B280651247F9001AD1
S21419336027202602D682D6832033380066107009A5
S214193370248070FF4CEE0C0CFFF04E5E4E752F003D
S2141933804EB9001842B024802F3338004EB90019B0
S214193390359242B33800E18A4878010042A706827E
S2141933A0001A1F202F024EB900195E4C4FEF001459
S2141933B04A9256C0488048C060BA4E5600007001FE
S2141933C04E5E4E754E560000206E000870582080CE
S2141933D070FF4E5E4E7542A742A72F2F000C42A7CC
S2141933E04EB900195EBE4FEF00104E754878000AA8
S2141933F042A72F2F000C4EB9001940424FEF000C70
S2141934004E752F2F00082F2F00082F39001A0A4E35
S2141934104EB90019341C4FEF000C4E7548E738208A
S214193420202F0018222F001C240042424842260151
S214193430424348434A426600009C4A43660000DEFF
S214193440C0C12F002F2F00184EB9001935A62440D9
S214193450508F4A80670000BC70FCC0AAFFFC5980D8
S2141934607224B28065387213B280644A429242AAB4
S2141934700004721BB280644C42AA000842AA000CCF
S2141934807224B280670000B641EA0010429042A842
S214193490000442A80008200A4CDF041C4E752F00B1
S2141934A042A72F0A4EB900195E4C4FEF000C200A9E
S2141934B04CDF041C4E75204A429042A8000442A8CC
S2141934C0000860D241EA0008429042A8000442A8C7
S2141934D0000860C24A436648360234013800C8C13B
S2141934E0C4C3260442434843D4832602484348C3E8
S2141934F04A43663248424242200280442F002F2F08
S21419350000184EB9001935A62440508F4A80660017
S214193510FF4895CA200A4CDF041C4E75340060BC5F
S2141935202F012F00508F2F012F00508F4EB90019E1
S2141935305DAC720C2040208195CA60D842AA001052
S21419354041EA001842AA0014429042A8000442A870
S21419355000086000FF422F02242F000842A72F02FE
S2141935604EB900195F542079001A28AC508FB0FC58
S214193570000067024E902F024EB900192D7A2F2F90
S21419358000042F39001A0A4E4EB9001935A6508F65
S2141935904E752F2F00042F39001A0A4E4EB90019EE
S2141935A060EA508F4E7548E73E3E266F002C226F14
S2141935B0003041E9000B7016B088655E7210B2894A
S2141935C0650001E22F0B4EB900193DE8588F307C83
S2141935D0001876027410D1FC001A063A2468000402
S2141935E020085180B08A670001EE70FCC0AA00045A
S2141935F0206A000C226A00082348000C214900089A
S2141936007A018BB208042F0B4EB900193DEA200A2D
S2141936105080588F4CDF7C7C4E75240876F8C4830E
S214193620B0FC00006D00017EB489650001782F0B8F
S2141936304EB900193DE8588F26020C82000001F792
S2141936406300041C7C09ECAB670001667004B08348
S214193650650003242602EC8B387C0038D9C37239EE
S214193660D6812003E7882040D1FC001A063A43E8A1
S214193670FFF824680004B5C9673272FCC2AA0004B0
S21419368020019082780FB8806D20206A000C4A803D
S2141936906C000260B1C96714244872FCC2AA0004FF
S2141936A020019082780FB8806CE0260C2479001AD5
S2141936B0064AB5FC001A06426700013870FCC0AA13
S2141936C00004220092827C0FBC816D0003B023FC9B
S2141936D0001A0642001A064E23FC001A0642001A61
S2141936E0064A4A816C0003602239001A063E0C808D
S2141936F0000001FF62000220E6882A00E4857801AE
S214193700EBAC828423C1001A063EE7882040D1FC20
S214193710001A0642225049E8FFF8254C000C2549A4
S2141937200008208A234A000C2003E4807801E1ACC3
S214193730B284650000D22004C081660E7AFCC68564
S2141937405883D8842004C08167F62003E788284068
S214193750D9FC001A063A224C2A032069000CB1C972
S2141937606700025272FCC2A8000420019082244805
S2141937702068000C7C0FBC806D00027A4A806DDED2
S2141937807A018BB21804226A00082348000C2149D2
S21419379000082F0B4EB900193DEA200A5080588FA1
S2141937A06000FE72780C268470004CDF7C7C4E75A7
S2141937B0203C000002007640387C003F2040D1FCB7
S2141937C0001A063A43E8FFF824680004B5C96600EB
S2141937D0FEAA6000FED82468000CB5C86600FE0C68
S2141937E054832479001A064AB5FC001A0642660064
S2141937F0FECC2239001A063E2003E4807801E1AC9B
S214193800B2846400FF322479001A06427AFCCAAAE6
S2141938100004B485620C200590827C0FBC806D0074
S21419382000A6280AD8852602D6B9001A277070FF6E
S214193830B0B9001A0632670003DE06830000100FBF
S2141938400243F0002F032F0B4DF900192DD64E9673
S2141938502840508F7CFFBC8067000298B0846500B2
S214193860028A4BF9001A27402043D1D520082A8806
S214193870B9C4660002E4220C028100000FFF66003C
S21419388002D82879001A0642D685700186802943FF
S2141938900004B1F9001A276C630623C8001A276CAE
S2141938A0B1F9001A2768630623C8001A2768244C3A
S2141938B07CFCC68620039082B4836200033C720F98
S2141938C0B2806C000334760186822543000441F2E7
S2141938D0280023C8001A064278018880214400046B
S2141938E02F0B4EB900193DEA200A5080588F6000F8
S2141938F0FD24226A00082348000C214900087A0191
S2141939008BB218042F0B4EB900193DEA200A5080C5
S214193910588F6000FD0028007A09EAAC7C04BC8444
S214193920640001A07A14BA8465000316327C005B21
S214193930D3C47C5CD886E78C2044D1FC001A063A9E
S21419394049E8FFF82050B1CC670001DE78FCC8A81A
S2141939500004B084640820680008B1CC66EE2868B4
S214193960000C254C000C25480008294A0008214A55
S214193970000C6000FDB47814B883640001847C548C
S214193980BC83650002EE2602700CE0AB387C006E34
S214193990D9C3726FD6812003E7882040D1FC001A5C
S2141939A0063A43E8FFF824680004B5C96600FCCC5B
S2141939B06000FCFA508952857003C0856600FD9C2C
S2141939C07003C0836700040E5383518CB9EC00084A
S2141939D067EE2039001A063ED884B0846500FE28A2
S2141939E04A846700FE222204C280660003B0588506
S2141939F0D88460F243F228007601868225430004B3
S214193A00286A00082948000C214C000823C9001A06
S214193A10064E23C9001A064A237C001A0642000CD1
S214193A20237C001A06420008780188802344000483
S214193A30258018002F0B4EB900193DEA200A508030
S214193A40588F6000FBD07A018BB208042F0B4EB941
S214193A5000193DEA200A5080588F6000FBB8E68BA3
S214193A6020425088D1FC001A063A2468000420081F
S214193A705180B08A6600FB746000FD5C41F2280034
S214193A80760186822543000423C8001A064E23C8E9
S214193A90001A064A217C001A0642000C217C001ADC
S214193AA0064200087801888121440004258108000F
S214193AB02F0B4EB900193DEA200A5080588F600026
S214193AC0FB542800EC8C204443E8003841E80039C0
S214193AD02808E78C2044D1FC001A063A49E8FFF872
S214193AE02050B1CC6600FE66603EB5FC001A063A58
S214193AF0675A2479001A0642262A00046000FDB285
S214193B00387C005BD9C37A5CD6852003E7882040C9
S214193B10D1FC001A063A43E8FFF824680004B5C930
S214193B206600FB586000FB862009E4807801E1AC4A
S214193B30828423C1001A063E254C000C254800082D
S214193B40294A0008214A000C6000FBDE4BF9001ACE
S214193B5027402003D0952A8072FFB2B9001A063280
S214193B6067000146220C9284D2802A812C0C780791
S214193B70CC84670000AA70089086D9C0D68C283CD9
S214193B800000100898869883028400000FFF2F04FF
S214193B902F0B4E96508F72FFB280676C908C260052
S214193BA0D6842044D1D52A8823CC001A064270011F
S214193BB0868029430004B5FC001A063A6700FCD42F
S214193BC0720FB285642E72F4D28576F8C2837001AC
S214193BD0C0AA0004808125400004780525841804AD
S214193BE0258418087A0FBA8165000138262C000436
S214193BF06000FCA0294000042F0B4EB900193DEABD
S214193C00588F70006000FBA4224341F168F826081B
S214193C10968C7800608C7210D6816000FC28280C6F
S214193C20D8834484028400000FFF2F042F0B4E966E
S214193C30508F7CFFBC806600FF6478006000FF64CC
S214193C407A54BA84656C2C00780CE8AE204643E8A2
S214193C50006E41E8006F2808E78C2044D1FC001A52
S214193C60063A49E8FFF82050B1CC6600FCE060003F
S214193C70FEB80C8300000154626E2602780FE8AB7A
S214193C80387C0077D9C37A78D6852003E788204010
S214193C90D1FC001A063A43E8FFF824680004B5C9AF
S214193CA06600F9D86000FA0623CC001A06326000BE
S214193CB0FEBC0C8400000154620000862A007C0FAA
S214193CC0ECAD204543E8007741E800782808E78CF2
S214193CD02044D1FC001A063A49E8FFF82050B1CC26
S214193CE06600FC6A6000FE420C8300000554620000
S214193CF00086260242434843E44B387C007CD9C3ED
S214193D007C7DD6862003E7882040D1FC001A063A27
S214193D1043E8FFF824680004B5C96600F95E600038
S214193D20F98C486A00082F0B4EB9001960EA20551D
S214193D302879001A0642262C0004508F6000FB547E
S214193D400C8400000554626A280042444844E44C36
S214193D50204443E8007C41E8007D2808E78C20448D
S214193D60D1FC001A063A49E8FFF82050B1CC660093
S214193D70FBDC6000FDB4203C000003F8767F387C3D
S214193D80007E2040D1FC001A063A43E8FFF8246862
S214193D900004B5C96600F8E46000F9122605200388
S214193DA0E7882840D9FC001A063A224C2A036000F4
S214193DB0F9AA283C000003F8327C007E2044D1FC86
S214193DC0001A063A49E8FFF82050B1CC6600FB7E87
S214193DD06000FD5620044680C0B9001A063E23C06E
S214193DE0001A063E6000FBF24E754E7548E73F3CDA
S214193DF02C2F003824067024B086650000EA72015C
S214193E00B286670000E2266F003041F90019FB6D93
S214193E10220B7000101B08300003080066F22440BD
S214193E20702DB08A6700016E702BB08A670000DAB1
S214193E30283C7FFFFFFF9BCD4A86660000E4703062
S214193E40B08A67000168740A7C0A2F022F044EB9DB
S214193E500019C284508F26002F022F044EB900195C
S214193E60C1F8508F2E007200700049F90019C1D49C
S214193E7041EAFFD07A09BA88652E2448B5C66C3C43
S214193E807AFFBA816712B0876274676E2F022F00A5
S214193E904E94508FD08A72017A001A1B244541EA33
S214193EA0FFD07A09BA8864D241EAFFBF7A19BA886C
S214193EB0650000AA45EAFFC9B5C66DC474FFB4818A
S214193EC0670000AEBAFC0000670244804AAF0034AF
S214193ED0670E4A816600015E206F003420AF0030FD
S214193EE04CDF3CFC4E754EB900195DAC741620407B
S214193EF0208270004CDF3CFC4E75B5C36F8E72FF86
S214193F007A001A1B244560967A001A13244526410E
S214193F10548B283C7FFFFFFF9BCD4A866700FF2006
S214193F207210B2866600FF247430B48A670000B82F
S214193F3074102F022F044EB90019C284508F260010
S214193F402F022F044EB90019C1F8508F2E00720097
S214193F50700049F90019C1D46000FF1641EAFF9FA5
S214193F607A19BA886500FF5645EAFFA96000FF0E60
S214193F70206F002C7A2220854AAF0034670000AEE5
S214193F80538B2F4B00302004206F003420AF0030A5
S214193F906000FF4E7A001A1324452641548B283C9C
S214193FA0800000003A7C00016000FE8E10130200AB
S214193FB0FFDF0C000058673C74087C082F022F049A
S214193FC04EB90019C284508F26002F022F044EB9FD
S214193FD00019C1F8508F2E007200700049F90019A7
S214193FE0C1D46000FE8C10130200FFDF0C000058CD
S214193FF06600FF3E7A001A2B00012445548B741074
S2141940007C102F022F044EB90019C284508F260037
S2141940102F022F044EB90019C1F8508F2E007200C6
S214194020700049F90019C1D46000FE4620044CDF1F
S2141940303CFC4E752800538B2F4B00302004600033
S214194040FF482F2F000C2F2F000C2F2F000C2F3965
S214194050001A0A4E4EB900193DEC4FEF00104E7576
S2141940604FEFFFA448E73F3E2C2F008C282F0090D7
S2141940702E2F0094286F0098200680877203C0811F
S2141940806700072076022207E4892F41003042AFE5
S2141940900038240744822207D2872F4100402F0771
S2141940A02F044EB90019C1D4508F24402A06DA8736
S2141940B02F45003C41F268002F4800347006B08442
S2141940C0640001222F072004E2882F004EB9001938
S2141940D0C1D4508F2646D7C095C74DF268007007D1
S2141940E0B08467287228B2846500048E280E244688
S2141940F02F0B2F0A4E94508F4A806D00045A2F04A6
S2141941002F0B4E94508F4A806F0001F44A83660035
S21419411002042046201020932680246F003C264E49
S2141941202F4A002C78002A4ABDCA640001184A840E
S214194130670002AA280A98AF002C206F002C91C697
S214194140B8886C022044B0FC0000660003C62A0B2F
S2141941509A8E202F0034908B9087BA80640220059F
S2141941604A8066000168246F003495C5B885650CC9
S21419417020052A042800200A24462C00BE84640040
S21419418003447007B0AF003865000492202F00383A
S214194190E78841EF0088D1C0214AFFC045E8FFC42F
S2141941A047F90019C1F82F072F054E93508F248011
S2141941B052AF00382F072F044E93508F28002F0721
S2141941C02F044EB90019C1D4508F24402A06DA8715
S2141941D02F45003C41F268002F4800347006B08421
S2141941E06500FEE2BA8864382C6F00342A6F0030F6
S2141941F0282F0040BC8564222645244BD7C22F0A97
S2141942002F0B4E94508F4A806F104A8366000268AF
S214194210201224932680BC8B65E0DA87BA8E65D483
S2141942204AAF00386700020053AF0038202F003815
S214194230E78841EF0088D1C02C28FFC02828FFC482
S2141942406000FE5C2F062F0A4E94508F4A806F50DE
S2141942502F062F0E4E94508F4A806D284A8066106E
S2141942604A83660000E020162C932680D7C2780170
S214194270DDC2B5CE6200FEB82F062F0E4E94508FB3
S2141942804A806CD84A836600010E201224962C8028
S214194290D5C7DDC278012A4ABDCA6500FE9260A458
S2141942A04A80661A4A8366000238206F002C20104E
S2141942B0209224802008D0872F40002C7801D5C75B
S2141942C02A4ABDCA6500FE686000FF7A206F00346E
S2141942D091C07202B28366000402D08A12151AD0EF
S2141942E010C12200928D4A816F00FE7C12151AD0D9
S2141942F010C12200928D4A816EE26000FE6A2F0478
S2141943002F0A4E94508F4A806D00026826444A83BD
S2141943106700FE0070012246B08367000362222FF1
S214194320003C101112D316C0200190894A806F00E4
S214194330FDEA101112D316C0200190894A806EE248
S2141943406000FDD87201224B204EB2836726220EDA
S214194350D287101010D112C0200190884A806F00A1
S214194360FF0C101010D112C0200190884A806EE2FE
S2141943706000FEFA202F0030221020D122C153806F
S2141943804A806F00FEE8221020D122C153804A804D
S2141943906EE66000FED87001204EB0836724D5C73C
S2141943A010151AD010C0200A908D4A806F00FEE4AE
S2141943B010151AD010C0200A908D4A806EE260003F
S2141943C0FED2202F003022152AD020C153804A80D1
S2141943D06EF4D5C7DDC278016000FEBC206F0034CC
S2141943E0B1EF003C6300FE3A2C6F00342A6F0030A0
S2141943F0282F0040BC8564202645244BD7C22F0A97
S2141944002F0B4E94508F4A806F0E4A8366222012C5
S21419441024932680BC8B65E2DA87BA8E65D64AAFB6
S21419442000386600FE044CDF7CFC4FEF005C4E75CE
S2141944307201204BB2836722220BD284101214D039
S21419444010C02001908A4A806FCA101214D010C06A
S2141944502001908A4A806EE460BA200D221224D078
S21419446020C153804A806FAC221224D020C15380B9
S2141944704A806EE8609E7201204BB2836726220B33
S214194480D284101214D010C02001908A4A806F006E
S214194490FD86101214D010C02001908A4A806EE250
S2141944A06000FD74200D221224D020C153804A804A
S2141944B06F00FD64221224D020C153804A806EE614
S2141944C06000FD5447F90019C1F8BE856400FD5215
S2141944D02F072F054E93508F28002C0A6000FBC01B
S2141944E07001206F002CB083670001742008D087F4
S2141944F0121010D51AC1220092884A816F00FDBA8F
S214194500121010D51AC1220092884A816EE26000F4
S214194510FDA8224A93C87002B0836600018E200651
S214194520D0882046121010D112C1220092884A81D2
S2141945306EF22A0B9A8E202F0034908B9087BA80B1
S2141945406500015E4A806700FC1E206F003491C02A
S214194550D08A6000FD882F042F0B4E94508F4A8006
S2141945606D00FBAA2F042F0A4E94508F4A806D00B7
S214194570FD9C264A6000FB96E68C2F072F044EB941
S2141945800019C1D4508F2800D0802A46DBC0244693
S214194590D5C42F0A2F064E94508F4A806D00022CD0
S2141945A02F0D2F0A4E94508F4A806F00019E41F3AB
S2141945B048002F48002C220444812F4100442A4BDE
S2141945C09BC42F0B2F0D4E94508F4A806D0001AE51
S2141945D02F2F002C2F0B4E94508F4A806F00011CE2
S2141945E0282F0044D88E2A44DBEF00442F042F0DC1
S2141945F04E94508F4A806D0001302F0E2F044E9422
S214194600508F4A806E00FAEA2F0E2F0D4E94508F57
S2141946104A806D000130280E6000FAD62F0C2F073D
S21419462047F90019C1F82F072F044E93588F2E807B
S2141946302F064EB9001940604FEF0010BE85650071
S214194640FE9053AF0038202F0038E78841EF0088D6
S214194650D1C02C28FFC02828FFC46000FA42202F9A
S2141946600030221020D52AC153804A806EF4202F9C
S214194670002CD0872F40002C78016000FC42202F98
S2141946800030221122D326C153804A806F00FA8C3B
S214194690221122D326C153804A806EE66000FA7C26
S2141946A020056700FAC26000FEA22008E4882446A6
S2141946B0221224D122C153804A806EF42A0B9A8E74
S2141946C0202F0034908B9087BA80640220054A8088
S2141946D06700FA94206F003491C0E48822152AD016
S2141946E020C153804A806F00FA7E22152AD020C135
S2141946F053804A806EE66000FA6E2F2F002C2F0D1D
S2141947004E94508F4A806D000094266F002C282FE7
S2141947100044D88E2A44DBEF00442F042F0D4E9404
S214194720508F4A806C00FED42F0E2F044E94508F53
S2141947304A806D00F9BC2F0E2F0D4E94508F4A806B
S2141947406D00FED4280D6000F9A82F0D2F064E9483
S214194750508F4A806D000090244D41F348002F4831
S214194760002C220444812F4100442A4B9BC42F0B52
S2141947702F0D4E94508F4A806C00FE562F2F002C0A
S2141947802F0B4E94508F4A806D00FE562F2F002CFB
S2141947902F0D4E94508F4A806D00FF70264D600085
S2141947A0FE407004B08756C3488348C34483220723
S2141947B0E4892F41003042AF00382407448222078B
S2141947C0D2872F4100406000F8D62F0D2F0A4E943D
S2141947D0508F4A806D00FDD82F0D2F064E94508F9E
S2141947E04A806D00FF7424466000FDC448E73830DF
S2141947F0266F0018246F001C322A000C08010003CB
S214194800660000C03401004208003542000C4AAA6E
S21419481000046F000118206A0028B0FC0000670029
S214194820009A26134293202A001C0801000C6700E0
S2141948300116202A005008020002670E90AA0004EA
S2141948404AAA0030670490AA003C42A72F002F2AD4
S214194850001C2F0B4E904FEF001072FFB2806600AF
S21419486001202413322A000C781DB882650000AE88
S214194870283C204000010504670000A238010244C4
S214194880F7FF3544000C42AA000424AA00100801B8
S214194890000C67064A82670001062683202A003024
S2141948A0671841EA0040B1C0670C2F002F0B4EB9AC
S2141948B0001960EA508F42AA003070004CDF0C1CB9
S2141948C04E75262A001067F2241294832483024117
S2141948D000036664202A0014254000084A826FDA0D
S2141948E02F022F032F2A001C2F0B206A00244E900C
S2141948F04FEF00104A806F20D68094804A826FBA94
S2141949002F022F032F2A001C2F0B206A00244E90EB
S2141949104FEF00104A806EE0322A000C004100402A
S2141949203541000C70FF4CDF0C1C4E754AAA003C32
S2141949306E00FEE4700060847000254000084A820C
S2141949406E9E6000FF764878000142A72F002F0B55
S2141949504E904FEF001072FFB280670C342A000C8D
S214194960206A00286000FED0221367F0741DB481F7
S21419497067067816B88166A0268370006000FF3E29
S214194980322A000C34010242F7FF3542000C42AAC3
S214194990000424AA00100801000C6700FEFE25403A
S2141949A000506000FEF62F0B2F0A246F000C266F9E
S2141949B00010B4FC000067064AAA003267204A6B4A
S2141949C0000C66087000245F265F4E752F4B00108A
S2141949D02F4A000C245F265F4EF9001947EC2F0A60
S2141949E04EB900194C46588F60D42F0B2F0A246FD6
S2141949F0000CB4FC000067442679001A0A4EB6FC6F
S214194A00000067064AAB003267204A6A000C66083F
S214194A107000245F265F4E752F0A2F0B4EB90019AA
S214194A2047EC508F245F265F4E752F0B4EB9001931
S214194A304C46588F4A6A000C67D660DC4879001ACB
S214194A400A424879001949A64879001A0A524EB9F5
S214194A50001950224FEF000C245F265F4E754879D7
S214194A60001A0A4248790019880A4879001A0A521F
S214194A704EB9001950224FEF000C4E752F0A246FAD
S214194A800008202A00040C80001A2774670C2F00CF
S214194A902F0A4EB90019880A508F202A00080C8050
S214194AA0001A27DC670C2F002F0A4EB90019880A3E
S214194AB0508F202A000C0C80001A2844670C2F00EF
S214194AC02F0A4EB90019880A508F245F4E752F0B7E
S214194AD02F0A23FC00194A5E001A28AC47F9001A57
S214194AE02774429342B9001A277842B9001A277CCC
S214194AF042B9001A27D823FC00040000001A2780A0
S214194B0042B9001A278442B9001A278842B9001AEE
S214194B10278C4878000842A74879001A27D045F903
S214194B2000195E4C4E9223CB001A279023FC0019CD
S214194B305304001A279423FC0019533C001A27988B
S214194B4023FC001953C2001A279C23FC001954028F
S214194B50001A27A042B9001A27DC42B9001A27E022
S214194B6042B9001A27E442B9001A284023FC000962
S214194B700001001A27E842B9001A27EC42B9001AB0
S214194B8027F042B9001A27F44878000842A748794E
S214194B90001A28384E9223FC001A27DC001A27F828
S214194BA023FC00195304001A27FC23FC0019533C54
S214194BB0001A280023FC001953C2001A280423FCE3
S214194BC000195402001A280842B9001A284442B992
S214194BD0001A284842B9001A284C42B9001A28A8BF
S214194BE023FC00120002001A285042B9001A285451
S214194BF042B9001A285842B9001A285C48780008A1
S214194C0042A74879001A28A04E9223FC001A284475
S214194C10001A286023FC00195304001A286423FC80
S214194C200019533C001A286823FC001953C2001AAD
S214194C30286C23FC00195402001A28704FEF002420
S214194C40245F265F4E75206F00044AA8003267025B
S214194C504E75217C00194A7C00324AB9001A28ACD4
S214194C6066EE4EF900194ACE4E754E7548E73F3E28
S214194C702C6F0030246F00342A6F00384AAD0008B4
S214194C80670000FA302A000C08000003670000F6D7
S214194C904AAA0010670000EE265508000001675E54
S214194CA076007400226A0024206A001C283C7FFFC4
S214194CB0FC004A82673E22020C827FFFFC006302D8
S214194CC022042F012F032F082F0E4E914FEF00109D
S214194CD04A806F0000D4D6809480222D00089280D6
S214194CE02B41000867000096226A0024206A001CDF
S214194CF04A8266C22613242B0004508B60B47600B1
S214194D000800000067000108700078007E002A3C41
S214194D100019565049F9001949A64A876700009E96
S214194D204A80670000A420032C07B08764022C0071
S214194D30242A0008202A00142212B2AA0010630896
S214194D40D480B4866D0000A6BC806D0002622F0068
S214194D502F042F2A001C2F0E206A00244E902400A0
S214194D604FEF00106F42968267327001D8829E828A
S214194D70222D000892822B410008669E70004CDF97
S214194D807CFC4E752F0A2F0E4EB900195414508FED
S214194D904A806620302A000C6000FEFE2F0A2F0E6D
S214194DA04E94508F4A8067C4302A000C0040004049
S214194DB03540000C70FF4CDF7CFC4E752E2B000422
S214194DC0204B508B67F628102F074878000A2F04B7
S214194DD04EB90019553C4FEF000C4A806700022661
S214194DE052802600968420036000FF3E2F022F046F
S214194DF02F0120454E90D5922F0A2F0E4E944FEF25
S214194E0000144A806700FF60302A000C609E99CC17
S214194E102212242A0008283C001956502A3C001948
S214194E20C2B420412C02B8FC0000670000D208006A
S214194E300009670000D6B9C2650001543E00024752
S214194E400480677C206A001024019488222A0014A2
S214194E502E01DE81DE812E076A025287E28743F42D
S214194E6028012207BE8964042E0922090800000AAF
S214194E70670001562F012F0E4EB9001935A62C00C2
S214194E80508F6700018A2F022F2A00102F004EB963
S214194E9000195DDC302A000C0240FB7F00400080C0
S214194EA03540000C4FEF000C254600102046D1C2A5
S214194EB02488254700142C0C9E8225470008240CAC
S214194EC02F022F032F0820444E909DAA0008D59232
S214194ED04FEF000C240C99CCD682202D0008908216
S214194EE02B4000086700FE96302A000C2212242A4E
S214194EF0000820412C02B8FC00006600FF32261379
S214194F00286B0004508B6000FF1AB2AA0010624288
S214194F10202A0014B9C0653A240CB9FC7FFFFFFF9C
S214194F206306243C7FFFFFFF2F002F0220454E907B
S214194F30508F94802F022F032F2A001C2F0E206AC1
S214194F4000244E9024004FEF00106F00FE5C99C2AB
S214194F506086B9C26402240C2F022F032F01204445
S214194F604E90202A0008908225400008D5924FEFCF
S214194F70000C4A8066D82F0A2F0E4EB9001949A67A
S214194F80508F4A806600FE2299C26000FF4C2C0C96
S214194F90240C2F022F032F0820444E909DAA000898
S214194FA0D5924FEF000C240C99CC6000FF2C2F06DD
S214194FB02F042F0120454E909DAA0008DD924FEF31
S214194FC0000C24066000FDA02F012F082F0E4EB9E5
S214194FD00019643C2C004FEF000C6600FECC2F2AFB
S214194FE000102F0E4EB9001960EA302A000C024044
S214194FF0FF7F720C2C81508F004000403540000C0A
S2141950006000FDB22007528026006000FD1C700C5F
S2141950102C80302A000C004000403540000C6000FF
S214195020FD9448E73838282F001C286F0020266F73
S21419503000247600246B0008242B000453826B2866
S2141950400C6A0001000C63120C6AFFFF000E670A57
S2141950502F0A2F044E948680508F45EA006851CA4D
S214195060FFE04242538264D82653B6FC000066C459
S21419507020034CDF1C1C4E754E56FFF848E7303C93
S214195080246E0008242E000C266A000C4AAA003248
S2141950906700014A2F0B2F0A4EB9001949A6508FDF
S2141950A02D7C00195DC8FFF84A82670820424A100D
S2141950B0660000A6486EFFFC487800012F122F0ADA
S2141950C04EB9001957C026004FEF001067382F0049
S2141950D0206EFFF84E902400588F672A4BF9001956
S2141950E088E249F90019315E2F0B4E952F022F03CE
S2141950F02F002F0A4E944FEF00144A806D089480A3
S214195100D6804A8266E248790019F9B7206EFFF808
S2141951104E902400588F6730263C0019F9B74BF982
S214195120001988E249F90019315E2F0B4E952F02A6
S2141951302F032F002F0A4E944FEF00144A806D0844
S2141951409480D6804A8266E2026BEFFF000C4CEE22
S2141951503C0CFFE04E5E4E752F0241F900195DC8F2
S2141951604E902600588F672A4BF9001988E249F99C
S2141951700019315E2F0B4E952F032F022F002F0A81
S2141951804E944FEF00144A806D089680D4804A8357
S21419519066E248790019F375206EFFF84E902400E0
S2141951A0588F6700FF10263C0019F3754BF9001944
S2141951B088E249F90019315E2F0B4E952F022F03FD
S2141951C02F002F0A4E944FEF00144A806D00FEE60A
S2141951D09480D6804A8266E06000FEDA2F0A4EB9BD
S2141951E000194C46588F6000FEAC2F2F00042F393B
S2141951F0001A0A4E4EB900195078508F4E754E56F1
S21419520000002079001A0A4E486E000C2F2E00084E
S2141952102F2800082F084EB900196A2C4FEF0010D6
S2141952204E5E4E752079001A0A4E2F2800082F2F29
S21419523000082F084EB900198ABA4FEF000C4E75A0
S2141952404E56FFE42F0B2F0A266E0008246E000C0C
S2141952502F0A4EB900195DC82D4AFFF02D40FFF4EC
S2141952602D7C0019F9B7FFF872012D41FFFC528009
S2141952702D40FFEC41EEFFF02D48FFE470022D4063
S214195280FFE8246B0008588F4AAB00326748202A7B
S2141952900064322A000C0801000D66100041200037
S2141952A03541000C0240DFFF254000640800000D60
S2141952B06630486EFFE42F0A2F0B4EB900194C6C56
S2141952C04FEF000C4A80661A700A246EFFDC266EB1
S2141952D0FFE04E5E4E752F0B4EB900194C46588F8F
S2141952E060AC70FF246EFFDC266EFFE04E5E4E75D6
S2141952F02F2F00042F39001A0A4E4EB900195240A2
S214195300508F4E752F0A246F000C2F2F00142F2F35
S2141953100014306A000E2F082F2F00144EB90019EA
S21419532032544FEF00104A806D08D1AA0050245FFE
S2141953304E75026AEFFF000C245F4E7548E7382059
S214195340242F0014246F0018262F001C282F002045
S214195350302A000C0800000866260240EFFF354088
S214195360000C2F4400202F43001C346A000E2F4ACD
S21419537000182F4200144CDF041C4EF90019315E38
S2141953804878000242A7306A000E2F082F024EB93D
S21419539000192F24302A000C4FEF00100240EFFF9F
S2141953A03540000C2F4400202F43001C346A000E91
S2141953B02F4A00182F4200144CDF041C4EF900190E
S2141953C0315E2F0A246F000C2F2F00142F2F001474
S2141953D0306A000E2F082F2F00144EB900192F24EB
S2141953E04FEF001072FFB280670E006A1000000CB3
S2141953F025400050245F4E75026AEFFF000C245FAB
S2141954004E75206F00083068000E2F4800084EF9B8
S214195410001933422F0A2F02246F00102079001A20
S2141954200A4EB0FC000067084AA80032670000EA76
S214195430322A000C080100036778202A00106748F2
S21419544008010000661C0801000166000086206A33
S2141954500014254800084A80671A7000241F245F24
S2141954604E7542AA0008242A0014448225420018C0
S2141954704A8066E64A016AE4004100403541000C5C
S21419548070FF241F245F4E753401024202800C42BD
S214195490020067AC2F0A2F2F00104EB9001989DCAD
S2141954A0322A000C202A0010508F08010000679637
S2141954B060B008010004676E08010002661E202A03
S2141954C00010004100083541000C4A806600FF7242
S2141954D060B691C8254800086000FF7C202A003075
S2141954E0671E41EA0040B1C067122F002F2F001027
S2141954F04EB9001960EA322A000C508F42AA0030C1
S2141955000241FFDB42AA0004202A00102480004131
S21419551000083541000C60B22F084EB900194C46E8
S214195520588F6000FF0C7009206F000C2080004116
S21419553000403541000C70FF6000FF4848E73820EE
S214195540202F0014142F001B22007603C680206F0C
S214195550001C672A53884AAF001C671622415281DD
S214195560B41167107003C0816712538870FFB08832
S21419557066EA93C920094CDF041C4E752001720394
S214195580B288643C72004601C2AF00182801E18C4B
S214195590D881220448414241D8812240200926193F
S2141955A0B98322030681FEFEFEFF4683C28302816B
S2141955B080808080661059887003B08865DE20095F
S2141955C0B0FC000067AC2440D088224AB41A67A4FD
S2141955D0B08A66F693C9609C48E72030206F0010A1
S2141955E0226F0014202F00187203B28064242648F4
S2141955F024492209240882827403C2826634224A04
S214195600204BB78A662C59807203B28065F0204BFE
S214195610224A2440538A4A80671245F0A801101876
S2141956201219B2006616B5C866F470004CDF0C0481
S2141956304E752440538A45F0A80160E202800000A6
S21419564000FF0281000000FF90814CDF0C044E75AC
S21419565048E73038202F0018206F001C222F002012
S214195660B1C0642043F01800B08964184A81670EE7
S214195670264045F318FF14A1538AB3C866F84CDFC1
S2141956801C0C4E75740FB48164000096240884802F
S2141956907603C48366000098387CFFF0D9C1240CC1
S2141956A076F0C483284249EC001043F408002648D3
S2141956B024402493256B00040004256B0008000879
S2141956C047EB001045EA0010256BFFFCFFFCB3CA38
S2141956D066E0D1CC740FC481760CC681675C264906
S2141956E0244826DA284299CA49F0C8007603B68CA7
S2141956F065F0C283598276FCC4835882D3C2D1C25C
S214195700240153824A816700FF7645F0280112D892
S214195710B5C86700FF6A12D8B5C866F26000FF60A0
S2141957202240240153824A8166E06000FF52240118
S2141957305382224045F0280160D422022401538264
S2141957404A8166C66000FF382F0A206F0008226F4C
S214195750000C2008220980817203C081662420105B
S214195760B091661E22000681FEFEFEFF4680C081AD
S2141957700280808080806638588858892010B091B9
S21419578067E2101067302449224AB01A6614528804
S214195790101066F4224A7000720012119081245F6C
S2141957A04E750280000000FF72001211908160EEA3
S2141957B07000245F4E75700072001211908160DEC1
S2141957C0202F00080C800000008E6200012C220099
S2141957D0D281323B18064EFB100203BA03B203AA53
S2141957E003A2039A0392038A0382037A0372036A53
S2141957F00362035A0352034A011E0342033A033251
S214195800032A0322031A0312030A030202FA02F2F4
S21419581002EA02E202DA02D202CA02C202BA02B2EA
S21419582002AA02A2011E011E011E011E011E011E50
S214195830011E011E029A0292011E011E011E011E60
S214195840011E011E011E011E011E011E011E011E42
S214195850011E028A0282027A0272011E011E011EAE
S214195860026A011E011E011E0262011E011E025A53
S214195870011E011E0252011E011E011E011E011EDD
S214195880011E011E011E011E011E024A011E0242B0
S214195890023A0232011E011E022A011E011E011EB3
S2141958A0011E011E011E011E011E0222021A0212EB
S2141958B0020A020201FA011E01F201EA01E201DA04
S2141958C001D201CA01C201BA01B201AA01A2019A02
S2141958D00192011E018A0182017A0172011E011EBE
S2141958E0011E011E011E016A011E011E011E016212
S2141958F0015A0152014A01424AAF0010670002A636
S2141959002F2F00102F2F00102F004EB900195DA849
S2141959104FEF000C4A80670002844E75203C001A2F
S21419592002724E75203C001A025C4E75203C001A15
S21419593002494E75203C001A02A84E75203C0019E3
S214195940FFD84E75203C0019FF1E4E75203C001AD4
S21419595002154E75203C001A022D4E75203C001972
S214195960FE614E75203C001A01DE4E75203C001A69
S21419597000644E75203C001A02CE4E75203C001964
S214195980FD3E4E75203C0019FD094E75203C001948
S214195990FDFE4E75203C0019FEF24E75203C00198E
S2141959A0FDF14E75203C001A02DF4E75203C001999
S2141959B0FE3D4E75203C0019FFF74E75203C001A27
S2141959C001F44E75203C001A01C74E75203C001A8A
S2141959D0019B4E75203C001A01844E75203C001A16
S2141959E001654E75203C001A01464E75203C001A7A
S2141959F001164E75203C001A00F44E75203C001A0C
S214195A0001AE4E75203C001A02864E75203C001ACF
S214195A1000DC4E75203C001A00C14E75203C001A59
S214195A2000AD4E75203C001A00944E75203C001AA5
S214195A3000884E75203C001A00754E75203C0019DA
S214195A40E8AF4E75203C001A004C4E75203C001AE3
S214195A5000384E75203C001A00234E75203C001A5B
S214195A60010E4E75203C001A00164E75203C001A81
S214195A70000E4E75203C0019FFEE4E75203C00199D
S214195A80FFC54E75203C0019FFAA4E75203C00191B
S214195A90FF994E75203C0019FF6A4E75203C001977
S214195AA0FF5E4E75203C0019FF4F4E75203C0019BD
S214195AB0FF394E75203C0019FF2C4E75203C0019F5
S214195AC0FF064E75203C0019FEE34E75203C001962
S214195AD0FED44E75203C0019FEBD4E75203C0019AB
S214195AE0FE9D4E75203C0019FE7F4E75203C001910
S214195AF0FE2C4E75203C0019FE1D4E75203C0019D3
S214195B00FDE14E75203C0019FDD24E75203C00195A
S214195B10FDC04E75203C0019FDB44E75203C001989
S214195B20FD9C4E75203C0019FD904E75203C0019C1
S214195B30FD7E4E75203C0019FD6D4E75203C0019F2
S214195B40FD5B4E75203C0019FD324E75203C001940
S214195B50FD224E75203C0019FCF74E75203C0019A5
S214195B60FCE54E75203C0019FCCB4E75203C0019FF
S214195B70FCC14E75203C0019FCA94E75203C001935
S214195B80FC994E75203C0019FC7F4E75203C001977
S214195B90FC754E75203C0019FC6D4E75203C00199D
S214195BA0F9B84E752F6F000400102F2F00102F2FE5
S214195BB000102F004EB900195DA84FEF000C4A804F
S214195BC06600FD5860D648E73030206F0014226F03
S214195BD00018202F001C673E26082449220824098D
S214195BE082827403C282673612101411B401666C6D
S214195BF07401B480672026484A01671A5288528968
S214195C0012101411B40166542400948845F328FF21
S214195C10B4FC000066E270004CDF0C0C4E75B480C4
S214195C2064C6224A204322105883B29A66245980A1
S214195C3067E424010682FEFEFEFF4681C2820281C7
S214195C408080808066D07203B28065D62043224A4F
S214195C506096121014112648B202679C7000100143
S214195C600282000000FF90824CDF0C0C4E7548E74C
S214195C703820202F0014246F0018222F001C204AC9
S214195C80240A84807603C48322406604B681651C80
S214195C904A816712260153832049141A10C267369F
S214195CA02248220366EE4CDF041C4E752448261043
S214195CB0588824030682FEFEFEFF28034684C48401
S214195CC002828080808066C8598122C37403B48199
S214195CD065DA244860BAD3C14A8367CA4218B3C87A
S214195CE067C44218B3C866F460BC48E7203C202F46
S214195CF00018242F001C246F00204A806770284043
S214195D00121C4881364120421218488132414A41B4
S214195D106718B3CB66F24AAF00246764200C284094
S214195D20121C48813641204260DEB6FC0000674AE4
S214195D302A4C121D48813641224212194881304197
S214195D40B1CB6714B0FC000066F0284D2A4C121D22
S214195D5048813641224260E2B6FC0000660A9BCDB5
S214195D60248D4CDF3C044E754214248D60F42012A9
S214195D70668C70004CDF3C044E754292700060F4DD
S214195D80248C204042104CDF3C044E7548780001A4
S214195D902F2F00102F2F00102F2F00104EB900197B
S214195DA05CEA4FEF00104E7570004E752039001AD8
S214195DB00A4E4E75202F0004206F000822407200EC
S214195DC0464112D866FC4E75222F0004204170FFFA
S214195DD04A1866FC91C1200853804E75206F00043E
S214195DE0226F0008222F000C0C81000000086500A5
S214195DF000502008028000000003660000442009B5
S214195E0002800000000366000038200102810000AD
S214195E100003E6886400000420D9E2886400000EB6
S214195E206000000620D920D920D920D951C8FFF6FC
S214195E300480000100006A00FFEC6000000410D91D
S214195E4051C9FFFC202F00044E750000206F000476
S214195E50202F0008222F000C0C810000001065006E
S214195E6000542F021400E188100234004840300212
S214195E7024084482028200000003670000149282FC
S214195E80E28A6400000410C0E28A6400000430C08C
S214195E902401E48A538220C051CAFFFC04820001FF
S214195EA000006A00FFF2028100000003241F600050
S214195EB0000410C051C9FFFC202F00044E752F0393
S214195EC02F02222F000C2079001A2A40B0FC00005D
S214195ED0674C20280004741FB4806D704A816722AD
S214195EE02240D3C0D3C943F09800236F001400880A
S214195EF07401E1AA85A80188236F00180108558145
S214195F00672E22005281214100045480D080D0800F
S214195F1021AF001008007000241F261F4E7523FCA1
S214195F20001A28B0001A2A4041F9001A28B060A2AF
S214195F3085A8018C22005281214100045480D0800A
S214195F40D08021AF00100800700060CC70FF241FAD
S214195F50261F4E7548E73E302A2F0020262F00248C
S214195F602679001A2A407801B6FC0000675A202BB9
S214195F700004240053826B505280D080D08045F3A1
S214195F8008004A8366482052202B00045380B480A8
S214195F9067704292B0FC000067222C2B0004200484
S214195FA0E5A82200C2AB018866444E902039001A33
S214195FB02A40BCAB0004662EB7C0662A598A51CA55
S214195FC0FFC24242538264BA4CDF0C7C4E75B6AAA5
S214195FD0010067B2598A51CAFFF64242538264EEEB
S214195FE04CDF0C7C4E754A8067DE26406080222A7C
S214195FF00080C0AB018C66102F012F054E90508F74
S21419600060AA27420004608C2F014E90588F609C1E
S21419601048E73820262F00142F034EB900193DE8FB
S2141960202079001A064278FCC8A8000424040682BF
S21419603000000FEF94AF001C0242F0000682FFFF2B
S214196040F000588F0C8200000FFF6F1A42A72F031B
S21419605045F900192DD64E922239001A0642D284D5
S214196060508FB28067122F034EB900193DEA588F28
S21419607070004CDF041C4E75200244802F002F033D
S2141960804E92508F5280672898822079001A0642BD
S214196090720182842141000495B9001A27402F0302
S2141960A04EB900193DEA588F70014CDF041C4E7525
S2141960B042A72F034E922079001A06422200928890
S2141960C0508F740FB4816C9E90B9001A063223C093
S2141960D0001A274070018081214000042F034EB911
S2141960E000193DEA588F7000608848E73030242F31
S2141960F00014246F0018B4FC00006700013A2F0240
S2141961004EB900193DE841EAFFF8262AFFFC70FE51
S214196110C08343F0080072FCC2A90004588FB3F973
S214196120001A0642670001742341000447F118005B
S21419613008030000667C262AFFF891C3D0832468DA
S21419614000087601C6AB0004B5FC001A06426700C3
S21419615001182668000C254B000C274A00084A83AC
S214196160670000DA720182802141000422800C80C7
S214196170000001FF6258E6882600E4837201E7A949
S21419618083B9001A063EE7882240D3FC001A064255
S214196190245147E9FFF8214B000C214A00082288B0
S2141961A02548000C2F4200144CDF0C0C4EF9001930
S2141961B03DEA082B000000076700008276018680FA
S2141961C02543FFFC22800C80000001FF63A82200F3
S2141961D07609E6A97604B681650001162200EC89CF
S2141961E0224145E9003843E900392209E789224165
S2141961F0D3FC001A063A47E9FFF82251B3CB6700D9
S214196200012672FCC2A90004B0816408226900083C
S214196210B3CB66EE2669000C214B000C2149000809
S214196220274800082348000C2F4200144CDF0C0C9A
S2141962304EF900193DEA4CDF0C0C4E75D0812469D5
S2141962400008B5FC001A0642670001202269000CF6
S2141962502549000C234A0008720182802141000456
S214196260218008006000FF084A83660001B8D280C2
S214196270246900082269000C2549000C234A0008E5
S2141962807601868121430004218118002F420014CB
S2141962904CDF0C0C4EF900193DEAD28008030000B9
S2141962A06618202AFFF891C0D2802268000C24684C
S2141962B000082549000C234A0008700180812140F6
S2141962C0000423C8001A0642B2B9001A0636650039
S2141962D0FED42F39001A27702F024EB900196010F4
S2141962E0508F2F4200144CDF0C0C4EF900193DEA62
S2141962F07614B68164527654B6816500009C2200E5
S214196300760CE6A9224145E9006E43E9006F220999
S214196310E7892241D3FC001A063A47E9FFF82251C9
S214196320B3CB6600FEDE200AE4807201E1A983B9C8
S214196330001A063E214B000C214900082748000880
S2141963402348000C6000FEE2347C005BD5C1765C05
S214196350D283E7892241D3FC001A063A47E9FFF8A7
S2141963602251B3CB6600FE9C60BC23C8001A064EA9
S21419637023C8001A064A214A000C214A0008760149
S214196380868021430004218008002F4200144CDF28
S2141963900C0C4EF900193DEA0C8100000154622CD0
S2141963A02200760FE6A9224145E9007743E90078ED
S2141963B02209E7892241D3FC001A063A47E9FFF871
S2141963C02251B3CB6600FE3C6000FF5C0C810000D6
S2141963D00554622E220042414841E449224145E9CA
S2141963E0007C43E9007D2209E7892241D3FC001A83
S2141963F0063A47E9FFF82251B3CB6600FE0660005D
S214196400FF26223C000003F8347C007E2241D3FC90
S214196410001A063A47E9FFF82251B3CB6600FDE4A5
S2141964206000FF04720182802141000422802F42FD
S21419643000144CDF0C0C4EF900193DEA598F48E749
S214196440383E286F0028246F002C2A6F0030B4FCC1
S2141964500000670001902F0C4EB900193DE847EA75
S214196460FFF8282AFFFC74FCC48441ED000B588FF2
S2141964707016B088640000EE260872F8C681B0FC63
S21419648000006D0000E8B68D650000E2B6826F0068
S21419649000FE41F3280020280004B1F9001A06422C
S2141964A06700018672FEC280083000001807660071
S2141964B0011472FCC0812202D280B2836C0000BE25
S2141964C00804000066202C4B9DEAFFF872FCC2AE49
S2141964D00004D0812800D882B8836C00026CD2825E
S2141964E0B2836C0001F82F0D2F0C4EB9001935A682
S2141964F02A40508F4A80670003E070FEC0AAFFFC4E
S214196500D08B220D5181B280670002A45982722461
S214196510B282650002A67813B882640002162A921F
S2141965202B6A00040004701BB082650002B843EAA7
S214196530000841ED00082091216900040004216932
S214196540000800082F0A2F0C4EB9001960EA2F0C04
S2141965504EB900193DEA4FEF000C200D4CDF7C1C9C
S214196560588F4E757610B68D6400FF22780C2884E5
S2141965709BCD200D4CDF7C1C588F4E752268000C65
S214196580206800082149000C23480008240120022D
S21419659090837201C2AB000441F32800780FB880CB
S2141965A06556828227410004700181A800042F0CC9
S2141965B04EB900193DEA588F2A4A200D4CDF7C1C2B
S2141965C0588F4E75080400006600FF1C2C4B9DEA78
S2141965D0FFF872FCC2AE0004D282B2836D00FF08C7
S2141965E0600000FA2F4D002C2F4C00284CDF7C1C25
S2141965F0588F4EF9001935A6828327410004720177
S214196600828027813804780189A8000448733808DD
S2141966102F0C4EB9001960EA508F2F0C4EB900197D
S2141966203DEA588F2A4A609272FCC0812200D282B3
S214196630307C0010D1C3B1C16F00020E08040000EF
S2141966406600FEA42C4B9DEAFFF872FCC2AE00044D
S214196650D0812800D882B8886D00FE84206E000C80
S214196660226E00082348000C214900084BEE00084A
S21419667059827024B082650002D87213B2826400FF
S21419668002BC2D5200082D6A0004000C701BB08243
S21419669065000322508A41EE00102092216A0004F8
S2141966A00004216A0008000841F6380023C8001AB9
S2141966B00642988370018084214000047001C0AEA0
S2141966C0000480832D4000042F0C4EB900193DEAB2
S2141966D0588F200D4CDF7C1C588F4E75206E000C81
S2141966E0226E00082348000C21490008280E508401
S2141966F059827024B0826500012E7013B08264002E
S21419670001122D5200082D6A0004000C701BB0826D
S21419671065000198508A41EE00102092216A000403
S2141967200004216A0008000824442401264E60004B
S214196730FE5E204D224A2091216900040004216939
S214196740000800086000FDFE2268000C206800089A
S2141967502149000C23480008206E000C226E000800
S2141967602348000C2149000847EE00085982722474
S214196770B2826500011C7013B082640001002D52AC
S21419678000082D6A0004000C721BB2826500018095
S214196790508A41EE00102092216A00040004216AF2
S2141967A000080008244B2404264E6000FDE270FC05
S2141967B0C0ADFFFCD4806000FDD62F022F0A2F0D26
S2141967C04EB9001956504FEF000C2F0A2F0C4EB920
S2141967D0001960EA2F0C4EB900193DEA4FEF000C6C
S2141967E06000FD782B6A000800082B6A000C000C64
S2141967F07224B282670000F243EA001041ED0010DD
S214196800209121690004000421690008000860002D
S214196810FD3420442092216A00040004216A0008ED
S21419682000086000FF042F022F0A2F042F41002CA6
S2141968304EB9001956504FEF000C222F0020244451
S2141968402401264E6000FD48D7C323CB001A064202
S214196850928378018881274400047001C0AAFFFC3E
S21419686080832540FFFC2F0C4EB900193DEA588F3E
S2141968702A4A200D4CDF7C1C588F4E75204B2092CF
S214196880216A00040004216A000800086000FF1647
S2141968902F022F0A2F0B4EB9001956504FEF000C26
S2141968A0244B2404264E6000FCE62D6A00080010CE
S2141968B02D6A000C00147024B082670000D245EAD5
S2141968C0001041EE00182092216A00040004216A83
S2141968D0000800086000FE522F0C4EB900193DEA58
S2141968E0588F9BCD6000FC8C2B6A0010001043EA71
S2141968F0001841ED00182B6A001400142091216924
S214196900000400042169000800086000FC382D6A9C
S214196910000800102D6A000C00147024B08267005D
S21419692000C045EA001041EE00182092216A0004C2
S2141969300004216A000800086000FE6A204D2092B3
S214196940216A00040004216A000800086000FD5A44
S2141969502F022F0A2F0D4EB9001956504FEF000C63
S21419696041F6380023C8001A0642988370018084BD
S214196970214000047001C0AE000480832D4000043D
S2141969802F0C4EB900193DEA588F6000FD462D6A46
S2141969900010001841EE00202D6A0014001C45EA6C
S2141969A000182092216A00040004216A00080008D1
S2141969B06000FD762D6A000800102D6A000C001480
S2141969C07224B282674045EA001041EE0018209200
S2141969D0216A00040004216A000800086000FCCA45
S2141969E02D6A0010001841EE00202D6A0014001CB4
S2141969F045EA00182092216A00040004216A00085A
S214196A0000086000FDA02D6A0010001841EE002055
S214196A102D6A0014001C45EA00182092216A000409
S214196A200004216A000800086000FC7E4E56FF200C
S214196A3048E73F3C2D6E0008FF302D6E000CFF2CEA
S214196A402D6E0010FF282D6E0014FF382F2EFF30E4
S214196A504EB900198C3220402D50FF502F2EFF5062
S214196A604EB900195DC82D40FF4C508F4AAEFF3005
S214196A70670C226EFF304AA9003267001198206E03
S214196A80FF2C202800643228000C0801000D66101F
S214196A90004120003141000C0240DFFF2140006414
S214196AA00800000D6600189C206EFF2C3028000C7C
S214196AB008000003670001DE4AA80010670001D627
S214196AC00240001A0C40000A6700049043EEFFC00B
S214196AD02D49FF8C42AEFF9442AEFF9042AEFF4066
S214196AE042AEFF4442AEFF482D49FF24284942AE24
S214196AF0FF5842AEFF5442AEFF342D6EFF28FF20DA
S214196B00226EFF20101167000226246EFF200C004B
S214196B100025670001C4528A101266F2264A97EEBB
S214196B20FF20B5EEFF206700020628AEFF20294B8E
S214196B300004200BD1AEFF94202EFF9052802D40DA
S214196B40FF907207B2806D0001BE508C240BD5AE33
S214196B50FF341012670001D8528A422EFF7174FF53
S214196B6076007C002D4AFF28206EFF2852AEFF289B
S214196B7010184880364041EBFFE07058B088650021
S214196B8001D22008D080303B08064EFB00020926A9
S214196B9001C401C4091001C401C401C401C401C45B
S214196BA001C4086408F801C40874088A01C408E016
S214196BB000B200B200B200B200B200B200B200B227
S214196BC000B201C401C401C401C401C401C401C492
S214196BD001C401C401C407C202D601C402D601C445
S214196BE001C401C401C4097C01C401C409E601C475
S214196BF001C401C401C401C4099201C401C410DC52
S214196C0001C401C401C401C401C401C401C401C43E
S214196C1001C401C40946074802D602D602D60A029A
S214196C20074801C401C4013401C40AF80ACC0AA0F1
S214196C30013401C40A4401C40A1801C401C4112C40
S214196C40760041EBFFD02003D083D080D680D68340
S214196C50D688206EFF2852AEFF2810184880364076
S214196C6041EBFFD07009B0886500FF0C2003D08374
S214196C70D080D680D683D688206EFF2852AEFF28BD
S214196C8010184880364041EBFFD07009B08864B6BA
S214196C906000FEE42F2EFF2C2F2EFF304EB9001960
S214196CA05414508F4A806600169A226EFF2C30298B
S214196CB0000C0240001A0C40000A6600FE10600024
S214196CC0029A7A108C85206EFF2852AEFF2810186B
S214196CD0488036406000FEA0264A97EEFF20B5EEA3
S214196CE0FF206700FE6E28AEFF20294B0004200BFC
S214196CF0D1AEFF94202EFF9052802D40FF90720740
S214196D00B2806C00FE46486EFF8C2F2EFF2C2F2E5D
S214196D10FF304EB9001987D44FEF000C4A8066161B
S214196D2049EEFFC0240BD5AEFF346000FE264AAEEE
S214196D30FF94660015B2206EFF2C08280006000D79
S214196D4066001600202EFF344CEE3CFCFEF84E5E14
S214196D504E752D6EFF28FF20B6FC000067D0340B49
S214196D601D42FF98422EFF7178012D44FF287A01A3
S214196D707E98DE8E2806740042AEFF3C9BCD7C7B47
S214196D804606CC84246EFF94660E224393EEFF28A3
S214196D90B2FC00006E0004304A2EFF71672641EEE1
S214196DA0FF712888700129400004528A2D4AFF94E1
S214196DB0202EFF9052802D40FF907207B2806D00F2
S214196DC00AF6508CBAFC0000672641EEFF72288836
S214196DD0700229400004548A2D4AFF94202EFF90F1
S214196DE052802D40FF907207B2806D000A98508C21
S214196DF00C8600000080670001922A429BC5BAFCE7
S214196E0000006E0002180804000866000278288739
S214196E1029450004D5C52D4AFF94202EFF9052808F
S214196E202D40FF907A07BA806D00034C508C0804E9
S214196E300002670E2A439BEEFF28BAFC00006E007C
S214196E40040AB6AEFF286C04262EFF28D7AEFF34E8
S214196E50B4FC00006600034842AEFF9049EEFFC03E
S214196E606000FC9E2D6EFF28FF20080600036700B1
S214196E700D90246EFF389FFC0000000C2E9A2F5A96
S214196E8000042F5A00084EB90019DF764FEF000C90
S214196E90204022412D48FF442D49FF482D4AFF38EE
S214196EA0202EFF440880001F2D40FF602D6EFF48DE
S214196EB0FF64283C7FEFFFFF7AFF45F90019D98058
S214196EC02F052F042F2EFF642F2EFF604E924FEFA3
S214196ED000104A8066000FF82F052F042F2EFF6426
S214196EE02F2EFF604EB90019CDAC4FEF00104A8017
S214196EF06F000FDC42A742A72F2EFF482F2EFF4404
S214196F004EB90019CD884FEF00104A806D0011FC5C
S214196F10122EFF713A417447B48B6D0011D22E3C74
S214196F20001A02F478804604C8867A032D45FF288D
S214196F30740042AEFF3C320D4A01670452AEFF2878
S214196F407002C0842A40080400016700FE3254AE5D
S214196F50FF283A7C00026000FE26206EFF2C4A6845
S214196F60000E6D00FB682D6EFF3800142D6EFF287D
S214196F7000102D48000C2D6EFF3000084CEE3CFC1E
S214196F80FEF84E5E4EF9001987302A439BEEFF280D
S214196F90BAFC00006F00FE64202EFF907210B28DAE
S214196FA06C4E7C8CDC8E204C28452A03224A2442BF
S214196FB0242EFF30262EFF2C20BC001A032D72100B
S214196FC02141000443E900102D49FF9452802D40B9
S214196FD0FF907207B2806D00077A50884BEDFFF06C
S214196FE07210B28D6DD22605240A2A0C2848244917
S214196FF028BC001A032D294D0004D5CD2D4AFF941F
S21419700052802D40FF907207B2806D000FCE508CC3
S2141970102A429BC5BAFC00006F00FDEC202EFF909B
S2141970207410B48D6C36242EFF302C2EFF2C28BCF1
S214197030001A032D72102941000445EA00102D4A42
S214197040FF9452802D40FF907207B2806D00066E35
S214197050508C4BEDFFF07210B28D6DD228BC001A11
S214197060032D294D0004D5CD2D4AFF9452802D406D
S214197070FF907407B4806D000A4E508C08040008FF
S2141970806700FD8C7065B08B6C0006FA42A742A7A4
S2141970902F2EFF482F2EFF444EB90019CD1C4FEF47
S2141970A000104A806600083828BC0019EA96720152
S2141970B029410004528A2D4AFF94202EFF905280AF
S2141970C02D40FF907407B4806D000EDC508C2A2E6C
S2141970D0FF40BAAEFF746F000A8A28AEFF50296EB9
S2141970E0FF4C0004D5EEFF4C2D4AFF94202EFF903E
S2141970F052802D40FF907E07BE806D000B46508C47
S2141971002A6EFF40538DBAFC00006F00FD22202E18
S214197110FF907210B28D6C40748CD48E47F900199A
S21419712087D42A2EFF302C2EFF2C28BC001A032DAC
S2141971307E102947000445EA00102D4AFF94528014
S2141971402D40FF907207B2806D000C76508C4BED77
S214197150FFF07E10BE8D6DD228BC001A032D294D66
S2141971600004D5CD2D4AFF9452802D40FF9072070A
S214197170B2806C00FCB8486EFF8C2F2EFF2C2F2E79
S214197180FF304EB9001987D44FEF000C4A806600BD
S214197190FBA6246EFF9449EEFFC06000FC92486E71
S2141971A0FF8C2F2EFF2C2F2EFF304EB9001987D4A7
S2141971B04FEF000C4A806600FB7E42AEFF9049EE08
S2141971C0FFC06000F93C202EFF907210B2896C56F1
S2141971D02D42FF5C204C28452A03220A2449242ED6
S2141971E0FF30262EFF2C224120BC001A033D7210B8
S2141971F02141000443E900102D49FF9452802D4087
S214197200FF907207B2806D0004E8508845EAFFF0D7
S2141972107210B28A6DD22605242EFF5C2A0C2848D5
S2141972202209224A244128BC001A033D2949000490
S214197230D5C92D4AFF9452802D40FF907207B2800F
S2141972406D000C64508C6000FB50202EFF9072105D
S214197250B28D6C40748CD48E47F9001987D4282EB9
S214197260FF302A2EFF2C28BC001A033D7E10294712
S214197270000445EA00102D4AFF9452802D40FF90D5
S2141972807207B2806D00049E508C4BEDFFF07E1095
S214197290BE8D6DD228BC001A033D294D0004D5CDEC
S2141972A02D4AFF9452802D40FF907207B2806C00D1
S2141972B0FB92486EFF8C2F2EFF2C2F2EFF304EB9C7
S2141972C0001987D44FEF000C4A806600FA6A246EBC
S2141972D0FF946000FB6E2D6EFF28FF20206EFF388E
S2141972E058AEFF3820180806000466780806000607
S2141972F0677248C02A006B70122EFF713A414A8293
S2141973006D0000D478804604C8864A80660000C698
S21419731070014A82660002264A806600072A7A01A8
S214197320CA8608060000670008D01D7C0030FFBF1B
S2141973307EBFDE8E2D42FF28BA826F042D45FF28A8
S21419734042AEFF3C320D4A016600FBF26000FBF2CA
S2141973502D6EFF28FF2078108C84206EFF3858AECB
S214197360FF3820182A006A902A0044853A7C002D96
S2141973707001380D1D44FF714A826D0C78804604E1
S214197380C8864A85678C2C047E01BE80674855805E
S214197390670001BE7EC041F678002208100502007B
S2141973A00007060000301100E68D66EE2E08080666
S2141973B00000670001B40C000030670001AC55816D
S2141973C0117C0030FFFF2A2EFF249A8128062E01F1
S2141973D06000FF622C047009B085650007B60605C3
S2141973E000301D45FFBF28067A017EBFDE8E60007D
S2141973F0FF44206EFF3826186A0007E844832D4894
S214197400FF3872048C81206EFF2852AEFF281018A0
S214197410488036406000F760206EFF2852AEFF287D
S2141974201018488036400C40002A670007AC41EB1C
S214197430FFD074007009B0886500F73C2002D0822E
S214197440D080D082D0802400D488206EFF2852AEF7
S214197450FF2810184880364041EBFFD07009B088D5
S21419746064DA4A826C00F71074FF6000F70A727FBC
S21419747046018C81206EFF2852AEFF2810184880CE
S21419748036406000F6F21D7C002BFF71206EFF2837
S21419749052AEFF281018488036406000F6DA7001A0
S2141974A08C80206EFF2852AEFF2810184880364070
S2141974B06000F6C44A2EFF716600F6AE1D7C0020E9
S2141974C0FF71206EFF2852AEFF28101848803640EC
S2141974D06000F6A42D6EFF28FF20206EFF38224884
S2141974E058881D690003FF98422EFF712D48FF38F2
S2141974F072012D41FF287A017E98DE8E28067400C7
S21419750042AEFF3C9BCD6000F87672088C81206EE7
S214197510FF2852AEFF281018488036406000F658EB
S2141975202D6EFF28FF2078108C84206EFF3858AEF9
S214197530FF382A1870019BCD6000FE387A01BA8090
S21419754067000EFE7E022C047A00BE806600FE4698
S2141975507EC0226EFF5841F67800700FC085113133
S2141975600800E88D66F42E082A2EFF249A87280626
S2141975706000FDC22D6EFF28FF2070108C80206ED3
S214197580FF3858AEFF382A1870009BCD6000FDE40E
S21419759078408C84206EFF2852AEFF281018488039
S2141975A036406000F5D22D6EFF28FF20206EFF387A
S2141975B058AEFF382A18080600046600FF78080631
S2141975C000066700FF7002850000FFFF700160006B
S2141975D0FF662D6EFF28FF20246EFF382E1A422EC6
S2141975E0FF714A87670006E44A826D0007782F0202
S2141975F042A72F074EB90019553C4FEF000C4A8089
S21419760067000EC62A009A87102EFF713A402D453C
S214197610FF286B00076A2D4AFF382806740042AE09
S214197620FF3C320D4A016600F9146000F9142D6EFC
S214197630FF28FF20206EFF382A1870028C803D7CA8
S2141976403078FF722D48FF382D7C001A0315FF5825
S214197650367C00789BCD6000FD1A2D6EFF28FF2022
S214197660226EFF3858AEFF382A190806000466003D
S214197670FF18080600066700FF1002850000FFFFC6
S21419768070006000FF062D6EFF28FF200806000414
S2141976906618080600066712226EFF38205130AEAB
S2141976A0FF3658AEFF386000F458226EFF38205166
S2141976B020AEFF3458AEFF386000F446486EFF8C93
S2141976C02F062F024EB9001987D44FEF000C4A80A7
S2141976D06600F664246EFF94202EFF9049EEFFC0D4
S2141976E04BEDFFF07210B28D6D00F9446000F96E23
S2141976F0486EFF8C2F032F024EB9001987D44FEF0F
S214197700000C4A806600F630226EFF94202EFF90F9
S21419771041EEFFC045EAFFF07210B28A6D00FACA50
S2141977206000FAF42F022F052F044E934FEF000C2A
S2141977304A806600F602246EFF94202EFF9049EECA
S214197740FFC04BEDFFF07E10BE8D6D00FB1A60007A
S214197750FB442F062F032F024EB9001987D44FEF7B
S214197760000C4A806600F5D0226EFF94202EFF90FA
S21419777041EEFFC04BEDFFF07210B28D6D00F83A76
S2141977806000F864528A242EFF90528247EC000853
S2141977907A01BAAEFF406C0000A428877001294010
S2141977A000042D4AFF942D42FF907207B2826D0095
S2141977B0033E26AEFF50276EFF4C0004D5EEFF4C55
S2141977C02D4AFF9452822D42FF907A07BA826D0095
S2141977D00366508B2A6EFF40538D42A742A72F2E61
S2141977E0FF482F2EFF444EB90019CD404FEF001019
S2141977F04A806700025C528252872687274D00040A
S214197800D5CD2D4AFF942D42FF907E07BE826D4A34
S214197810508B41EEFF7C2688276EFF540004D5EE68
S214197820FF542D4AFF9452822D42FF907007B08262
S2141978306D00F94449EB00086000F5F408040000EF
S2141978406600FF5828877A01294500042D4AFF94B7
S2141978502D42FF907E07BE826CB8486EFF8C2F2E85
S214197860FF2C2F2EFF304EB9001987D44FEF000C7E
S2141978704A806600F4C2246EFF94242EFF9047EEC9
S214197880FFC0608E486EFF8C2F2EFF2C2F2EFF30D8
S2141978904EB9001987D44FEF000C4A806600F49849
S2141978A0246EFF9449EEFFC00C8600000080660027
S2141978B0F54A6000F6D6486EFF8C2F2EFF2C2F2E19
S2141978C0FF304EB9001987D44FEF000C4A80660076
S2141978D0F466246EFF9449EEFFC06000F4E8222E89
S2141978E0FF746F000540242EFF40B4AEFF3C6E00B7
S2141978F003324A826F20288729420004D5C22D4AAE
S214197900FF94202EFF9052802D40FF907207B28070
S2141979106D000B46508C4A826D0003142A6EFF3C8C
S2141979209BC2BAFC00006E0003C8222EFF74B2AECA
S214197930FF406D0608040000672628AEFF50296E22
S214197940FF4C0004D5EEFF4C2D4AFF94202EFF90D5
S21419795052802D40FF907A07BA806D000AB8508C75
S214197960202EFF409081242EFF4094AEFF3CB0821B
S2141979706C0224004A826F24DEAEFF3C2887294217
S2141979800004D5C22D4AFF94222EFF9052812D4114
S214197990FF907E07BE816D000AEE508C4A826D00FC
S2141979A003BE2A409BC2BAFC00006F00F482202E48
S2141979B0FF907210B28D6C00F7A0748CD48E47F9B4
S2141979C0001987D42A2EFF302C2EFF2C28BC001A1B
S2141979D0032D7E102947000445EA00102D4AFF940E
S2141979E052802D40FF907207B2806D2E508C4BED51
S2141979F0FFF07E10BE8D6C00F76028BC001A032DB0
S214197A007E102947000445EA00102D4AFF9452803B
S214197A102D40FF907207B2806CD22F022F062F05C9
S214197A204E934FEF000C4A806600F30C246EFF94B9
S214197A30202EFF9049EEFFC04BEDFFF07E10BE8D55
S214197A406DB86000F7147A007EC0DE8E6000F8E626
S214197A507001B0AEFF406C00FDBA7211B2AEFF40B5
S214197A606C407A8CDA8E49F9001987D42C2EFF309F
S214197A702E2EFF2C26BC001A032D7010274000044A
S214197A8045EA00102D4AFF9452822D42FF90720744
S214197A90B2826D0002FE508B4BEDFFF07010B08D68
S214197AA06DD226BC001A032D274D0004D5CD2D4ABC
S214197AB0FF9452822D42FF907207B2826D00FD9C90
S214197AC0508B6000FD4E486EFF8C2F2EFF2C2F2EEC
S214197AD0FF304EB9001987D44FEF000C4A80660064
S214197AE0F256246EFF9449EEFFC06000F31A486EF2
S214197AF0FF8C2F2EFF2C2F2EFF304EB9001987D44E
S214197B004FEF000C4A806600F22E246EFF94242E46
S214197B10FF9047EEFFC026AEFF50276EFF4C0004BD
S214197B20D5EEFF4C2D4AFF9452822D42FF907A07CC
S214197B30BA826C00FC9E486EFF8C2F2EFF2C2F2EBF
S214197B40FF304EB9001987D44FEF000C4A806600F3
S214197B50F1E6246EFF94242EFF9047EEFFC06000D6
S214197B60FC74080400006700F2C628AEFF50296EA0
S214197B70FF4C0004D5EEFF4C2D4AFF94202EFF90A3
S214197B8052802D40FF907E07BE806C00F572600013
S214197B9000B27EC045F90019C1F8280B47F67800DF
S214197BA04878000A2F054EB90019C284508F06006E
S214197BB0003017002E054878000A2F054E92508F70
S214197BC02A007209B28765D82E0B26442A2EFF245E
S214197BD09A8728066000F75E206EFF3824186A0216
S214197BE074FF2D48FF38206EFF2852AEFF28101854
S214197BF0488036406000EF807EC0DE8E6000F73623
S214197C00206EFF382D58FF442D58FF482D48FF3851
S214197C106000F28E2F094EB900194C46588F600035
S214197C20EE5E242EFF3C6E00FCCE6000FCEA74006B
S214197C302A6EFF3C9BC2BAFC00006F00FCEE600087
S214197C4000B0486EFF8C2F2EFF2C2F2EFF304EB90A
S214197C50001987D44FEF000C4A806600F0DA246EBC
S214197C60FF9449EEFFC06000F4982D6EFF28FF20A0
S214197C702D7C001A0304FF58226EFF3858AEFF38C1
S214197C802A1908060004660C080600066706028507
S214197C900000FFFF08060000670001544A856700C8
S214197CA0014E1D7C0030FF72300B1D40FF737202AF
S214197CB08C8170029BCD6000F6BA2D6EFF28FF20CE
S214197CC02D7C001A0315FF5860AE2A027206B2827E
S214197CD0650004722D45FF282D4AFF382E3C001AE0
S214197CE003262806740042AEFF3C9BCD6000F09038
S214197CF0202EFF907410B48D6C40748CD48E47F976
S214197D00001987D42A2EFF302C2EFF2C28BC001AD7
S214197D10032D72102941000445EA00102D4AFF94DC
S214197D2052802D40FF907207B2806D0000CA508CA9
S214197D304BEDFFF07210B28D6DD228BC001A032DD0
S214197D40294D0004D5CD2D4AFF9452802D40FF9021
S214197D507407B4806D000600508C6000FBCE74006A
S214197D606000FC402F074EB900195DC82A00122E74
S214197D70FF713A412D40FF28588F6A00F89A42AE93
S214197D80FF282D4AFF382806740042AEFF3C6000D3
S214197D90F8922F052F072F064E944FEF000C4A80A6
S214197DA06600EF94246EFF94242EFF9047EEFFC0D2
S214197DB04BEDFFF07010B08D6D00FCBA6000FCE45E
S214197DC02F022F062F054E934FEF000C4A806600A0
S214197DD0EF66246EFF94202EFF9049EEFFC04BED00
S214197DE0FFF07E10BE8D6D00F3426000F36C7002DA
S214197DF09BCD6000F57E2F022F062F054E934FEF71
S214197E00000C4A806600EF30246EFF94202EFF90F7
S214197E1049EEFFC04BEDFFF07210B28D6D00FEEE0D
S214197E206000FF1828BC0019EA967401294200045C
S214197E30528A2D4AFF94202EFF9052802D40FF9093
S214197E407A07BA806D0002D2508C4A81660001C04A
S214197E507001C08480AEFF406700EFD428AEFF5093
S214197E60296EFF4C0004D5EEFF4C2D4AFF94202EA8
S214197E70FF9052802D40FF907207B2806D00048EDD
S214197E80508C2887296EFF400004D5EEFF402D4AF6
S214197E90FF9452802D40FF907A07BA806D00F2D871
S214197EA0508C6000EF8A486EFF8C2F2EFF2C2F2ED9
S214197EB0FF304EB9001987D44FEF000C4A80660080
S214197EC0EE76246EFF9449EEFFC06000EECC2F2E9E
S214197ED0FF482F2EFF442F2EFF482F2EFF444E9279
S214197EE04FEF00104A8066000732222EFF44200109
S214197EF02A0B78DFCA842806004401007EFFBE825A
S214197F00670005BA7E47BE85670002C44A806D00C1
S214197F1002A02D6EFF44FF682D6EFF48FF6C422E9F
S214197F20FF5C7066B08B6600062024427003486EAC
S214197F30FF84486EFF78486EFF742F0A2F002F2E85
S214197F40FF6C2F2EFF682F2EFF304EB900198DDCCF
S214197F502E004BF208004FEF00207066B08B6610AB
S214197F6020470C10003067000680202EFF74DBC0F7
S214197F7042A742A72F2EFF6C2F2EFF684EB9001965
S214197F80CD1C4FEF00104A80670001CE202EFF84CB
S214197F90B08D64000462220052812D41FF84204076
S214197FA010BC003060E6486EFF8C2F2EFF2C2F2E4B
S214197FB0FF304EB9001987D44FEF000C4A8066007F
S214197FC0ED76246EFF9449EEFFC02A2EFF40BAAE16
S214197FD0FF746E00F1066000FB8A486EFF8C2F2E28
S214197FE0FF2C2F2EFF304EB9001987D44FEF000CF7
S214197FF04A806600ED42246EFF9449EEFFC02A427D
S2141980009BC5BAFC00006F00EDFE6000F01028AEAC
S214198010FF50296EFF4C0004D5EEFF4C2D4AFF94F5
S214198020202EFF9052802D40FF907407B4806D006B
S21419803002DC508C4A816C00FE4A2A0144852A4586
S21419804074F0B4816F40748CD48E47F9001987D4B4
S2141980502A2EFF302C2EFF2C28BC001A032D721046
S2141980602941000445EA00102D4AFF9452802D40FC
S214198070FF907207B2806D000350508C4BEDFFF0E5
S2141980807210B28D6DD228BC001A032D294D00042A
S214198090D5CD2D4AFF9452802D40FF907407B48099
S2141980A06C00FDDE486EFF8C2F2EFF2C2F2EFF3016
S2141980B04EB9001987D44FEF000C4A806600EC7849
S2141980C0246EFF94202EFF9049EEFFC02887296E54
S2141980D0FF400004D5EEFF402D4AFF9452802D40F4
S2141980E0FF907A07BA806C00FDB86000F08A2E3CC3
S2141980F0001A02F878804604C8867A032D45FF28A8
S214198100740042AEFF3C6000EE2E1D7C002DFF7100
S2141981103A7C002D6000EE00486EFF8C2F2EFF2C47
S2141981202F2EFF304EB9001987D44FEF000C4A8016
S2141981306600EC04222EFF74246EFF9449EEFFC0ED
S2141981406000FD087A062D45FF282D4AFF382E3C7B
S214198150001A03266000FB8C2D6EFF74FF3C200D61
S21419816090872D40FF407047B085670000C07A663B
S214198170BA8B660002407001C08680824AAEFF3C08
S2141981806F0005804A80660005062D6EFF3CFF28A5
S2141981902A2EFF3C367C00664A2EFF5C6700026278
S2141981A01D7C002DFF71740052AEFF286000ED9201
S2141981B02E2EFF440687800000002D47FF682D6E7F
S2141981C0FF48FF6C1D7C002DFF5C6000FD564A823F
S2141981D0670003B44A816D00047C2D6EFF44FF6866
S2141981E02D6EFF48FF6C422EFF5C486EFF84486E6A
S2141981F0FF78486EFF742F02487800022F2EFF6C06
S2141982002F2EFF682F2EFF304EB900198DDC2E0049
S2141982104FEF0020080600006600030A2A2EFF8486
S2141982209A802D45FF402D6EFF74FF3C72FDB2AE4D
S214198230FF3C6F000176558B222EFF3C5381300B85
S2141982407A019AAEFF3C742D2D41FF74E148100255
S2141982503D40FF7C7009B0856C00030041EEFF8B32
S2141982602D48FF282448240A4878000A2F054EB9B5
S2141982700019C2B4508F0600003015002A454878F8
S214198280000A2F054EB90019C254508F2A00706380
S214198290B08D6DD222425589060500301545FFFF6F
S2141982A0B3EEFF286400043E45EEFF7E14D9B3EE04
S2141982B0FF2866F8224E93C243E9FF8F2D49FF54D3
S2141982C02A2EFF40DAAEFF547001B0AEFF406C00A4
S2141982D000AEDAAEFF4C2D45FF286B0000C242AE49
S2141982E0FF3C6000FEB4486EFF8C2F2EFF2C2F2EFD
S2141982F0FF304EB9001987D44FEF000C206EFF2CB3
S21419830008280006000D6700EA3C6036486EFF8CA8
S2141983102F2EFF2C2F2EFF304EB9001987D44FEF72
S214198320000C4A806600EA10222EFF74246EFF9411
S214198330202EFF9049EEFFC04A816C00FB46600074
S214198340FCFA74FF2D42FF34202EFF344CEE3CFC11
S214198350FEF84E5E4E75486EFF8C2F2EFF2C2F2E74
S214198360FF304EB9001987D44FEF000C4A806600CB
S214198370E9C6246EFF9449EEFFC06000F5AE72019F
S214198380C2862D41FF3C080600006600FF462D45B3
S214198390FF286A00FE0442AEFF286000FDFC42AECC
S2141983A0FF2842AEFF3C6000FDF0B4AEFF3C6C0007
S2141983B0013C558B2A2EFF3C5385300B22056B004A
S2141983C0FE80742B6000FE822F022F062F054E9317
S2141983D04FEF000C4A806600E95E246EFF94202E4B
S2141983E0FF9049EEFFC04BEDFFF07210B28D6D0095
S2141983F0FC686000FC922D6EFF74FF3C6000FD6205
S214198400102EFF713A407400320D4A016600EB2EA9
S2141984106000EB2E486EFF8C2F2EFF2C2F2EFF3070
S2141984204EB9001987D44FEF000C4A806600E90848
S214198430222EFF74246EFF9449EEFFC06000F522C9
S2141984402C047A00060500301D45FFBF28067A0160
S2141984507EBFDE8E6000EEDE486EFF8C2F2EFF2C60
S2141984602F2EFF304EB9001987D44FEF000C4A80D3
S2141984706600E8C4246EFF9449EEFFC04A826C0079
S214198480F49C6000F7AA486EFF8C2F2EFF2C2F2E17
S214198490FF304EB9001987D44FEF000C4A8066009A
S2141984A0E896202EFF4090AEFF74246EFF9449EE96
S2141984B0FFC04A826C00F4EC6000F8A474064A8087
S2141984C06C00FA506000FCEA182EFF713A442D42EF
S2141984D0FF282D4AFF382A022806740042AEFF3CB0
S2141984E0320D4A016600EA566000EA56242EFF400D
S2141984F0B4AEFF3C6E0000AC08060000660000C073
S2141985002D6EFF3CFF286B0C2A2EFF3C367C00672D
S2141985106000FC8642AEFF282A2EFF3C367C006798
S2141985206000FC762A40DBC242A742A72F2EFF6CBA
S2141985302F2EFF684EB90019CD1C4FEF00104A8038
S2141985406600FA4A6000FC127245B2856600FC9C09
S2141985502442528A70026000F9D61D7C0030FF7ED4
S214198560060500301D45FF7F307C00042D48FF545A
S2141985702A2EFF40DAAEFF547001B0AEFF406D00F0
S214198580FD526000FDFA4A816D0000E42D6EFF442D
S214198590FF682D6EFF48FF6C422EFF5C7401600069
S2141985A0FC4A2A2EFF40DAAEFF4C4AAEFF3C6F2833
S2141985B02D45FF286B16367C00676000FBDC2A2EDB
S2141985C0FF3CDAAEFF4C2D45FF286AEA42AEFF287B
S2141985D0367C00676000FBC2700190AEFF3CDA8003
S2141985E02D45FF286AD060E442A742A72F2EFF6CBC
S2141985F02F2EFF684EB90019CD404FEF00104A8054
S214198600660000D42D6EFF74FF3C202EFF3CD08DE3
S21419861090872D40FF406000FB5E4AAEFF446D0018
S21419862000A81E2EFF713A477047B08B6D7E2E3C00
S214198630001A02FC78804604C88672032D41FF286A
S2141986407A03740042AEFF3C320D4A016600E8EE2A
S2141986506000E8EE0680800000002D40FF682D6E51
S214198660FF48FF6C1D7C002DFF5C6000FB7E222EF0
S214198670FF440681800000002D41FF682D6EFF48DB
S214198680FF6C1D7C002DFF5C74016000FB5ED4AE90
S214198690FF3C2A02DAAEFF4C2D45FF286A00FAF68F
S2141986A042AEFF28367C00666000FAEE2E3C001AB1
S2141986B0030078804604C88672032D41FF287A0382
S2141986C0740042AEFF3C60801D7C002DFF713A7C21
S2141986D0002D6000FF547001908A2D40FF74DBC096
S2141986E06000F88E327C00022D49FF542A2EFF4076
S2141986F0DAAEFF547001B0AEFF406D00FBD66000D5
S214198700FC7E4A80661072012D41FF28367C006671
S2141987107A016000FA84206EFF4C41F028012A087D
S2141987202D48FF286B00FF7A367C00666000FA6ACF
S2141987304FEFFB9848E73820262F047C246F0480D7
S214198740302A000C0240FFFD3F40001C2F6A0064CF
S21419875000743F6A000E001E2F6A001C002C2F6A38
S214198760002400347078D08F2F4000107078D08F86
S2141987702F4000202F7C0000040000182F7C0000DA
S2141987800400002442AF00282F2F04882F2F0488B6
S2141987907818D88F2F042F034EB900196A2C240085
S2141987A04FEF00106A1A082F0006001D6706006AA8
S2141987B00040000C20024CDF041C4FEF04684E7575
S2141987C02F042F034EB9001949A6508F4A8067D631
S2141987D074FF60D22F0A246F00104AAA0008660A8E
S2141987E0700042AA0004245F4E752F0A2F2F00101E
S2141987F02F2F00104EB900194C6C42AA00084FEFE3
S214198800000C42AA0004245F4E7548E72030266FF4
S2141988100010246F0014B4FC00006714B6FC0000A6
S21419882067084AAB0032670000A44A6A000C660A59
S214198830740020024CDF0C044E752F0A2F0B4EB90C
S214198840001947EC2400206A002C508FB0FC000059
S214198850670E2F2A001C2F0B4E90508F4A806D6280
S2141988604A2A000D6B4C202A0030671841EA00404E
S214198870B1C0670C2F002F0B4EB9001960EA508F44
S21419888042AA0030202A004467102F002F0B4EB939
S214198890001960EA42AA0044508F4EB900194C6874
S2141988A0426A000C4EB900194C6A20024CDF0C04BF
S2141988B04E752F2A00102F0B4EB9001960EA508FEB
S2141988C060A474FF4A2A000D6A9C60E62F0B4EB905
S2141988D000194C46588F4A6A000C6700FF5460000E
S2141988E0FF5A2F0A246F00082079001A0A4EB0FC86
S2141988F0000067064AA8003267104A6A000C671615
S214198900302A000E48C0245F4E752F084EB900193C
S2141989104C46588F60E42079001A0A4E7009208058
S21419892070FF245F4E754E56FFB82F0A246E000C42
S214198930302A000E6B5E486EFFB830402F082F2E77
S21419894000084EB900192EF24FEF000C4A806D44FC
S214198950222EFFBC02810000F0000C8100002000CE
S21419896057C0488048C04480206E00142080202EAE
S214198970FFF0206E00106F5620802540004C0C81A9
S21419898000008000673A203C00000800246EFFB4FF
S2141989904E5E4E75206E001442904A2A000D6A12D9
S2141989A07040206E001020807000246EFFB44E5E5A
S2141989B04E75206E001020BC00000400700060EA9E
S2141989C0203C00000400246EFFB44E5E4E7520BC99
S2141989D000000400203C0000080060B04E56FFF866
S2141989E048E73020246E000C082A0001000D671A8B
S2141989F041EA0043248825480010700125400014D8
S214198A004CEE040CFFEC4E5E4E75486EFFFC486E3D
S214198A10FFF82F0A2F2E00084EB9001989262400B0
S214198A20262EFFF82F032F2E00084EB9001935A64B
S214198A304FEF00184A806756322A000C0041008012
S214198A403541000C248025400010254300144AAEF9
S214198A50FFFC661082423541000C4CEE040CFFEC0C
S214198A604E5E4E75306A000E2F082F2E00084EB92E
S214198A7000192F0E508F322A000C4A8067D60241F1
S214198A80FFFC0041000182423541000C60CC302ABF
S214198A90000C080000096600FF680240FFFC004051
S214198AA000023540000C41EA00432488254800108E
S214198AB07001254000146000FF48598F48E72030A0
S214198AC0266F0014242F0018246F001CB6FC000013
S214198AD067064AAB0032674E202A000853802540A5
S214198AE000086A0CB0AA00186D240C02000A671E4A
S214198AF020122200528124812040108270004600E4
S214198B00C0822F40000C4CDF0C04588F4E752F4A2C
S214198B10001C2F4200182F4B00144CDF0C04588FE2
S214198B204EF900198B322F0B4EB900194C46588F37
S214198B3060A648E73030266F0014246F001CB6FC78
S214198B40000067084AAB0032670000DA256A001889
S214198B500008302A000C08000003675E4AAA0010B5
S214198B60675874004602C4AF0018222A0064080029
S214198B70000D676C0801000D66000088221220019E
S214198B8090AA0010B0AA00146C000082528053AA52
S214198B900008260152832483204110AF001BB0AA77
S214198BA00014674E082A0000000D6706700AB08286
S214198BB0674020024CDF0C0C4E752F0A2F0B4EB94E
S214198BC000195414508F4A806638302A000C7400E5
S214198BD04602C4AF0018222A00640800000D6694E5
S214198BE0004020003540000C0241DFFF254100649B
S214198BF060822F0A2F0B4EB9001949A6508F4A804A
S214198C0067B074FF20024CDF0C0C4E752F0A2F0B21
S214198C104EB9001949A6508F4A8066E6221270018D
S214198C206000FF6C2F0B4EB900194C46588F600028
S214198C30FF1C203C001A0C584E75518F48E73F3ED2
S214198C40206F003C28280010206F0038B8A80010A4
S214198C506E0001803C7C0014DDEF003C5384200438
S214198C60D084D08045F60800307C0014D1EF003847
S214198C702F48002CD0882F40003020402610241270
S214198C8052822F022F034EB90019C1F8508F2A00AD
S214198C90B483620000A62A4E266F002C7E007C0044
S214198CA049F90019C1D4261D2F053F0342674E9472
S214198CB0508F2400D487424348432F052F034E94E0
S214198CC0508F220242414841D2802E0142474847DE
S214198CD02013260002830000FFFF02820000FFFF18
S214198CE0204391C22408D4862602484348C30281E9
S214198CF00000FFFF204391C142404840D0882C0015
S214198D00484648C648404240804226C0BBCA639679
S214198D10206F00304A90662247E8FFFCB7EF002C18
S214198D206310202F002C4A9366085384598BB7C0BA
S214198D3062F4206F0038214400102F2F003C2F2F8B
S214198D40003C4EB90019AE8E508F4A806D7A226F4C
S214198D50002C7600221E2011240002820000FFFF3C
S214198D602C0102860000FFFF204291C62C08DC83E6
S214198D702406484248C242414841204291C14240D5
S214198D804840D0882600484348C348404240804659
S214198D9022C0BDCA63BE2004D084D080206F002CA8
S214198DA0D1C04A9066205988B1EF002C6310202F45
S214198DB0002C4A90660853845988B1C062F4206F13
S214198DC0003821440010528520054CDF7CFC508F5A
S214198DD04E7570004CDF7CFC508F4E754E56FF80DA
S214198DE048E73F3C242E000C2D6E0010FF9C246E85
S214198DF000202D42FF942D6EFF9CFFA8226E0008BE
S214198E0020690036B0FC000067242229003A214167
S214198E1000047001E3A8214000082F082F094EB955
S214198E200019A7D62A6E000842AD0036508F2802C0
S214198E306B0005B04292200402807FF000000C807F
S214198E407FF00000670005BC242EFF94262EFF9C99
S214198E502D42FFAC2D43FFB042A742A72F032F0286
S214198E604EB90019CD1C4FEF00104A80662E7001BE
S214198E70206E001C20804AAE0024670A226E002449
S214198E8022BC0019EA972D7C0019EA96FF98202E25
S214198E90FF984CEE3CFCFF584E5E4E75486EFFF838
S214198EA0486EFFFC2F032F022F2E00084EB900190B
S214198EB0B0AC2E002A0442454845E84D4FEF001441
S214198EC04A85660005802C2EFFF82A06DAAEFFFCC6
S214198ED020050680000004327220B2806C00071E3E
S214198EE072409280E3AC2205068100000412202EFF
S214198EF0FF9CE2A888802F044EB90019D9F2588F22
S214198F00240026010682FE100000538570012D40AC
S214198F10FFD849F90019C33E42A72F3C3FF8000075
S214198F202F032F024E944FEF001047F90019C6DA97
S214198F302F3C636F43612F3C3FD287A72F012F0029
S214198F404E934FEF000C2EBC8B60C8B32F3C3FC618
S214198F508A282F012F004EB90019C3444FEF00106D
S214198F60240026012F054EB90019DA5E2EBC509F33
S214198F7079FB2F3C3FD344132F012F004E934FEF0D
S214198F80000C2E812F002F032F024EB90019C3444F
S214198F904FEF0010240026012F012F024EB9001999
S214198FA0DD2A508F280042A742A72F032F024EB959
S214198FB00019CD884FEF00104A806D00055C9C851E
S214198FC0260653832D43FF907016B0846500057EE0
S214198FD041F9001A03F02004E7882F3008042F30CF
S214198FE008002F2EFFB02F2EFFAC4EB90019CD88D2
S214198FF04FEF00104A806C0005E6538442AEFFD04E
S2141990004AAEFF906D00055442AEFFA44A846C0028
S214199010055C99AEFFA4260444832D43FFC02D4456
S214199020FFB478007009B0AE0014650005567205D5
S214199030B2AE00146C00058C59AE00147603740099
S214199040B6AE0014670010E06C0006207604B6AEC3
S2141990500014670005EA76052D43001476012D43A2
S214199060FFB8202E0018D0AEFFB42D40FFD42A002A
S214199070528526056F0005E67217B2836C0005DE69
S2141990807001307C00042D6E0008FF88D1C82200BC
S214199090528043E80014B3C363F22D6EFF880008AC
S2141990A0226E00082341003A2F012F2E00082D7C2E
S2141990B00019A746FFCC45F90019A7464E922D4030
S2141990C0FF98508F670016482A6E00082B6EFF9877
S2141990D00036700EB085650005EA4A82670005E419
S2141990E04AAEFFB46F00117C700FC0AEFFB4E788AC
S2141990F041F9001A03F024300800263008042C2EF3
S214199100FFB4E886082E0000FFB6670012EA720F51
S214199110CC812D7C0019C888FFC42F39001A03EC9E
S2141991202F39001A03E82F2EFFB02F2EFFAC41F966
S2141991300019C8884E904FEF0010204022412D4844
S214199140FFDC2D49FFE0347C00034A8667344BF96F
S214199150001A03C82D6E0008FF8808060000671657
S214199160528A2F2D00042F152F032F024E934FEFDF
S214199170001024002601E286508D66DE2D6EFF88CB
S21419918000082F032F022F2EFFE02F2EFFDC226E52
S214199190FFC44E914FEF0010204022412D48FFC4C6
S2141991A02D49FFC84AAEFFD0672042A72F3C3FF093
S2141991B000002F2EFFC82F2EFFC44EB90019CD88D8
S2141991C04FEF00104A806D0005A82F0A4EB90019F6
S2141991D0DA5E2EAEFFC82F2EFFC42F012F004E9336
S2141991E04FEF000C42972F3C401C00002F012F0018
S2141991F04EB90019C3444FEF001024012600068308
S214199200FCC000004A8567000FAC2D6EFFB4FFF452
S2141992102D45FFE82D43FFDC2D42FFE0202EFFE809
S214199220E78841F9001A03F02D7008F8FFEC2D7045
S21419923008FCFFF02F2EFFC82F2EFFC44EB90019B9
S214199240DD2A508F2A6EFF98528D2D4DFFE41C0093
S214199250060600302F004EB90019DA5E2E812F004F
S2141992602F2EFFC82F2EFFC44E944FEF0010240048
S21419927026014AAEFFB8670012022F2EFFF02F2ED6
S214199280FFEC42A72F3C3FE000004EB90019C888F2
S2141992904FEF000C2EAEFFE02F2EFFDC2F012F0014
S2141992A04E944FEF00102040246EFF9814862F031B
S2141992B02F022F012F082D48FF802D41FF844EB90C
S2141992C00019CD644FEF0010206EFF80226EFF84C8
S2141992D04A806E0000CE7C002D44FFDC2D47FFC46B
S2141992E02D45FFE428082A092E2EFFE82D6E0008C2
S2141992F0FF882F032F0242A72F3C3FF000004E9401
S2141993004FEF000C2E852F042F012F004EB9001990
S214199310CD884FEF00104A806D00132A5286BE86FC
S2141993206F00133C42A72F3C402400002F052F0442
S2141993304E934FEF001028002A0142A72F3C4024D5
S21419934000002F032F024E934FEF00102400260122
S2141993502F012F024EB90019DD2A508F24402F00F5
S2141993604EB90019DA5E2E812F002F032F024E9464
S2141993704FEF001024002601300A060000301AC0EC
S2141993802F052F042F012F024EB90019CD884FEF44
S21419939000104A806C00FF5C2E2EFFC42D6EFF88CD
S2141993A00008262EFFF452832D7C0019A7D6FF90AD
S2141993B02F072F2E0008246EFF904E924215206E0E
S2141993C0001C2083508F4AAE00246700FAC2226E12
S2141993D00024228D202EFF984CEE3CFCFF584E5E42
S2141993E04E75700124800882001F2D42FF942802B2
S2141993F0200402807FF000000C807FF000006600D9
S214199400FA48206E001C20BC0000270F0284000FAB
S214199410FFFF88AEFF9C6600018E4AAE00246700E7
S21419942013062D7C001A034DFF98203C001A03558D
S214199430226E00242280202EFF984CEE3CFCFF580A
S2141994404E5E4E75242EFFAC262EFFB0202EFFAC96
S2141994500280000FFFFF240000823FF000000685FF
S214199460FFFFFC012C2EFFF842AEFFD849F9001970
S214199470C33E42A72F3C3FF800002F032F024E94FD
S2141994804FEF001047F90019C6DA2F3C636F436196
S2141994902F3C3FD287A72F012F004E934FEF000C7A
S2141994A02EBC8B60C8B32F3C3FC68A282F012F00CD
S2141994B04EB90019C3444FEF0010240026012F059A
S2141994C04EB90019DA5E2EBC509F79FB2F3C3FD35C
S2141994D044132F012F004E934FEF000C2E812F00AF
S2141994E02F032F024EB90019C3444FEF0010240062
S2141994F026012F012F024EB90019DD2A508F280098
S21419950042A742A72F032F024EB90019CD884FEF55
S21419951000104A806C00FAA82F044EB90019DA5EBA
S2141995202E832F022F012F004EB90019CD404FEF71
S21419953000104A806700FA8853849C852606538350
S2141995402D43FF907016B0846400FA8676012D4379
S214199550FFD04AAEFF906C00FAB0760196862D437E
S214199560FFA442AEFF904A846D00FAA8D9AEFF90C8
S2141995702D44FFB442AEFFC07009B0AE00146400AB
S214199580FAAE740142AE001476012D43FFB87AFF85
S21419959042AE0018206E000842A8003A2D45FFD4A6
S2141995A072006000FB044AAE0024667A2D7C001A0D
S2141995B00356FF98202EFF984CEE3CFCFF584E5E43
S2141995C04E757003B0AE001467000B5A6C0000A8F5
S2141995D074017604B6AE001467646000FA7A4A8697
S2141995E06F000C6042AEFFD042AEFFA4D9AEFF901A
S2141995F02D44FFB442AEFFC06000FF7E72209280F9
S214199600282EFF9CE3AC2F044EB90019D9F2588FB7
S214199610240026010682FE100000538570012D4095
S214199620FFD86000F8EE2D7C001A0356FF98203CF0
S214199630001A0359226E002422806000FDFA760172
S2141996402D43FFB84AAE00186F0008DE2D6E0018BD
S214199650FFD42A2E001826056000FA1E206E000870
S21419966042A8003A72006000FA4076022D430014B0
S21419967042AEFFB860CE7202B2AE0014670010BEDA
S214199680226E000842A9003A42A72F092D7C00191C
S214199690A746FFCC45F90019A7464E922D40FF98CC
S2141996A0508F6700106A226E0008236EFF980036E6
S2141996B076012D43FFB876FF2D43FFD47AFF42AECD
S2141996C00018202EFFFC6B000160720EB2AEFFB4BC
S2141996D06D00015641F9001A03F0202EFFB4E788F1
S2141996E02D700800FF882D700804FF8C4AAE0018EC
S2141996F06C0008504A856E00084A663242A72F3C0D
S214199700401400002F2EFF8C2F2EFF884E934FEFFC
S214199710000C2E812F002F2EFFB02F2EFFAC4EB926
S2141997200019CDAC4FEF00104A806E0000C42A6EA7
S214199730FF987C0095CA262E001846832F062F2ED2
S21419974000082D7C0019A7D6FF9041F90019A7D655
S2141997504E905283508FB4FC00006700FC542F0AB9
S2141997602F2E0008226EFF904E91508F6000FC42FB
S2141997704A8567000A064AAEFFD46F00FF46262EB2
S214199780FFB453832D43FFF442A72F3C4024000017
S2141997902F2EFFC82F2EFFC44E934FEF00102040D8
S2141997A022412D48FFC42D49FFC8486A00014EB909
S2141997B00019DA5E2EAEFFC82F2EFFC42F012F0018
S2141997C04E934FEF000C42972F3C401C00002F0180
S2141997D02F004EB90019C3444FEF0010240126007C
S2141997E00683FCC000002D6EFFD4FFE86000FA2641
S2141997F07C0095CA2A6EFF981AFC0031262EFFB4F3
S21419980052832F062F2E00082D7C0019A7D6FF90FD
S21419981041F90019A7D64E905283508FB4FC000018
S2141998206600FF3C6000FB8A4AAEFFB8670001502D
S2141998307601B6AE00146C00090C20055380B0AE44
S214199840FFC06E000ADE2C2EFFC09C804A856C0075
S2141998500DBC242EFFA49485487800012F2E0008ED
S21419986047F90019A9D24E932440508F4A82671C93
S2141998704AAEFF906F162002B4AEFF906F04202EEA
S214199880FF9091AEFFA4948091AEFF904AAEFFC0B0
S21419989067264AAEFFB867000A7049F90019AC8006
S2141998A04A86660002442F2EFFC02F072F2E000867
S2141998B04E942E004FEF000C487800012F2E00080A
S2141998C04E932C00508F4A84660006067201B2AE7B
S2141998D000146C0000C2202EFF90D081721FC08128
S2141998E0670000F6722092807604B6816C00081024
S2141998F0721C9280D3AEFFA4D481D3AEFF904AAE29
S214199900FFA46E00010A4AAEFF906E0000E24AAE4E
S214199910FFD06600015E4A856F0001144AAEFFB893
S21419992066000250262EFFB452832D7C0019AE8E87
S214199930FF94286EFF9874012D7C00198C3AFFA0AD
S2141999404BF90019A7FA2D6E0008FF8847F9001978
S2141999508C3A2F062F074E937230D08118C0508F2D
S214199960B4856C0004D642A74878000A2F072F2E14
S214199970FF884E952E0052824FEF001060D42C2E81
S214199980FFC0242EFFA442AEFFB895CA47F90019A6
S214199990A9D26000FED84AAEFFA8662C202EFF94E6
S2141999A00280000FFFFF6620202EFF9402807FF0B2
S2141999B0000067000C2E52AEFFA452AEFF90700145
S2141999C04A8466000C2428007201202EFF90D0814C
S2141999D0721FC0816600FF0E721CD3AEFFA4D4811D
S2141999E0D3AEFF904AAEFFA46F00FF1C60202F2E47
S2141999F0FF902F062F2E00084EB90019AD7C2C00AB
S214199A004FEF000C4AAEFFD06700FF0C60642F2E94
S214199A10FFA42F072F2E00084EB90019AD7C2E0073
S214199A204FEF000C4AAEFF906F00FEE460C0700264
S214199A30B0AE00146C00FEE64A85662842A7487840
S214199A4000052F062F2E00084EB90019A7FA2C006C
S214199A502F002F074EB90019AE8E4FEF00184A8007
S214199A606E00FD922A6EFF98262E00184683600017
S214199A70FCCC2F062F072D7C0019AE8EFF9441F9CA
S214199A800019AE8E4E90508F4A806C00FE8A262E94
S214199A90FFB4538342A74878000A2F072F2E0008D1
S214199AA047F90019A7FA4E932E004FEF00104AAE49
S214199AB0FFB86600009A4AAEFFD46F7C262EFFB414
S214199AC02A2EFFD4286EFF9874012D7C00198C3A23
S214199AD0FFA04BF90019A7FA2D6E0008FF8847F961
S214199AE000198C3A6000FE6C2F062F0A2F2E0008DC
S214199AF04E9424402F072F002F2E00084EB9001918
S214199B00AA7626002F072F2E00084EB90019A7D6B9
S214199B109DAEFFC04FEF00202E034AAEFFC0670070
S214199B20FD982F2EFFC02F072F2E00084E942E00BB
S214199B304FEF000C6000FD827002B0AE00146C008E
S214199B40FF7C2A2EFFD42D43FFB46000FEEC42A7FB
S214199B504878000A2F0A2F2E00084E9324404FEFFC
S214199B6000104AAEFFD46F000B0C2D43FFB42A2EFB
S214199B70FFD44A826E0001EE4A84660007F2280A6C
S214199B80242EFF98224243F158FF2D49FFA42D7C1D
S214199B900019A7D6FF902D7C0019AE8EFF942D7C48
S214199BA000198C3AFFA07201C2AEFFA82D41FFA87A
S214199BB04BF90019A7FA2D6E0008FF882F062F07F4
S214199BC0206EFFA04E90284047EC00302F0A2F0732
S214199BD0226EFF944E9126002F042F062F2EFF88F3
S214199BE04EB90019AEDC20404FEF001C4AA8000CF5
S214199BF0660000C62F002F072D40FF80226EFF94A7
S214199C004E912A00206EFF802F082F2EFF88206E77
S214199C10FF904E904FEF00104A85660001C64AAE77
S214199C20001466084AAEFFA86700016A4A836D00E9
S214199C30014C2842320B18C1B4AEFFA4670007D4F2
S214199C4042A74878000A2F072F2EFF884E952E0018
S214199C504FEF0010B88A670001C642A74878000A75
S214199C602F0A2F2EFF884E95244042A74878000ABF
S214199C702F042F2EFF884E9528004FEF0020240C16
S214199C802F062F07206EFFA04E90284047EC003075
S214199C902F0A2F07226EFF944E9126002F042F06A7
S214199CA02F2EFF884EB90019AEDC20404FEF001C4E
S214199CB04AA8000C6700FF3E2D6EFF8800082F008B
S214199CC02F2E00082A6EFF904E95508F4A836D10DE
S214199CD07001C0AEFF9C86AE001480836600012218
S214199CE0487800012F072F2E00084EB90019AD7CB1
S214199CF02E002F062F00206EFF944E904FEF001463
S214199D004A806F0000BA7239B28B670008B847EC00
S214199D1000312A42360B1AC3262EFFB452832A0A5A
S214199D2024442F062F2E0008226EFF904E91508F36
S214199D30B4FC00006700F67A4A856700FA22B5C5B2
S214199D406700FA1C2F052F2E0008206EFF904E90E4
S214199D50508F2F0A2F2E0008226EFF904E91508F8B
S214199D606000F64E2F022F0A2F2E00084EB9001942
S214199D70AD7C24404FEF000C6000FDFE2D6EFF8871
S214199D8000082A42360B1AC3262EFFB452832A0A13
S214199D902444608E2D6EFF8800087039B08B6700DA
S214199DA008244A836F0447EC00312A42320B1AC141
S214199DB0262EFFB452832A0A24446000FF664A807E
S214199DC06600FF50200B080000006600FF3A2A4282
S214199DD0360B1AC3262EFFB452832A0A244460006F
S214199DE0FF424A836D0008DA86AE001486AEFFA8D5
S214199DF0670008CE4A856F00FE3A2D6EFF88000868
S214199E007639B68B670007BE2A42262EFFB45283D0
S214199E10300B52001AC02A0A24446000FF0642A7D3
S214199E204878000A2F0A2F2EFF884E9524404FEFA8
S214199E3000102800240C6000FE4826402D6EFF886E
S214199E4000084A856F0003E62005286EFF98D9C0DA
S214199E507A002D7C0019A7D6FF90487800012F07A5
S214199E602F2E00084EB90019AD7C2E002F062F0094
S214199E70206EFF944E904FEF00144A806F2E222EBC
S214199E80FF982D6E0008FF882A4C10240C00003904
S214199E9066000284B28C66F02D6EFF880008206E6C
S214199EA0FF9810BC003152836000FE784A8066081D
S214199EB0200B0800000066C62D6E0008FF882A4C85
S214199EC00C24003067F82D6EFF8800086000FE54D9
S214199ED02F042F002F2E00084EB90019AC802C0025
S214199EE04FEF000C7001B0AE00146C2478002046B9
S214199EF0202800105880D080D08022402F3168004A
S214199F004EB90019A8F672209280588F6000F9C8C9
S214199F104AAEFFA866D6202EFF940280000FFFFFD8
S214199F206700FA86780060C67A0170012D4000181D
S214199F30206E000842A8003A2D45FFD47200600032
S214199F40F168206EFF9852882D48FFE42D7C001981
S214199F50C888FFC42F2EFF8C2F2EFF882F2EFFB0F8
S214199F602F2EFFAC43F90019C8884E914FEF000CFD
S214199F702E812F004EB90019DD2A508F2C002F0084
S214199F804EB90019DA5E2EAEFF8C2F2EFF882F01E0
S214199F902F004E934FEF000C2E812F002F2EFFB05F
S214199FA02F2EFFAC4E944FEF001020402241246E06
S214199FB0FFE41006060000302A6EFF981A8070011A
S214199FC0B085670000A078012D6E0008FF904BF948
S214199FD00019C88842A72F3C402400002F092F08D3
S214199FE04E934FEF00102400260142A742A72F01D7
S214199FF02F024EB90019CD1C4FEF00104A8067008A
S21419A000035452842F2EFF8C2F2EFF882F032F02D6
S21419A0104E954FEF000C2E812F004EB90019DD2AF0
S21419A020508F2C002F004EB90019DA5E2EAEFF8C19
S21419A0302F2EFF882F012F004E934FEF000C2E81E5
S21419A0402F002F032F024E944FEF0010204022416D
S21419A05012060601003014C1BA846600FF782D6E08
S21419A060FF9000082F092F082F092F084EB900193D
S21419A070C3444FEF001028002A01262EFFB452833E
S21419A08024032F012F042F2EFF8C2F2EFF884EB955
S21419A0900019CD884FEF00104A806D202F052F0428
S21419A0A02F2EFF8C2F2EFF884EB90019CD1C4FEF7F
S21419A0B000104A80663A080600006734222EFF9878
S21419A0C02D6E0008FF882A4A10220C0000396600F7
S21419A0D004DCB5C166F02D6EFF8800087031528217
S21419A0E0148026022D7C0019A7D6FF906000F2C2B4
S21419A0F02A4A2D7C0019A7D6FF906000F2B4598120
S21419A1006700F7FC723C9280D3AEFFA4D481D3AE1D
S21419A110FF906000F8D02D6EFF8800085200188056
S21419A1206000FC00740142AEFFB8202E0018D0AEB5
S21419A130FFB42D40FFD42A00528526056E00EF3A4B
S21419A1406000F51A4AAEFFD86700030206800000C1
S21419A1500433D1AEFF902C2EFFC0242EFFA4D1AE0F
S21419A160FFA4487800012F2E000847F90019A9D234
S21419A1704E932440508F6000F6F42F0A4EB90019FA
S21419A180DA5E2EAEFFC82F2EFFC42F012F004E9376
S21419A1904FEF000C42972F3C401C00002F012F0058
S21419A1A04EB90019C3444FEF001024012600068348
S21419A1B0FCC0000042A72F3C401400002F2EFFC8F9
S21419A1C02F2EFFC44E944FEF001020402D43FFC48E
S21419A1D02D42FFC82F2EFFC82F2EFFC42F012F0880
S21419A1E02D48FF802D41FF844EB90019CD644FEFDD
S21419A1F00010206EFF80226EFF844A806E00F5F2F2
S21419A20020030680800000002F022F002F092F0838
S21419A2104EB90019CD884FEF00104A806C00F4A48F
S21419A2202A6EFF987C0095CA6000F50C7001286E9E
S21419A230FF98D9C07A002D7C0019A7D6FF90600028
S21419A240FC1A760196862D43FFA442AEFF9042AEC5
S21419A250FFD0D9AEFF902D44FFB442AEFFC06000C8
S21419A260F3184AAEFFB467000330242EFFB44482B5
S21419A270700FC082E78841F9001A03F02F300804DE
S21419A2802F3008002F2EFFB02F2EFFAC4E934FEF16
S21419A290001026002C01E882670004144BF9001AF6
S21419A2A003C820032D40FFC42D41FFC84200347C4B
S21419A2B00002206EFFC4226EFFC82D6E0008FF88AC
S21419A2C0080200006718528A2F2D00042F152F092F
S21419A2D02F084E934FEF0010204022417001E28262
S21419A2E0508D66DC2D48FFC42D49FFC82D6EFF889A
S21419A2F000084A006600EEAE200322062D40FFC471
S21419A3002D41FFC86000EE9E2F2EFFC02F072F2E5F
S21419A31000084EB90019AC802E004FEF000C6000F3
S21419A320F598220092AEFFC0D881DBAEFF90242E9E
S21419A330FFA4DBAEFFA42D40FFC07C0048780001C7
S21419A3402F2E000847F90019A9D24E932440508F92
S21419A3506000F51A2D6EFF900008262EFFB4528362
S21419A3602A4A2D7C0019A7D6FF906000F0442F2AA0
S21419A37000042F2E0008206EFFCC4E902640508FDA
S21419A3804A8067000372222A00105481D281D28132
S21419A3902F01486A000C486B000C4EB900195DDC99
S21419A3A0487800012F0B2F2E00084EB90019AD7CE6
S21419A3B028004FEF0018242EFF98224243F158FF29
S21419A3C02D49FFA42D7C0019A7D6FF902D7C0019C6
S21419A3D0AE8EFF942D7C00198C3AFFA07201C2AE86
S21419A3E0FFA82D41FFA84BF90019A7FA2D6E0008F2
S21419A3F0FF886000F7C82D6EFFACFFDC2D6EFFB02E
S21419A400FFE0347C00022D7C0019C888FFC4600068
S21419A410ED3A2D6EFF880008262EFFB452832A0ABD
S21419A4202444487800012F072F2E00084EB900192A
S21419A430AD7C2E002F062F00206EFF944E904FEF06
S21419A44000144A806E00FA386000FA62703690AED0
S21419A450FFF8D1AEFF902C2EFFC0242EFFA4D1AE4C
S21419A460FFA4487800012F2E000847F90019A9D231
S21419A4704E932440508F6000F3F42F2EFFF02F2EAA
S21419A480FFEC2F2EFFE02F2EFFDC4E934FEF001020
S21419A490204022412D48FFB82D49FFBC206EFF9859
S21419A4A010862448D5EEFFE87001B0AEFFE86700C5
S21419A4B001F62C042D6E0008FF8842A72F3C402475
S21419A4C000002F032F024E934FEF00102400260191
S21419A4D02F012F024EB90019DD2A508F28002F00A0
S21419A4E04EB90019DA5E2E812F002F032F024E94D3
S21419A4F04FEF001024002601060400301AC4BBCA08
S21419A50066B828062D6EFF88000842A72F3C3FE044
S21419A51000002F2EFFBC2F2EFFB84EB90019C344CA
S21419A5204FEF000C2E832F022F012F004EB9001962
S21419A530CD884FEF00104A806D0000F62F2EFFBC15
S21419A5402F2EFFB842A72F3C3FE000004E944FEF46
S21419A550000C2E832F022F012F004EB90019CD643F
S21419A5604FEF00104A806E0001224AAEFFFC6D00C4
S21419A570F40E720EB2AEFFB46D00F404202EFFB4C2
S21419A580E78841F9001A03F02D700800FF882D702E
S21419A5900804FF8C6000F9B62D6EFFACFFC42D6E53
S21419A5A0FFB0FFC8347C00026000EBFA2D6EFF88FE
S21419A5B000085200148026022D7C0019A7D6FF9099
S21419A5C06000EDEE284218FC0039262EFFB452839F
S21419A5D02A0A2444222EFF982D6E0008FF88600050
S21419A5E0F8A870006000F3DA28002046202800102A
S21419A5F05880D080D08022402F3168004EB900197B
S21419A600A8F672209280588F6000F2CCDBAEFF90CD
S21419A610242EFFA4DBAEFFA4487800012F2E0008D5
S21419A62047F90019A9D24E932440508F6000F23E84
S21419A630242EFFF45282222EFF982D6E0008FF88D2
S21419A6406000FA842E2EFFC42D6EFF880008244D54
S21419A650242EFFF45282222EFF986000FA6A282EC2
S21419A660FFDC2E2EFFC42A2EFFE42D6EFF8800086D
S21419A6706000F0507202B2AE00146C00F4EE2A2E8E
S21419A680FFD42D43FFB46000F3B02D6E0008FF8889
S21419A6902A4A0C2200306600ED042A4A0C220030A1
S21419A6A067EE6000ECF8246EFFE46000FE5E20039F
S21419A6B02D40FFC42D41FFC8347C00026000EAE635
S21419A6C02D6EFF8800084A856F00F6484878000105
S21419A6D02F072F2E00084EB90019AD7C2E002F0615
S21419A6E02F00206EFF944E904FEF00144A806E0094
S21419A6F0F6166000F6CA4879001A035A42A748782F
S21419A70002EF4879001A036B4EB90019B1CE487991
S21419A710001A035A42A7487801AF4879001A036B02
S21419A7204EB90019B1CE2D7C001A034DFF98202E74
S21419A730FF984CEE3CFCFF584E5E4E75740142AEC7
S21419A740FFB86000EF0048E73020246F0010242F70
S21419A7500014202A004267242202D282D281224083
S21419A760D3C12051B0FC00006736229042A80010D1
S21419A77042A8000C20084CDF040C4E7548780021BE
S21419A780487800042F0A4EB90019341C2540004297
S21419A7904FEF000C66C291C820084CDF040C4E75AA
S21419A7A07601E5AB20035A80D080D0802F004878F8
S21419A7B000012F0A4EB90019341C20404FEF000C27
S21419A7C04A8067D2214200042143000842A800109B
S21419A7D042A8000C609E2F0A226F000CB2FC0000E3
S21419A7E0671420690004D1C8D1C8246F0008D1EABB
S21419A7F0004222902089245F4E7548E73F38266F1D
S21419A800002C2A2F00302E2F00342C2B001049EB49
S21419A8100014780045F90019C1D426142F053F03F2
S21419A82042674E92508F2400D487424348432F05DF
S21419A8302F034E92508F220242414841D0812E005A
S21419A840424748474840424002820000FFFFD082F4
S21419A85028C05284B8866DC24A876718BCAB0008F0
S21419A8606C1A20065A80D080D08027870800528616
S21419A87027460010200B4CDF1CFC4E75202B0004BD
S21419A88052802F002F2F002C4EB90019A7462440AE
S21419A890508F4A806748222B00105481D281D2816A
S21419A8A02F01486B000C486A000C4EB900195DDC84
S21419A8B0206B0004D1C8D1C8226F0034D1E90042F8
S21419A8C02690208B4FEF000C264A20065A80D080FF
S21419A8D0D080278708005286274600106096487948
S21419A8E0001A035A42A7487800BA4879001A0393FF
S21419A8F04EB90019B1CE2F02222F00080C81000084
S21419A900FFFF62484841424170100C8100FFFFFF6B
S21419A91062045080E1890C810FFFFFFF62045880A2
S21419A920E9890C813FFFFFFF630A4A816D02528055
S21419A930241F4E75D2812401D4810801001E661089
S21419A9400802001E66107020241F4E75700060BA2B
S21419A9505480241F4E755680241F4E752F02206F63
S21419A960000822107007C081671608010000664C9F
S21419A970080100016752E28920817001241F4E7573
S21419A9804A4166344241484170104A016604508073
S21419A990E089740FC48166045880E8897403C481F9
S21419A9A066045480E4890801000066065280E2892C
S21419A9B067102081241F4E75700060CE7000241F0A
S21419A9C04E757020241F4E75E48920817002241F4D
S21419A9D04E752F0A246F0008226A0042B2FC000046
S21419A9E0672420690004B0FC0000674E2350000459
S21419A9F042A8000C216F000C0014700121400010B1
S21419AA002008245F4E7548780021487800042F0ADC
S21419AA104EB90019341C2240254000424FEF000C55
S21419AA2066C04879001A035A42A7487801454879FA
S21419AA30001A03934EB90019B1CE4878001C48780D
S21419AA4000012F0A4EB90019341C20404FEF000C94
S21419AA504A8067CE70012140000470022140000828
S21419AA6042A8000C216F000C001470012140001040
S21419AA702008245F4E754FEFFFE848E73F3E2A6FE0
S21419AA80004C246F0050242D0010262A0010B68280
S21419AA906E0C200326022400200A244D2A40202A60
S21419AAA000042203D2822F410030B2AA00086F0296
S21419AAB052802F002F2F004C4EB90019A7462F4051
S21419AAC00044508F670001A2206F003C4DE8001427
S21419AAD0202F0030D080D080D08E2F400040204EBE
S21419AAE0B08E630A202F00404298B1C065FA41EA39
S21419AAF000142F480034D683D6832A08DA834BED00
S21419AB000014D482D482D48D2F42002CB48D633491
S21419AB1041EA0015B1C5635C72042F41003847F944
S21419AB200019C1D4241D260202830000FFFF4A42E1
S21419AB30660000CA424248424A826650588EBBEFA7
S21419AB40002C65E04AAF00306F14206F0040202FAC
S21419AB5000304AA06604538066F82F400030206FF4
S21419AB60003C216F0030001020084CDF7CFC4FEFB2
S21419AB7000184E7570EB908AD08572FCC08158808B
S21419AB802F40003847F90019C1D460982E16246F43
S21419AB9000342807284E76002C0320122F023F0077
S21419ABA042674E93508FDC80260442434843D6862C
S21419ABB0200348404240804728C02814201A4240A3
S21419ABC048402F022F004E93508F22040281000016
S21419ABD0FFFFD280424348432E01DE832C074246AC
S21419ABE04846B5C565B4222F00382D871800588EEB
S21419ABF0BBEF002C6500FF2E6000FF4A2E2F003495
S21419AC00244E780028472E1C24122F033F0742672C
S21419AC104E93508F220202810000FFFFD2802C0132
S21419AC20DC84424748472F032F074E93508F4242E2
S21419AC304842D480200642404840D08228004244E8
S21419AC40484448404240804624C0B9C565B8206F7C
S21419AC5000382D848800242DFFFC424248424A823F
S21419AC606700FEDA6000FF264879001A035A42A7E1
S21419AC70487801624879001A03934EB90019B1CE83
S21419AC8048E7203C286F0018266F001C242F002048
S21419AC907003C0826676E4826754246C003EB4FC66
S21419ACA000006700008E4BF90019AA76080200000A
S21419ACB06614E28267382052B0FC000067382448D0
S21419ACC00802000067EC2F0A2F0B2F0C4E954FEF3A
S21419ACD0000CB6FC00006710206B0004D1C8D1C860
S21419ACE0D1EC00422690208B2640E28266C8200BC3
S21419ACF04CDF3C044E752F0A2F0A2F0C4E95204018
S21419AD00248042904FEF000C244860B442A7538029
S21419AD10D080D08041F9001A03BC2F3008002F0BC1
S21419AD202F0C4EB90019A7FA26404FEF00106000F5
S21419AD30FF66487800012F0C4EB90019A746244023
S21419AD40508F4A80671E257C00000271001470011E
S21419AD5025400010294A003E42924BF90019AA765E
S21419AD606000FF4A4879001A035A42A748780145F5
S21419AD704879001A03934EB90019B1CE48E73F38FF
S21419AD80246F0028266F002C2C2F00302A06EA85FF
S21419AD90222B00042605D6AB001028035284202B3C
S21419ADA00008B0846C085281D080B0846DF82F01E9
S21419ADB02F0A4EB90019A746508F4A80670000B867
S21419ADC0327C0014D3C04A856F165A85DA85DA851F
S21419ADD02200D28520494298B28866FA43F158EC87
S21419ADE041EB0014222B0010D281D2812A08DA8175
S21419ADF0721FCC8167507E209E86284972002410C7
S21419AE00EDAA848128C22218EEA9B1C565F041EBD6
S21419AE100015B1C5625474EB948BD4857AFCC4853D
S21419AE202042588823818800672220402144001038
S21419AE30206B0004D1C8D1C8D1EA00422690208BD5
S21419AE404CDF1CFC4E7522D8B1C565FA2803204084
S21419AE5021440010206B0004D1C8D1C8D1EA0042A1
S21419AE602690208B4CDF1CFC4E75307C0004238109
S21419AE70880066B660D64879001A035A42A74878F9
S21419AE8001DE4879001A03934EB90019B1CE2F0A7C
S21419AE902F02246F000C226F001022290010202A7E
S21419AEA000109081661C45EA0014D281D28141F2C5
S21419AEB0180043F1181424202221B282660AB1CA56
S21419AEC062F4241F245F4E75B282630870FF241F34
S21419AED0245F4E757001241F245F4E7548E73F3E68
S21419AEE02C6F00342A6F0038202D0010222E0010E7
S21419AEF09280664645EE0014D080D08041F2080054
S21419AF0043F5081422202021B08166000148B1CAF1
S21419AF1062F242A72F2F00344EB90019A7462640D1
S21419AF20508F4A806700015670012740001042ABC7
S21419AF300014200B4CDF7CFC4E754A816D00011CF9
S21419AF40200D2A4E2C4074002F2D00042F2F00346C
S21419AF504EB90019A7462640508F4A806700013619
S21419AF602742000C282D00104BED00142004D08425
S21419AF70D08041F5080043EE0014202E0010D08032
S21419AF80D080D0897A14DA8B284D24457400221C77
S21419AF902C19260102830000FFFF2E0602870000E7
S21419AFA0FFFF9687D68242414841424648462401C9
S21419AFB094862203484148C1D2822401484248C295
S21419AFC048414241824324C1B3C065C243EE0015CD
S21419AFD0B3C053C31C034406327CFFEB93CE2E0931
S21419AFE0DE80E48F4A0366627004DBC02605D680CD
S21419AFF0BBC8646C2443224D20192A022200028100
S21419B0000000FFFFD282484148C12400424248420C
S21419B010D2822401484248C2D085484142418240E2
S21419B02024C1B3C865D253882008908D74FCC48097
S21419B0302042D1C34A81660653844AA067FA274438
S21419B0400010200B4CDF7CFC4E7520075280D080F8
S21419B050D0806096B0816300FEE874016000FEEA55
S21419B0604A06660C70002045D1C04A8167CA60CE70
S21419B0702007D087D0802045D1C060EE4879001AC5
S21419B080035A42A7487802374879001A03934EB9EB
S21419B0900019B1CE4879001A035A42A748780245D2
S21419B0A04879001A03934EB90019B1CE4E56FFF8D7
S21419B0B048E73820242E000C262E00104878000168
S21419B0C02F2E00084EB90019A7462440508F4A80E3
S21419B0D0670000E420020280000FFFFF4242484248
S21419B0E0E84A0282000007FF670408C000142D40D2
S21419B0F0FFFC4A8367642D43FFF8486EFFF84EB984
S21419B1000019A95C222EFFFC588F4A806700009E02
S21419B110782098802601E9AB86AEFFF825430014FF
S21419B120E0A92D41FFFC2541001867447602254306
S21419B13000104A8267440682FFFFFBCDD480206E3A
S21419B1400014208276359680206E00182083200AF7
S21419B1504CEE041CFFE84E5E4E75486EFFFC4EB969
S21419B1600019A95C256EFFFC00147220D081588F37
S21419B1707601254300104A8266BC0680FFFFFBCE87
S21419B180206E001420802003E5882F3208104EB94F
S21419B1900019A8F6588FEB8B9680206E001820831E
S21419B1A0200A4CEE041CFFE84E5E4E75256EFFF81D
S21419B1B000146000FF724879001A035A42A74878AB
S21419B1C0030F4879001A03934EB90019B1CE202FF0
S21419B1D0000C6732223C001A04C02F002F012F2FB3
S21419B1E000102F2F00102F2F00204879001A04CD99
S21419B1F02079001A0A4E2F28000C4EB90019B2AC45
S21419B2004EB90019C142203C0019F9B822002F0086
S21419B2102F012F2F00102F2F00102F2F00204879C5
S21419B220001A04CD2079001A0A4E2F28000C4EB9A0
S21419B2300019B2AC4EB90019C142598F226F000CD1
S21419B240206F0010B2FC00006720B0FC00006722D7
S21419B2504AAF001467227000101022804A1056C098
S21419B260488048C04480588F4E75224FB0FC000065
S21419B27066DE7000588F4E7570FE588F4E75206FAB
S21419B2800008202F000CB0FC0000671C0C80000082
S21419B29000FF6206108070014E75206F000420BCF6
S21419B2A00000008A70FF4E7570004E754E560000ED
S21419B2B0486E00102F2E000C2F2E00082F39001A5A
S21419B2C00A4E4EB90019B2D04FEF00104E5E4E75A9
S21419B2D04E56FF6C48E73F3C2D6E0008FF782D6EE2
S21419B2E0000CFF70286E00102D6E0014FF7C4AAEFD
S21419B2F0FF78670C206EFF784AA8003267000C2486
S21419B300226EFF70202900643229000C0801000DF6
S21419B3106610004120003341000C0240DFFF234035
S21419B32000640800000D66000D40206EFF7030287E
S21419B330000C08000003670001A24AA80010670065
S21419B340019A0240001A0C40000A6700032A43EECD
S21419B350FFC02D49FF8C42AEFF9442AEFF902E09D6
S21419B360244942AEFF8042AEFF741014670001F6FE
S21419B370264C0C0000256700019E528B101366F2AE
S21419B3802A4B9BCCB9CB670001DC248C254D0004D5
S21419B390200DD1AEFF94202EFF9052802D40FF90A5
S21419B3A07207B2806D000198508A200DD1AEFF74D5
S21419B3B01013670001B0528B422EFF893A7CFFFFAB
S21419B3C074007600284B101C4880304043E8FFE094
S21419B3D07258B289650001B22009D080303B080640
S21419B3E04EFB0002074A01A401A4073C01A401A4CC
S21419B3F001A401A401A401A4058C070E01A4059CAF
S21419B40005AA01A407C600B200B200B200B200B283
S21419B41000B200B200B200B201A401A401A401A4B2
S21419B42001A401A401A401A401A401A4076201A412
S21419B43001A401A401A401A401A401A401A401A4C6
S21419B44001A4067201A401A401A401A401A4061E64
S21419B45001A401A409EA01A401A401A401A401A458
S21419B46001A401A401A401A401A405F4052201A4C0
S21419B47001A401A40806052201A401A4012401A41B
S21419B48007D606DE08F2012401A4089E01A40814B2
S21419B49001A401A40B68740043E8FFD02002D082EF
S21419B4A0D080D480D482D489101C4880304043E898
S21419B4B0FFD07209B2896500FF142002D082D080AD
S21419B4C0D480D482D489101C4880304043E8FFD0F9
S21419B4D07209B28964C66000FEF42F2EFF702F2EF3
S21419B4E0FF784EB900195414508F4A8066000B7AAB
S21419B4F0226EFF703029000C0240001A0C40000A18
S21419B5006600FE4C6000017072108681101C48801F
S21419B51030406000FEB82A4B9BCCB9CB6700FE9230
S21419B520248C254D0004200DD1AEFF94202EFF90BB
S21419B53052802D40FF907207B2806C00FE6C486EE8
S21419B540FF8C2F2EFF702F2EFF784EB9001987D437
S21419B5504FEF000C4A8066142447200DD1AEFF74B5
S21419B5606000FE4E4AAEFF9466000ADA206EFF703F
S21419B57008280006000D66000AF0202EFF744CEE0F
S21419B5803CFCFF444E5E4E75B0FC000067D6300892
S21419B5901D40FF98422EFF8978017C0141EEFF98E5
S21419B5A02D48FF6C9BCD97CB7A7B4605CA83206EB8
S21419B5B0FF94202EFF904A85660C224293C4B2FC53
S21419B5C000006E0002324A2EFF896722528043EE2F
S21419B5D0FF89248972012541000452882D48FF9459
S21419B5E02D40FF907207B2806D000860508AB6FC35
S21419B5F000006722528043EEFF8A24897202254191
S21419B600000454882D48FF942D40FF907207B2808D
S21419B6106D000862508A0C8500000080670000865D
S21419B6209BC6BAFC00006E00010A24AEFF6C2546C4
S21419B6300004D1C62D48FF9452802D40FF90720702
S21419B640B2806D000166508A08030002670C224218
S21419B65093C42D49FF846E00021AB8826F0224041F
S21419B660D5AEFF74B0FC00006600016642AEFF90CE
S21419B67024476000FCF6206EFF704A68000E6D00C5
S21419B680FCCE2D6EFF7C00142D4C00102D48000C9E
S21419B6902D6EFF7800084CEE3CFCFF444E5E4EF9CA
S21419B6A00019C09E264297C4B6FC00006F00FF72B0
S21419B6B07210B28B6C527A8CDA8E224A244B22067E
S21419B6C02C0326442802242EFF78260122BC001AB1
S21419B6D004FC72102341000441E800102D48FF9421
S21419B6E052802D40FF907207B2806D0006B05089C7
S21419B6F045EAFFF07210B28A6DD224042203260698
S21419B700280B264A24492C0124BC001A04FC254B74
S21419B7100004D1CB2D48FF9452802D40FF9072071C
S21419B720B2806D00088C508A9BC6BAFC00006F0068
S21419B730FEFA7210B28D6C362A2EFF78266EFF70BE
S21419B74024BC001A04FC72102541000441E80010BC
S21419B7502D48FF9452802D40FF907207B2806D00DD
S21419B76005A6508A4BEDFFF07210B28D6DD224BC2F
S21419B770001A04FC254D0004D1CD2D48FF945280A3
S21419B7802D40FF907207B2806D000744508A24AE90
S21419B790FF6C25460004D1C62D48FF9452802D40D3
S21419B7A0FF907207B2806C00FE9E486EFF8C2F2E9B
S21419B7B0FF702F2EFF784EB9001987D44FEF000C63
S21419B7C04A806600FDA8206EFF9424476000FE7A22
S21419B7D0486EFF8C2F2EFF702F2EFF784EB900194A
S21419B7E087D44FEF000C4A806600FD8242AEFF9068
S21419B7F024476000FB767210B2896C522D44FF8480
S21419B800280326022208204A2449242EFF7822419A
S21419B81020BC001A050C72102141000443E90010DF
S21419B8202D49FF9452802D40FF907207B2806D000B
S21419B8300508508845EAFFF07210B28A6DD22403C3
S21419B8402604282EFF842209224A2448204124BC93
S21419B850001A050C25490004D1C92D48FF945280B9
S21419B8602D40FF907207B2806D0006EE508A600078
S21419B870FD56202EFF907210B2896C444BEEFF8C49
S21419B88047F9001987D4262EFF782A2EFF7024BC74
S21419B890001A050C72102541000441E800102D48C5
S21419B8A0FF9452802D40FF907207B2806D0004BE3F
S21419B8B0508A72F0D3AEFF847210B2AEFF846DCE8A
S21419B8C024BC001A050C256EFF840004D1EEFF84F3
S21419B8D02D48FF9452802D40FF907207B2806C005D
S21419B8E0FD7A486EFF8C2F2EFF702F2EFF784EB9DB
S21419B8F0001987D44FEF000C4A806600FC70206E42
S21419B900FF946000FD56206EFF7C20180803000483
S21419B9106600071608030006670005F448C02800E5
S21419B9202D48FF7C4A806D0002341A2EFF89BAFC16
S21419B93000006D00024072804601C6814A8066008A
S21419B9400234BAFC00006600074078007C002D47D8
S21419B950FF6C4A05670252847002C08326400803AA
S21419B96000016700FC445484367C00026000FC3AEF
S21419B970206EFF7C24186A00019A44822D48FF7CA9
S21419B98072048681101C488030406000FA40101CF2
S21419B990488030400C40002A6700016843E8FFD011
S21419B9A09BCD7009B0896500FA24200DD08DD08002
S21419B9B0D08DD0804BF10800101C4880304043E8E9
S21419B9C0FFD07209B28964E2BAFC00006C00F9FE75
S21419B9D03A7CFFFF6000F9F6206EFF7C22485888F3
S21419B9E01D690003FF98422EFF892D48FF7C7801B8
S21419B9F07C0141EEFF982D48FF6C9BCD97CB6000DC
S21419BA00FBA870108083206EFF7C28182D48FF7CB9
S21419BA10422EFF89BAFC00006D000208720176807A
S21419BA204603C6804A846652BAFC0000660005546E
S21419BA304A81660004C47C01CC80080000006700B7
S21419BA4004C41D7C0030FFBF280641EEFFBF2D48F9
S21419BA50FF6C6000FF0470108083206EFF7C28182E
S21419BA602D48FF7C422EFF89BAFC00006D7C7200BF
S21419BA7076804603C6804A8467AE7001B081670037
S21419BA8006185581670003962D47FF6C222EFF6C0A
S21419BA901004020000070600003053AEFF6C206E3B
S21419BAA0FF6C1080E68C66E408030000660003FA53
S21419BAB02C079C88280DBC8D6F00FE9E28066000FA
S21419BAC0FE98206EFF7C281808030004660C0803ED
S21419BAD00006670602840000FFFF2D48FF7C20033E
S21419BAE0422EFF89BAFC00006C8426002D47FF6C95
S21419BAF0609A1D7C002BFF89101C4880304060001E
S21419BB00F8CC206EFF7C2A58BAFC00006C043A7CEC
S21419BB10FFFF2D48FF7C101C488030406000F8AEAF
S21419BB2070018680101C488030406000F8A04A2EAC
S21419BB30FF896600F8921D7C0020FF89101C48803A
S21419BB4030406000F88870108680206EFF7C2018C0
S21419BB502D48FF7C28004A806C00FDD028004484BC
S21419BB601D7C002DFF89BAFC00006D067280460107
S21419BB70C6817A2D7009B084650000B406040030B9
S21419BB801D44FFBF280D6F147C0141EEFFBF2D48E1
S21419BB90FF6C4A056600FDC06000FDBE78017C0199
S21419BBA041EEFFBF2D48FF6C60E8707F4600868027
S21419BBB0101C488030406000F8140803000466180A
S21419BBC0080300066712226EFF7C205130AEFF76FE
S21419BBD058AEFF7C6000F794226EFF7C205120AE91
S21419BBE0FF7458AEFF7C6000F78270408680101C88
S21419BBF0488030406000F7D6206EFF7C281808036E
S21419BC000004660C08030006670602840000FFFF9E
S21419BC102D48FF7C2003422EFF89BAFC00006C00D9
S21419BC20FDFC260042057009B0846400FF502D47BC
S21419BC30FF6C47F90019C1F84878000A2F044EB965
S21419BC400019C284508F0600003053AEFF6C226E66
S21419BC50FF6C12802C044878000A2F044E93508FDC
S21419BC6028007009B08665D02C079CAEFF6C280D8D
S21419BC70BC8D6F00FCDE28064A056600FCDA6000FB
S21419BC80FCD8266EFF7C2D5BFF6C422EFF894AAED0
S21419BC90FF6C67000350BAFC00006D00029A2F0D66
S21419BCA042A72F2EFF6C4EB90019553C4FEF000CCA
S21419BCB04A80670003C82C009CAEFF6C28066B00F0
S21419BCC002704A2EFF896700033A2D4BFF7C9BCDE5
S21419BCD052846000FC84226EFF7C281970028680CC
S21419BCE03D7C3078FF8A2D7C001A0315FF80422E82
S21419BCF0FF892D49FF7CBAFC00006D000120200346
S21419BD0072026000FD1A486EFF8C2F0B2F054EB974
S21419BD10001987D44FEF000C4A806600F850206E41
S21419BD20FF94202EFF9024474BEDFFF07210B28D32
S21419BD306D00FA0E6000FA38486EFF8C2F2EFF70D1
S21419BD402F024EB9001987D44FEF000C4A806600AF
S21419BD50F81C226EFF94202EFF90204745EAFFF02C
S21419BD607210B28A6D00FAAA6000FAD42F0D2F0548
S21419BD702F034E934FEF000C4A806600F7F0206EA3
S21419BD80FF94202EFF90244772F0D3AEFF847210D2
S21419BD90B2AEFF846D00FAF86000FB262F052F2E31
S21419BDA0FF702F024EB9001987D44FEF000C4A8046
S21419BDB06600F7BA206EFF94202EFF90224745EAB8
S21419BDC0FFF07210B28A6D00F9046000F92E2D7C0E
S21419BDD0001A0304FF80226EFF7C2819080300044A
S21419BDE0660C08030006670602840000FFFF0803B6
S21419BDF000006700FEFA4A846700FEF41D7C0030D6
S21419BE00FF8A30081D40FF8B422EFF89BAFC0000BE
S21419BE106C0001FC700286802D49FF7C2D47FF6C53
S21419BE20206EFF80700FC08453AEFF6C226EFF6CBD
S21419BE3012B00800E88C66EC2C079C89280DBC8D7E
S21419BE406F00FB1628066000FB10486EFF8C2F2E1D
S21419BE50FF702F2EFF784EB9001987D44FEF000CBC
S21419BE604A806600F708206EFF94202EFF9024471C
S21419BE706000F77C486EFF8C2F2EFF702F2EFF78F0
S21419BE804EB9001987D44FEF000C4A806600F6DECB
S21419BE90206EFF94202EFF9024470C85000000800A
S21419BEA06600F77E6000F7FE0C000030670000EEB3
S21419BEB05581226EFF6C137C0030FFFF2C079C8186
S21419BEC0280DBC8D6E522D41FF6C6000FA8C486EA1
S21419BED0FF8C2F2EFF702F2EFF784EB9001987D49E
S21419BEE04FEF000C4A806600F684206EFF94202ED1
S21419BEF0FF9024476000F73478007C002D47FF6CCC
S21419BF006000FA5678002D47FF6C6000FA4C28003E
S21419BF102D48FF7C6000FA0E28062D41FF6C600044
S21419BF20FA382F084EB900194C46588F6000F3D2CC
S21419BF3078006000FD8E2F2EFF6C4EB900195DC873
S21419BF402C00588F28066A00FD7A60E42D7C001AAA
S21419BF500315FF806000FE80486EFF8C2F2EFF7041
S21419BF602F2EFF784EB9001987D44FEF000C4A8050
S21419BF706600F5FA206EFF94202EFF902447600085
S21419BF80F6467001B0816600FAFA420578301D440B
S21419BF90FFBF280D6E00FBF26000FC022C079CAE5A
S21419BFA0FF6C280DBC8D6F00F9B028066000F9AA41
S21419BFB0486EFF8C2F2EFF702F2EFF784EB9001962
S21419BFC087D44FEF000C4A806600F5A2206EFF94C6
S21419BFD0202EFF9024479BC6BAFC00006F00F64C33
S21419BFE06000F7502C0D7206B28D654628062D4B4B
S21419BFF0FF7C2D7C001A0326FF6C9BCD97CB600027
S21419C000F5A82D4BFF7C9BCD97CB6000F59C7080D7
S21419C0104600C680720286812D49FF7C2D47FF6C2B
S21419C020206EFF806000FDFE2D48FF7C2800600012
S21419C030FB267C0628062D4BFF7C2D7C001A032632
S21419C040FF6C60B6486EFF8C2F2EFF702F2EFF7870
S21419C0504EB9001987D44FEF000C206EFF700828D0
S21419C0600006000D6700F51472FF2D41FF74202E8F
S21419C070FF744CEE3CFCFF444E5E4E752C0D2806A4
S21419C0806A00FC406000FEAA78301D44FFBF280DE8
S21419C0906E00FAF66000FB0642056000FAD84FEF0C
S21419C0A0FB9848E73820262F047C246F0480302A12
S21419C0B0000C0240FFFD3F40001C2F6A006400740C
S21419C0C03F6A000E001E2F6A001C002C2F6A0024DF
S21419C0D000347078D08F2F4000107078D08F2F4092
S21419C0E000202F7C0000040000182F7C000004009C
S21419C0F0002442AF00282F2F04882F2F0488781881
S21419C100D88F2F042F034EB90019B2D024004FEF41
S21419C11000106A1A082F0006001D6706006A0040FC
S21419C120000C20024CDF041C4FEF04684E752F04D8
S21419C1302F034EB9001949A6508F4A8067D674FF47
S21419C14060D2487800064EB90019C15648780001E1
S21419C1504EB900192D7A2F0A2F02242F000C247994
S21419C160001A0A4E701FB082655E202A0112672EC9
S21419C1702202D282D2812040D1C12250B2FC0000C4
S21419C180671C7001B089670E70FFB089672E4290E0
S21419C1902F024E91588F7000241F245F4E752F0A58
S21419C1A04EB9001933BA2F022F002F0A4EB90019AB
S21419C1B033C44FEF0010241F245F4E757016248069
S21419C1C07001241F245F4E757016248070FF241F7B
S21419C1D0245F4E75302F0004C0EF000A322F000678
S21419C1E0C2EF0008D04148404240322F0006C2EF45
S21419C1F0000AD0814E7500002F02222F000C202F26
S21419C20000080C81000100006416240042424842CE
S21419C21084C130024840342F000A84C1300260308D
S21419C2202401E289E2880C810001000064F480C1CF
S21419C23002800000FFFF2202C2C04842C4C0484222
S21419C2404A42660AD2826506B2AF00086302538074
S21419C250241F4E752F027401222F000C6A04448184
S21419C2604402202F00086A04448044022F012F003C
S21419C2704EB90019C1F8508F4A026A024480241F29
S21419C2804E750000222F0008202F00042F012F00C2
S21419C2904EB90019C1F8508F222F00082F012F0010
S21419C2A04EB90019C1D4508F222F00049280200154
S21419C2B04E750000222F0008202F00042F012F0092
S21419C2C04EB90019C254508F222F00082F012F0083
S21419C2D04EB90019C1D4508F222F00049280200124
S21419C2E04E75000080873E3C00037C024EF900190B
S21419C2F0CCBE203C7FF00000720080873E3C0005D3
S21419C3007C024EF90019CCBE700022003E3C000398
S21419C3107C024EF90019CCBE70FF22003E3C00117B
S21419C3207C024EF90019CCBE203C7FF0000072004A
S21419C33080873E3C00097C024EF90019CCBE086F76
S21419C340001F000C4E56000048E73F00202E00083C
S21419C350222E000C242E0010262E00142E00D28118
S21419C360D180670002862C02D683D5826700029A8E
S21419C3700287800000004846024680008E46204705
S21419C3802C3C001FFFFF2E3C002000002800C08612
S21419C3904686C88667000246B886670002CA80873E
S21419C3A04844EA4C2A02CA8667000238BA866700E9
S21419C3B002B64686C48684874845EA4D48E7003063
S21419C3C0244426457E002C072A032802260724071C
S21419C3D0C98ACB8BBA44670000CC62000064340467
S21419C3E09445C98ACB8B0C4200376C0001D20C429B
S21419C3F000206C0000220C4200106C00002A60001D
S21419C400000AE28CE295E296E29751CAFFF67400AA
S21419C4102602600000942E062C052A047800044291
S21419C42000206000FFD23E0648473C0548463A04BD
S21419C4304845383C00004844044200106000FFCCD0
S21419C440C9453C049C45C98ACB8B0C4600376C0001
S21419C45001500C4600206C0000220C4600106C009F
S21419C460002A6000000AE288E291E292E29351CE35
S21419C470FFF67E002C0760000030260224012200F9
S21419C4807000044600206000FFD23602484334018B
S21419C490484232004841303C0000484004460010EB
S21419C4A06000FFCCC98ACB8BCF88CD8B2C073E3C3E
S21419C4B0000048463C3C0000BF866B00006ECF88E3
S21419C4C0CD8BD687D586D385D184280A2E080287A0
S21419C4D0800000004CDF0C00080000366700000CD6
S21419C4E0E288E291E292E293524441FA002043F93B
S21419C4F0001A0CD03C290006670007500C460002AB
S21419C500620007AC6D0007A8600007A40C4407FF7B
S21419C5106C00001208800034E94C484080444840BA
S21419C520600001287A016000FDCACF88CD8B9687F6
S21419C5309586938591846700010E6A0000122E086D
S21419C5400847001F20474483408240814080280ABC
S21419C5502E080287800000004CDF0C000800003609
S21419C5606700000CE288E291E292E293524441FAA3
S21419C570002043F9001A0CD03C290006670006CCA7
S21419C5800C460002620007286D0007246000072089
S21419C59008800034E94C484080444840600000ACAC
S21419C5A04CDF0C00202E0010222E001441F9001A20
S21419C5B00CD030BC00004CDF00FC4E5E4E754CDFD4
S21419C5C00C00202E0008222E000C41F9001A0CD05F
S21419C5D030BC00004CDF00FC4E5E4E75280760002C
S21419C5E0FDC02A0746866000FDD020022203660099
S21419C5F000200C808000000066000016028780006C
S21419C6000000428060000044202E0008222E000CF4
S21419C6107A012E000287800000000880001F0C8017
S21419C6207FF000006C00001020006600001E0887CE
S21419C630001F600000160280000FFFFF8081660051
S21419C640FCD86000FCAE4CDF0C0041F9001A0CD087
S21419C65030BC000080874CDF00FC4E5E4E75E288C9
S21419C660E2916000FFE67A01202E0008222E000CC7
S21419C670242E0010262E0014283C7FF000002E00D1
S21419C6802C020880001F0882001FB0846200FC8AF2
S21419C690660000084A816600FC80B4846200FC7A51
S21419C6A0660000084A836600FC70BF866B00000CA3
S21419C6B00287800000006000FC3AB082660000081D
S21419C6C0B2836700FC54028780000000B0846700BC
S21419C6D0FC220847001F6000FC1A4E56000048E767
S21419C6E03F00202E0008222E000C242E0010262E85
S21419C6F000142E00B58702878000000020472E3CC4
S21419C7007FF000002C0746860880001F28008881C5
S21419C7106700012028000882001F2A028A83670002
S21419C72001062A02B087620000DC670000ECB487B5
S21419C730620000D2670000D4C88767000120C0864F
S21419C7400080001000004844E84CCA87670001249E
S21419C750C4860082001000004845E84DD8450444B8
S21419C76003FF48E70030247C000000002644EA9ABC
S21419C7704842EA9B48433C03024607FF8446024365
S21419C780F8002C022E0328002A017600240322031F
S21419C7902003227C00000034CF89CF89D683D58226
S21419C7A0D381D180DE87DD866400000ECF8AD685D8
S21419C7B0D584D387D187CF8ACF8951CFFFDE280B6F
S21419C7C04CDF0C0048404841300148423202484389
S21419C7D03403363C0000E288E291E292E293E28862
S21419C7E0E291E292E293E288E291E292E2932E08D3
S21419C7F07A02080000166700027AE288E29152442B
S21419C800600002707A026000FB107A022E084A83D2
S21419C8106600FB066000FADC7A022E084A8166007A
S21419C820FAF86000FACE7A02C540C74120086000BF
S21419C83000102008242E0010262E00140882001F2F
S21419C8400C827FF000006C00FAD041F9001A0CD067
S21419C85030BC00004CDF00FC4E5E4E757801C08679
S21419C860D281D1805344080000146600FEDE6000B1
S21419C870FFF07A01C486D683D58253450802001480
S21419C8806600FEDA6000FFF04E56000048E73F00EB
S21419C890202E0008222E000C242E0010262E0014FE
S21419C8A02E00B58702878000000020472E3C7FF0B7
S21419C8B000002C0746860880001F2800888167001C
S21419C8C0011228000882001F2A028A836700013C89
S21419C8D02A02B087620000F667000154B487620026
S21419C8E000EC6700013EC8876700015CC0860080BF
S21419C8F0001000004844E84CCA8767000160C486E7
S21419C9000082001000004845E84D9845064403FE8D
S21419C9107C002E06227C000000007A16B480620085
S21419C920000C67000014928391820BC6D281D180C5
S21419C93051CDFFEA6000000CB6816200FFF060007E
S21419C940FFE67A1FB4806200000C67000014928319
S21419C95091820BC7D281D18051CDFFEA6000000CBD
S21419C960B6816200FFF06000FFE67A35B082620099
S21419C970001C67000012D281D18051CDFFF07400DF
S21419C980260260000028B6816200FFEC74002602B9
S21419C990044500350645003F0C45001F6200000C93
S21419C9A00BC360000008044500200BC220062207AE
S21419C9B07600080000166700000CE288E291E29201
S21419C9C0E29352442E087A03600000A87A036000A6
S21419C9D0F9487A030882001F280288836700F93A03
S21419C9E00C827FF000006200F9306D0000084A835F
S21419C9F06600F9262008720041F9001A0CD030BCDE
S21419CA0000004CDF00FC4E5E4E757A032E080C8033
S21419CA107FF000006200F9024A816600F8FC6000A7
S21419CA20F9087A034A836600F8F06000F8DC7A039E
S21419CA304A816600F8E4B4876C00F8DE4A8366001B
S21419CA40F8D86000F8AE7801C086D281D1805344F8
S21419CA50080000146600FEA26000FFF07A01C48682
S21419CA60D683D5825345080200146600FE9E6000E0
S21419CA70FFF00C44FFCA6D00F89020477C002E0684
S21419CA800C4400016C0000205244E288E291E292C4
S21419CA90E293E296E2970C4400016700000A6000F0
S21419CAA0FFE86000F864848686872E0841FA00201D
S21419CAB043F9001A0CD03C2900066700018E0C4673
S21419CAC00002620001EA6D0001E6600001E20C4412
S21419CAD007FF6C00F81E38046700F80AE94C08804E
S21419CAE00014484080444840808741F9001A0CD009
S21419CAF030BC00004CDF00FC4E5E4E754E560000F2
S21419CB0048E73F007A04202E0008222E000C084021
S21419CB10001F24000882001F28028881670000343D
S21419CB200C827FF000006D0000186200F7EC4A8155
S21419CB306600F7E62E000287800000006000F7B452
S21419CB4041F9001A0CD030BC00004CDF00FC4E5ED8
S21419CB504E750880001F6000FFE84E56000048E733
S21419CB603F007A05202E0008222E000C242E0010D5
S21419CB70262E00142C000880001F2E020882001F83
S21419CB800C807FF00000620000946700007C28008B
S21419CB908881670000640C827FF000006200007EC6
S21419CBA0670000702802888367000056BD876A00F0
S21419CBB0000C4A866A00002E6B0000344A866A000A
S21419CBC00006C142C343B480620000246600001602
S21419CBD0B6816200001A6600000C70004CDF00FC7B
S21419CBE04E5E4E7570014CDF00FC4E5E4E7570FF42
S21419CBF04CDF00FC4E5E4E750886001F6000FF98DD
S21419CC000887001F6000FFA64A816600F70C6000BF
S21419CC10FF864A836600F7026000FF92202E0018EE
S21419CC207E117C024EF90019CCBE4E56000048788B
S21419CC3000012F2E00142F2E00102F2E000C2F2E31
S21419CC4000086100FF164E5E4E7508000015660056
S21419CC5000160C4400016700000ED683D582D381D6
S21419CC60D18051CCFFE608010000670000228682B9
S21419CC706600001426010283000000027400D283A5
S21419CC80D1826000000A76017400D283D182E288CC
S21419CC90E2910800001567000008E288E291524404
S21419CCA008000014670000044ED078004ED04ED00D
S21419CCB041F9001A0CD0317C000000044E7541F978
S21419CCC0001A0CD030878F680004314600083145A9
S21419CCD0000A0C4600016700001E216E0008000CB1
S21419CCE0216E000C0010216E00100014216E001425
S21419CCF000186000000E216E0008000C216E000C52
S21419CD000014CE6800026700000A4879001A0CD091
S21419CD104E4F4CDF00FC4E5E4E7500004E5600001E
S21419CD20487800012F2E00142F2E00102F2E000CDD
S21419CD302F2E00084EB90019CB5A4E5E4E750000BC
S21419CD404E560000487800012F2E00142F2E001082
S21419CD502F2E000C2F2E00084EB90019CB5A4E5EF6
S21419CD604E7500004E5600004878FFFF2F2E00140F
S21419CD702F2E00102F2E000C2F2E00084EB900193A
S21419CD80CB5A4E5E4E7500004E560000487800018C
S21419CD902F2E00142F2E00102F2E000C2F2E0008C9
S21419CDA04EB90019CB5A4E5E4E7500004E5600000D
S21419CDB0487800012F2E00142F2E00102F2E000C4D
S21419CDC02F2E00084EB90019CB5A4E5E4E7500002C
S21419CDD04E56000048E73F30266E0008206E000CBD
S21419CDE02A2E00142008220524004840260148410E
S21419CDF03802C8C3C4C1C6C0C2C02004B140484026
S21419CE00D480D4836406068100010000484270006D
S21419CE10300234042C02D0812E0045F90019C1D4F1
S21419CE202F2E00102F084E92508F24002F052F0BEF
S21419CE304E92508FD082D08722064CEE0CFCFFE023
S21419CE404E5E4E754E56000048E73800202E0008F4
S21419CE50222E000C242E00106714782098824A84FB
S21419CE606F142600E4ABE4A9E9A8828020034CDFFE
S21419CE70001C4E5E4E75760044842200E8A92003F5
S21419CE8060EC00004E56000048E73800202E0008D7
S21419CE90222E000C242E00106714782098824A84BB
S21419CEA06F142601E5ABE5A8E8A9808122034CDFBB
S21419CEB0001C4E5E4E75760044842001E9A82203B4
S21419CEC060EC00004E56FFF448E73F3C282E000859
S21419CED02C2E000C222E0010206E00142608240179
S21419CEE02A0626444A8166000100B8886400014E65
S21419CEF0B1FC0000FFFF6200049EB0FC00FF630255
S21419CF0074082008E4A843F9001A051C1031080013
S21419CF100280000000FFD4807020908267122608D5
S21419CF20E1ABE1AC2206E4A9828426412A06E1ADEA
S21419CF302803424448442C0302860000FFFF4BF99D
S21419CF400019C2842F042F0B4E95508F2E0045F9C9
S21419CF500019C1F82F042F0B4E92508F240047F951
S21419CF600019C1D42F002F064E93508F220748411F
S21419CF7042412E05424748478E81BE80641622429A
S21419CF805389DE83BE8365000422BE806400041CB8
S21419CF905582DE839E802F042F074E95508F28408A
S21419CFA02F042F074E92508F2E002F002F064E93C8
S21419CFB0508F280C484442448845B8806414220788
S21419CFC05381D883B88365000402B880640003FCD3
S21419CFD05587220248414241828799CC200C4CEE53
S21419CFE03CFCFFCC4E5E4E75B881650001500C8135
S21419CFF00000FFFF620001560C81000000FF62006E
S21419D00003F470002E01E0AF43F9001A051C1E3117
S21419D01078000287000000FFD0877E209E80660079
S21419D0200156B7C26206BA8365000112720199CC1D
S21419D030200C4CEE3CFCFFCC4E5E4E7545F90019A3
S21419D040C1F84A83660C42A7487800014E92508F61
S21419D05026000C830000FFFF620002440C830000C8
S21419D06000FF630274082003E4A841F9001A051C9E
S21419D070103008000280000000FFD48070209082D3
S21419D08066000246240494832C03424648462E031F
S21419D09002870000FFFF387C00014BF90019C28493
S21419D0A047F90019C1D42F062F024E95508F280024
S21419D0B02F062F024E92508F24002F072F004E93C3
S21419D0C0508F2204484142412805424448448881E9
S21419D0D0B880641622425389D883B883650002C67D
S21419D0E0B880640002C05582D88398802F062F0412
S21419D0F04E95508F2A402F062F044E92508F2C0093
S21419D1002F072F004E93508F280D484442448845C8
S21419D110B880641422065381D883B8836500029EAA
S21419D120B880640002985586220248414241828698
S21419D130200C4CEE3CFCFFCC4E5E4E75720099CC22
S21419D140200C4CEE3CFCFFCC4E5E4E750C8100FF5D
S21419D150FFFF620002A670102E01E0AF43F9001A15
S21419D160051C1E3178000287000000FFD0877E203C
S21419D1709E806700FEAEEFA92A08E0AD8A812208D4
S21419D180EFA92D41FFFC2404E0AAEFAC2206E0A982
S21419D1908881200542404840284022050281000027
S21419D1A0FFFF2D41FFF84BF90019C2842F002F02FB
S21419D1B04E95508F260045F90019C1F82F0C2F02ED
S21419D1C04E92508F240047F90019C1D42F002F2EE4
S21419D1D0FFF84E93508F4843424322044241484138
S21419D1E08681B680641622425389D685B68565002F
S21419D1F001C0B680640001BA5582D68596802F0C78
S21419D2002F034E95508F2A402F0C2F034E92508F76
S21419D21024402F002F2EFFF84E93508F260D48438B
S21419D22042438644B680641641EAFFFFD685B68522
S21419D23065000184B6806400017E558AD68522432E
S21419D24093C048424242200A808220402008222E5B
S21419D250FFFC24004840260148413802C8C3C4C10F
S21419D260C6C0C2C02004B1404840D480D4836406E6
S21419D270068100010000484270003002340424423E
S21419D280D0812A00BA896200015A6700014E220825
S21419D29099CC200C4CEE3CFCFFCC4E5E4E750C83A4
S21419D2A000FFFFFF6200015A74102003E4A841F939
S21419D2B0001A051C103008000280000000FFD480F8
S21419D2C0702090826700FDBEE1AB2204E4A92641D6
S21419D2D0E1AC2206E4A988812A06E1AD2C03424670
S21419D2E048462E0302870000FFFF4BF90019C28437
S21419D2F02F062F0B4E95508F24002F062F0B4E926C
S21419D300508F284047F90019C1D42F002F074E9384
S21419D310508F2202484142412404424248428282A6
S21419D320B280641643ECFFFFD283B283650000F027
S21419D330B280640000EA558CD28392802F062F01A2
S21419D3402D41FFF44E95508F24002F06222EFFF400
S21419D3502F014E92508F2F002F072D40FFF44E931A
S21419D360508F484242428444222EFFF4B4806416F9
S21419D37020415388D483B48365000092B480640036
S21419D380008C5581D4839480200C4840424080817B
S21419D39028406000FD12B1FC00FFFFFF62687410A0
S21419D3A06000FB6024096000FD4224096000FBE66A
S21419D3B024096000FE4824486000FE842C012202DD
S21419D3C04841424182866000FD682E01220248418A
S21419D3D04241828799CC6000FC04EFAEB5C6630063
S21419D3E0FEAE2208538199CC200C4CEE3CFCFFCCA7
S21419D3F04E5E4E7570086000FC0C70186000FC06D6
S21419D40074186000FC6274186000FAF82208948098
S21419D410200C48404240808128406000FC8A2849F8
S21419D4206000FF184E56FFF448E73F3C282E0008C8
S21419D430242E000C202E0010222E00142A0126005D
S21419D4402D42FFF826444A80660000EAB881640037
S21419D450014E0C810000FFFF620003940C8100004E
S21419D46000FF630276082001E6A841F9001A051C98
S21419D4707C001C300800DC837620968667142A0107
S21419D480E7ADE7AC2002ECA880842640E7AA2D4237
S21419D490FFF82805424448442C0502860000FFFF81
S21419D4A04BF90019C2842F042F0B4E95508F240068
S21419D4B045F90019C1F82F042F0B4E92508F47F9D2
S21419D4C00019C1D42F002F064E93508F22024841BF
S21419D4D04241242EFFF8424248428282B280640CAE
S21419D4E0D285B2856506B2806402D285284199C074
S21419D4F02F042F0C4E95508F24002F042F0C4E926C
S21419D500588F2E802F064E93508F22024841424143
S21419D510826EFFFAB280640CD285B2856506B28037
S21419D5206402D28592807000E6A94CEE3CFCFFCCD2
S21419D5304E5E4E75B880650001220C800000FFFF14
S21419D540620001260C80000000FF620003B695CA2F
S21419D5502C002E0AEEAE204643F9001A051C7C0054
S21419D5601C31880020462C0ADC88307C002091C6A5
S21419D570B0FC000066000128B7C36206BAAEFFF811
S21419D580620C2E029E81998026442D47FFF8200BA7
S21419D590222EFFF84CEE3CFCFFCC4E5E4E7545F93C
S21419D5A00019C1F84A81660C42A7487800014E92C4
S21419D5B0508F2A000C850000FFFF620002420C857E
S21419D5C0000000FF630276082005E6A841F9001A54
S21419D5D0051C720012300800D283762096816600E8
S21419D5E0024498852C0542464846200502800000CC
S21419D5F0FFFF28404BF90019C28447F90019C1D416
S21419D6002F062F044E95508F24002F062F044E9266
S21419D610588F2E8C2F004E93508F2202484142412C
S21419D620242EFFF8424248428282B280640CD28588
S21419D630B2856506B2806402D285280198802F06C5
S21419D6402F044E95508F24002F062F044E92588F74
S21419D6502E8C2F004E936000FEB0200422024CEE52
S21419D6603CFCFFCC4E5E4E750C8000FFFFFF62003F
S21419D670029A347C00102C002E0AEEAE204643F98E
S21419D680001A051C7C001C31880020462C0ADC88F0
S21419D690307C002091C6B0FC00006700FEDC2E0826
S21419D6A0EFA82E01ECAF8E802008E1A92D41FFFCD2
S21419D6B02604ECABE1AC2002ECA888802008E1AA8D
S21419D6C02D42FFF820074240484028402A07028585
S21419D6D00000FFFF4BF90019C2842F002F032D48B5
S21419D6E0FFF44E95508F240045F90019C1F82F0CF8
S21419D6F02F034E92508F260047F90019C1D42F00D8
S21419D7002F054E93508F48424242220442414841C7
S21419D7108481206EFFF4B480641622035381D48763
S21419D720B487650001A4B4806400019E5583D4872C
S21419D73094802F0C2F022D48FFF44E95508F2A40B7
S21419D7402F0C2F024E92508F24402F002F054E93E8
S21419D750508F240D484242428444206EFFF4B48010
S21419D7606416220A5381D487B48765000162B4808F
S21419D7706400015C558AD487224293C048434243C9
S21419D780200A80832440200A222EFFFC24004840C9
S21419D790260148413802C8C3C4C1C6C0C2C0200445
S21419D7A0B1404840D480D483640606810001000045
S21419D7B048427000300234042642D0812440260A9A
S21419D7C0220BB5C9620001166700010A2809242E22
S21419D7D0FFF8948199832204EDA92608E6AA200465
S21419D7E0E6A882824CEE3CFCFFCC4E5E4E750C8150
S21419D7F000FFFFFF6200011C76106000FC6A0C85B2
S21419D80000FFFFFF6200011276102005E6A841F915
S21419D810001A051C720012300800D28376209681F1
S21419D8206700FDC0E7AD2C04E2AE2646E7AC200241
S21419D830E2A82E008E84E7AA2D42FFF82C05424650
S21419D8404846200502800000FFFF28404BF90019C2
S21419D850C2842F062F0B4E95508F24002F062F0BA0
S21419D8604E92508F47F90019C1D42F002F0C4E93A2
S21419D870508F22024841424124074242484284813D
S21419D880B480640CD485B4856506B4806402D485E6
S21419D89094802F062F024E95508F28002F062F02A0
S21419D8A04E92588F2E802F0C4E93508F48444244D8
S21419D8B08847B880640CD885B8856506B880640230
S21419D8C0D88598806000FD3A26016000FE642441E0
S21419D8D06000FEA6B7EEFFF86300FEF2260A220BDA
S21419D8E092AEFFFC97872809242EFFF89481998316
S21419D8F02204EDA92608E6AA2004E6A8828260007A
S21419D900FEE4347C00086000FC48347C0018600093
S21419D910FC4076186000FB5076186000FCAC0000DE
S21419D9204E5600002F02222E000820014840EE40D5
S21419D93048C074004602C082B480671C202E000CB2
S21419D9404840EE4048C072004601C081B280671850
S21419D9507000241F4E5E4E750281007FFFFF67DC44
S21419D9607001241F4E5E4E75202E000C0280007F1B
S21419D970FFFF56C0488048C04480241F4E5E4E752F
S21419D9804E5600002F02222E0008242E0010226E5A
S21419D9900014206E000C20014840E84048C0028060
S21419D9A0000007FF0C80000007FF671E2002484092
S21419D9B0E84048C00280000007FF0C80000007FFFF
S21419D9C0671E7000241F4E5E4E750281000FFFFF02
S21419D9D06606B0FC000067D47001241F4E5E4E75B3
S21419D9E00282000FFFFF66F0B2FC000066EA7000C4
S21419D9F060D24E56000048E73800202E0008674EC1
S21419DA00223C0000041E0C8001FFFFFF620CE9880F
S21419DA1059810C8001FFFFFF63F44A806D08D0809E
S21419DA2053814A806CF82400760BE6AA0882001403
S21419DA30E94948414241280288812600EB4B484370
S21419DA404243200422034CDF001C4E5E4E7593C9D8
S21419DA5091C8200922084CDF001C4E5E4E754E56A2
S21419DA60000048E73800202E000867546D627400DD
S21419DA70223C0000041D0C8000FFFFFF6E6AE98837
S21419DA8059810C8000FFFFFF6FF4D08053810C8002
S21419DA903FFFFFFF6FF4E949484142418282240063
S21419DAA0760AE6A208820014280188822600ED4B21
S21419DAB048434243200422034CDF001C4E5E4E7539
S21419DAC093C991C8200922084CDF001C4E5E4E757A
S21419DAD044806B40243C80000000223C0000041D5A
S21419DAE00C8000FFFFFF6F960C803FFFFFFF6F9AB9
S21419DAF0E9494841424182822400760AE6A2088210
S21419DB000014280188822600ED4B4843424320041E
S21419DB10220360A4227CC1E0000091C820092208D3
S21419DB204CDF001C4E5E4E754E5600002F2E000818
S21419DB304EBAFEC02E812F004EBA009E508F4E5EF2
S21419DB404E754E5600002F2E00084EBAFF122E8123
S21419DB502F004EBA0084508F4E5E4E754E560000FA
S21419DB6048E73800202E00082600028380000000AF
S21419DB7022000881001F4A81675022004841EE4161
S21419DB8048C174004602C2820280007FFFFF4A81A4
S21419DB9066107201D08053810800001767F6088056
S21419DBA00017068100000380E949484142412400D4
S21419DBB0E6828483280188822600721DE3AB20043E
S21419DBC022034CDF001C4E5E4E7591C820032208B6
S21419DBD04CDF001C4E5E4E754E56000048E73C0062
S21419DBE0202E0008222E000C24000882001F4A82CC
S21419DBF0660000A62401670000FA26004843E84399
S21419DC0048C30283000007FF0683FFFFFC80280233
S21419DC100284003FFFFF22007A0AEBA902813FFF28
S21419DC20FC0008C1001E42424842EC4A8282743FF8
S21419DC30C4818484EC814A836F0000A20801000025
S21419DC40673E4A8266060801000167344A83670000
S21419DC5000B0207C0200000078025281B1C16E200B
S21419DC605283EF4B48434243E8A1088100170280CC
S21419DC7080000000828380814CDF003C4E5E4E752A
S21419DC80EF4B48434243E281088100170280800027
S21419DC9000008283808160E0240126004843E8431F
S21419DCA048C30283000007FF0683FFFFFC80280293
S21419DCB00284003FFFFF22007A0AEBA902813FFF88
S21419DCC0FC0008C1001E42424842EC4A8282743F58
S21419DCD0C4818484EC814A836E00FF6278E8B88335
S21419DCE06F2A72007600028080000000828380818D
S21419DCF060860280800000004CDF003C4E5E4E7548
S21419DD00207C0100000078016000FF507A019A8398
S21419DD107801EBAC5384C8818484EAA176000801A3
S21419DD2000006600FF1E6000FF584E56000048E7C8
S21419DD303800222E0008262E000C20016728240100
S21419DD404842E84248C20282000007FF204241E8E2
S21419DD50FBE3B0FC00006F164A815CC0488048C0DF
S21419DD600680800000004CDF001C4E5E4E7578E180
S21419DD70B8886E42780AE9A902813FFFFC0042433F
S21419DD804843EC4B08C3001E8283B0FC0000660EA5
S21419DD904A806D1620014CDF001C4E5E4E75263CDF
S21419DDA00000041D9682E6A160E6200144804CDF3F
S21419DDB0001C4E5E4E7570004CDF001C4E5E4E7594
S21419DDC04E5600002F2E00084EBAFD922E812F00B7
S21419DDD04EBAFF58508F4E5E4E7500004E56FFF4E1
S21419DDE02D6E0008FFF42D6E000CFFF82D6E001036
S21419DDF0FFFC302EFFF448C0028000007FFF0C8025
S21419DE0000007FFF672C2D6E0014FFF42D6E00188E
S21419DE10FFF82D6E001CFFFC302EFFF448C0028060
S21419DE2000007FFF0C8000007FFF671E70004E5EAB
S21419DE304E75202EFFF80880001F4A8066064AAEE7
S21419DE40FFFC67C270014E5E4E75202EFFF80880E3
S21419DE50001F4A8066EE4AAEFFFC66E84E5E4E75B7
S21419DE604E56FFF42F032F02222E0008226E000CA6
S21419DE70260920010280800000002D40FFF42401AD
S21419DE800882001F4A82666A24094A83670000C00E
S21419DE9026014843E84348C30283000007FF068368
S21419DEA000003C004843424386802D43FFF4700B24
S21419DEB0E1A902817FFFF80008C1001F2002424035
S21419DEC04840EA4882802D41FFF8720BE3AA2D429A
S21419DED0FFFC202EFFF4222EFFF8242EFFFC2080B4
S21419DEE021410004214200082008241F261F4E5EE7
S21419DEF04E75240926014843E84348C302830000A7
S21419DF0007FF068300003C004843424386802D43A2
S21419DF10FFF4700BE1A902817FFFF80008C1001F0A
S21419DF20200242404840EA4882802D41FFF8720B91
S21419DF30E3AA2D42FFFC202EFFF4222EFFF8242EF2
S21419DF40FFFC20802141000421420008609A42AE5D
S21419DF50FFF842AEFFFC202EFFF4222EFFF8242EE7
S21419DF60FFFC208021410004214200082008241FBC
S21419DF70261F4E5E4E754E56FFF448E73C002D6E32
S21419DF800008FFF42D6E000CFFF82D6E0010FFFC34
S21419DF90202EFFF42600028380000000220008814C
S21419DFA0001F4A81665A222EFFF8242EFFFC4A814A
S21419DFB066064A826700009A484048C002800000F8
S21419DFC07FFF0680FFFFC4000C80000007FE6E501E
S21419DFD0E9484840424080832601780BE8AB028323
S21419DFE0000FFFFFEB4948414241E8AA2A008A83FD
S21419DFF028018882200522044CDF003C4E5E4E75AF
S21419E000222EFFF8242EFFFC484048C0028000004C
S21419E0107FFF0680FFFFC4000C80000007FE6FB06C
S21419E020203C000007FEE94848404240808326010C
S21419E030780BE8AB0283000FFFFFEB4948414241DA
S21419E040E8AA2A008A83280188822005220460A863
S21419E05091C8200322084CDF003C4E5E4E754E5682
S21419E060FFF42F0A2F0224482F2E00084EB9001944
S21419E070DB5C2F012F0041EEFFF44EBAFDE4202E93
S21419E080FFF4222EFFF8242EFFFC248025410004DD
S21419E09025420008200A242EFFEC246EFFF04E5E5F
S21419E0A04E754E5600002F2E00102F2E000C2F2EB8
S21419E0B000084EBAFEC24FEF000C2D4000082D4145
S21419E0C0000C4E5E4EF90019DBD84E56FFF42F0A97
S21419E0D02F0224482F2E00084EB90019DA5E2F0198
S21419E0E02F0041EEFFF44EBAFD78508F202EFFF424
S21419E0F0222EFFF8242EFFFC2480254100042542F9
S21419E1000008200A242EFFEC246EFFF04E5E4E7592
S21419E1104E56FFF42F0A2F0224482F2E00084EB908
S21419E1200019D9F22F012F0041EEFFF44EBAFD3235
S21419E130508F202EFFF4222EFFF8242EFFFC248069
S21419E1402541000425420008200A242EFFEC246EDF
S21419E150FFF04E5E4E754E5600002F2E00102F2ED5
S21419E160000C2F2E00084EBAFE0E4FEF000C2D4055
S21419E17000082D41000C4E5E4EF90019DD2A4E5648
S21419E180FFF448E73030244847FAFDEC2F2E0010EC
S21419E1902F2E000C2F2E00084E93240026012EAE8B
S21419E1A000142F6E001800042F6E001C00084E93E2
S21419E1B0508F2E812F002F032F024EB90019C344FA
S21419E1C04FEF000C2E812F0041EEFFF44EBAFC9251
S21419E1D0508F202EFFF4222EFFF8242EFFFC2480C9
S21419E1E02541000425420008200A4CEE0C0CFFE4D9
S21419E1F04E5E4E754E56FFF448E73030244847FABF
S21419E200FD762F2E00102F2E000C2F2E00084E9361
S21419E210240026012EAE00142F6E001800042F6E4F
S21419E220001C00084E93508F2E812F002F032F02AB
S21419E2304EB90019C33E4FEF000C2E812F0041EE48
S21419E240FFF44EBAFC1C508F202EFFF4222EFFF836
S21419E250242EFFFC24802541000425420008200AAC
S21419E2604CEE0C0CFFE44E5E4E754E56FFF448E726
S21419E2703030244847FAFD002F2E00102F2E000CA0
S21419E2802F2E00084E93240026012EAE00142F6E52
S21419E290001800042F6E001C00084E93508F2E8114
S21419E2A02F002F032F024EB90019C6DA4FEF000CB4
S21419E2B02E812F0041EEFFF44EBAFBA6508F202E6A
S21419E2C0FFF4222EFFF8242EFFFC2480254100049B
S21419E2D025420008200A4CEE0C0CFFE44E5E4E75E3
S21419E2E04E56FFF448E73030244847FAFC8A2F2E5A
S21419E2F000102F2E000C2F2E00084E9324002601F6
S21419E3002EAE00142F6E001800042F6E001C000885
S21419E3104E93508F2E812F002F032F024EB90019BE
S21419E320C8884FEF000C2E812F0041EEFFF44EBA2D
S21419E330FB30508F202EFFF4222EFFF8242EFFFCE0
S21419E34024802541000425420008200A4CEE0C0CB6
S21419E350FFE44E5E4E754E56FFF42F0A2F022448E0
S21419E3602F2E00102F2E000C2F2E00084EBAFC0848
S21419E3704FEF000C2040D1FC800000002F012F0821
S21419E38041EEFFF44EBAFADA508F202EFFF4222E01
S21419E390FFF8242EFFFC248025410004254200089E
S21419E3A0200A242EFFEC246EFFF04E5E4E754E5654
S21419E3B0000048E71C20262E0008282E000C2A2EBE
S21419E3C0001045FAFBB22F2E001C2F2E00182F2EE8
S21419E3D000144E922D4000102D4100142E832F4408
S21419E3E000042F4500084E924FEF000C2D400008F0
S21419E3F02D41000C4CEE0438FFF04E5E4EF9001914
S21419E400CC2A4E56000048E71C20262E0008282E37
S21419E410000C2A2E001045FAFB5E2F2E001C2F2EFC
S21419E42000182F2E00144E922D4000102D41001466
S21419E4302E832F4400042F4500084E924FEF000CF0
S21419E4402D4000082D41000C4CEE0438FFF04E5EAE
S21419E4504EF90019CC2A4E56000048E71C20262EE5
S21419E4600008282E000C2A2E001045FAFB0A2F2E1B
S21419E470001C2F2E00182F2E00144E922D4000101F
S21419E4802D4100142E832F4400042F4500084E9268
S21419E4904FEF000C2D4000082D41000C4CEE0438AF
S21419E4A0FFF04E5E4EF90019CC2A4E56000048E78A
S21419E4B01C20262E0008282E000C2A2E001045FA9D
S21419E4C0FAB62F2E001C2F2E00182F2E00144E923F
S21419E4D02D4000102D4100142E832F4400042F4583
S21419E4E000084E924FEF000C2D4000082D41000CED
S21419E4F04CEE0438FFF04E5E4EF90019CC2A4E56F3
S21419E500000048E71C20262E0008282E000C2A2E6C
S21419E510001045FAFA622F2E001C2F2E00182F2EE7
S21419E52000144E922D4000102D4100142E832F44B6
S21419E53000042F4500084E924FEF000C2D4000089E
S21419E5402D41000C4CEE0438FFF04E5E4EF90019C2
S21419E550CC2A4E56000048E71C20262E0008282EE6
S21419E560000C2A2E001045FAFA0E2F2E001C2F2EFC
S21419E57000182F2E00144E922D4000102D41001415
S21419E5802E832F4400042F4500084E924FEF000C9F
S21419E5902D4000082D41000C4CEE0438FFF04E5E5D
S21419E5A04EF90019CC2A4E56000048E71C20262E94
S21419E5B00008282E000C2A2E001045FAF9BA2F2E1C
S21419E5C0001C2F2E00182F2E00144E922D400010CE
S21419E5D02D4100142E832F4400042F4500084E9217
S21419E5E04FEF000C2D4000082D41000C4CEE04385E
S21019E5F0FFF04E5E4EF90019CC2A000010
S21419E5FC5B3F3F3F5D006C732025730A0020202576
S21419E60C7325730A004361746368657220696E69B1
S21419E61C742E2E2E0053595363616C6C20696E69D7
S21419E62C742E2E2E00446F6E6520696E69742E2E0C
S21419E63C2E00434620696E69742E2E2E00696E695B
S21419E64C74002F6465762F63666100646576207294
S21419E65C6567004D6F756E74002F006D6F756E744F
S21419E66C0050726573732027782720746F20726593
S21419E67C63657665206E6577202F7379732F6B65B6
S21419E68C726E656C2E7379730A507265737320618A
S21419E69C6E79206F74686572206B657920746F209B
S21419E6AC636F6E74696E7565005265636576696E0F
S21419E6BC67202F7379732F6B65726E656C2E737951
S21419E6CC73206F76657220786D6F64656D002F7385
S21419E6DC79732F6B65726E656C2E737973002F7345
S21419E6EC797300466F70656E004B65726E656C209B
S21419E6FC73697A6520256C750A004C61756E6368AA
S21419E70C696E67206B65726E656C20617320626921
S21419E71C6E2E2E2E00544D503A2025702C206F66D6
S21419E72C663A20257020776F726B3A2025700A008E
S21419E73C5265616420256C75206F6620256C750AE8
S21419E74C004672656164004C6F6164656420256CC3
S21419E75C752062797465730A004572726F72206C33
S21419E76C6F6164696E67206B65726E656C3A2025ED
S21419E77C6C780A004C61756E6368696E67206B65F8
S21419E78C726E656C20617320656C662E2E2E006D6C
S21419E79C616473612025700A005B756E6B5D2000D1
S21419E7AC5B66696C5D20005B6469725D20005B6357
S21419E7BC68615D20005B626C6B5D20005B66696648
S21419E7CC5D20005B736F635D20005B73796D5D2054
S21419E7DC00504154483D2F62696E004D59564152AE
S21419E7EC3D6D7976616C756500000019E7A5001901
S21419E7FCE7AC0019E7B30019E7BA0019E7C1001915
S21419E80CE7C80019E7CF0019E7D677005072657379
S21419E81C7320616E79206B6579202E2E2E00457229
S21419E82C726F72206E6F20726573706F6E736500DF
S21419E83C4572726F7220626C6F636B20230045727F
S21419E84C726F7220626C6F636B206E756D20636FBE
S21419E85C6D706C656D656E74004572726F72206999
S21419E86C6E636F72656374206368656B73756D0080
S21419E87C54696D656F757400536176696E6720748B
S21419E88C6F2066696C65005472616E7366657220CA
S21419E89C636F6D706C6574650A256420627974658E
S21419E8AC730A0050726F746F636F6C206572726F97
S21419E8BC72002E2E2F7372632F66732F657874342D
S21419E8CC5F6469722E6300617373657274696F6E17
S21419E8DC206661696C65643A0A66696C653A202526
S21419E8EC730A6C696E653A2025640A006578743467
S21419E8FC5F6469723A20002573006C3A20256420EF
S21419E90C2020005B7761726E5D20204C6561662055
S21419E91C626C6F636B20636865636B73756D2066C9
S21419E92C61696C65642E496E6F64653A20256C7541
S21419E93C2C20426C6F636B3A20256C750A0048457F
S21419E94C52453F203400496E76616C6964206472B6
S21419E95C697665207265616400496E76616C6964C6
S21419E96C20647269766520777269746500657874A7
S21419E97C345F6469725F6964783A20005B776172F8
S21419E98C6E5D2020485472656520636865636B73E9
S21419E99C756D206661696C65642E496E6F64653A8F
S21419E9AC20256C752C20426C6F636B3A20256C7580
S21419E9BC0A005B7761726E5D20204854726565207B
S21419E9CC726F6F7420636865636B73756D206661FF
S21419E9DC696C65642E496E6F64653A20256C752CC6
S21419E9EC20426C6F636B3A20256C750A005B776155
S21419E9FC726E5D20204854726565206C65616620C0
S21419EA0C626C6F636B20636865636B73756D2066D8
S21419EA1C61696C65642E496E6F64653A20256C7550
S21419EA2C2C20426C6F636B3A20256C750A0049448E
S21419EA3C45206572726F7220737461742025640A8E
S21419EA4C0049444520726561642074696D656F755B
S21419EA5C74206F72206572726F7200494445207764
S21419EA6C726974652074696D656F7574206F722080
S21419EA7C6572726F722025640A00486572653F20AC
S21419EA8C313400484552453F2031300072620077C8
S21419EA9C6200616200722B0072622B00722B62008C
S21419EAAC772B0077622B00772B6200612B00616243
S21419EABC2B00612B6200486572653F203133002E9E
S21419EACC2E2F7372632F66732F657874342E63002A
S21419EADC484552453F203900484552453F2031316B
S21419EAEC00486572653F20313700486572653F20CE
S21419EAFC313800486572653F2031390048657265B2
S21419EB0C3F203230000000000000F26B8303E13B1B
S21419EB1C70F71350F3F4C79A971F35F1141C26A1E6
S21419EB2CE7E8D4CA64EB8AD958CF78B2DBCC6BE257
S21419EB3C28389989AB3B4D43CFD0BF284CD3AC78EA
S21419EB4CBF275E133C24105EC76FE235446CF16523
S21419EB5CB798030E349BD7C4507025AFD37336FFB2
S21419EB6C2087C494A3849A879FA068EC1CA37BBCAB
S21419EB7CEF5789D76C545D1D08BFAF768BBCBC2676
S21419EB8C78484E4DFB4B20BD8EDED2D60DDDC18698
S21419EB9CFE2933ED7D2AE72719C1154C9AC2061C96
S21419EBAC6936F477EA35AA64D611580F55124B5FA5
S21419EBBCA6E6B93425E56DFE410E9F95C20D8CC59A
S21419EBCC31F97EAEB2FA30E349B1C288CAB2D1D89D
S21419EBDC394623B3BA45F779DEAE05125DAD164242
S21419EBECAE59E4292D5ABA3A117E4851927D5B01D9
S21419EBFC6189A96AE28A7DA086618FCB05629C9B86
S21419EC0CF6966EF07595417B1DBCB3109EBFA04051
S21419EC1C6D4B522BEE4886E18AA3748A09A067DAE3
S21419EC2CFA5495B17957CBA2457339C9C6702A9936
S21419EC3C3584D8F2B6870C38D26CFE53516FED0367
S21419EC4CA29B1F6821985125DAD3A34E59D0B01E12
S21419EC5CAA244275292796BF4DCC64D4CECF778477
S21419EC6C3D3B85EFBE38DBFC821C2997011F3AC742
S21419EC7CF2EBC8AC71E81C661503EE0D9600FD5D3B
S21419EC8C65F40F36E6F761C6936293AD106180FD95
S21419EC9CE39572966096A65C047D5437877E476713
S21419ECAC748AB50CF789EB1FCBAD197448AE0A24C8
S21419ECBCBB5AF84F38592C855CB2DEEEDFB1CDBE97
S21419ECCC2C453FD5AF467198540D83F3D70E90A3A8
S21419ECDC24FA62C8A7F9B602C31244694011573907
S21419ECECB3E5A55230E6FB410CC2092A8FC11A7A34
S21419ECFC7C35E811FF363CDB9BDDCEB018DEDDE04B
S21419ED0CEB2A2F8B682982F63B78709DB87B63CDDE
S21419ED1C4B8F91A6C88C456CAC67B7072F64A45754
S21419ED2CDC90563C5F93082F63B7FA44E0B4E914A9
S21419ED3C13401B7F9043CFB5F4A83DDE77AB2E8ED0
S21419ED4C845FDCE5075C92A8FC1760C37F14739389
S21419ED5C8CE081F80FE355326B08A759E80BB40908
S21419ED6C1BFF466298FC1871A4D8EA1A27DBF94AD5
S21419ED7CD42F0B21572CDFEB33C72D80B0C43ED0C4
S21419ED8C4330CCBBC033A24BB5A6502036A5437026
S21419ED9CC551B11B465265D122B997BAA1BA84EAA4
S21419EDAC524E7681D14D2892ED69DAF96E6AC9A957
S21419EDBC9D9E3BC21E9DEF087A761D63F9750E3320
S21419EDCC0A81FC588982B21572C9407EF1CA532E33
S21419EDDC023EA145813D758FE5D687E466D594B478
S21419EDEC952166DF162238CC2A06CAA7A905D9F7A3
S21419EDFC5AF12B9CD9F2FF56BD190D3D3E1A1E6DB4
S21419EE0CCDEEEC064EEDC38D26C431E6A5C722B65B
S21419EE1C5633D0DDD5300417B1DBF67C32D8E52C59
S21419EE2CC12C1747422F49547E0BBB3FFD08A86FC0
S21419EE3C0EFC5A048DFF8ECEE9147CA56A176FF555
S21419EE4C99E39D9E1AE0D3D3E1AB21B862A832E8B8
S21419EE5C915CC083125F144976B4E622F5B7F57245
S21419EE6C064307198540590AB964AB613A67B83134
S21419EE7CC9934A5A4A909E902E7B6CFBAD787FAB01
S21419EE8C5E8C8DC0DD8FE330A81A115B2B19020B23
S21419EE9CD8EDF0605BEE24AA3F05D6C1BC06C59129
S21419EEAC4FF237FACCF169E9F0D59B8273D688D232
S21419EEBC80227AB90321AE7367CA5C18E4C94F4825
S21419EECC173DBD23943EF36E6F750105EC761255FE
S21419EEDC1F82E03E9C8134F4F86AC69F7B69D5CFB5
S21419EEEC889D27A40B9E79B737BA8BDCB4B9988C46
S21419EEFC474D6AE7C44EBE2DA0A54C4623A65F16F1
S21419EF0CD052AD7D53510000000077073096EE0EA7
S21419EF1C612C990951BA076DC419706AF48FE96393
S21419EF2CA5359E6495A30EDB883279DCB8A4E0D59A
S21419EF3CE91E97D2D98809B64C2B7EB17CBDE7B899
S21419EF4C2D0790BF1D911DB710646AB020F2F3B946
S21419EF5C714884BE41DE1ADAD47D6DDDE4EBF4D447
S21419EF6CB55183D385C7136C9856646BA8C0FD62CC
S21419EF7CF97A8A65C9EC14015C4F63066CD9FA0FD9
S21419EF8C3D638D080DF53B6E20C84C69105ED56037
S21419EF9C41E4A26771723C03E4D14B04D447D20DF9
S21419EFAC85FDA50AB56B35B5A8FA42B2986CDBBBCC
S21419EFBCC9D6ACBCF94032D86CE345DF5C75DCD6E7
S21419EFCC0DCFABD13D5926D930AC51DE003AC8D746
S21419EFDC5180BFD0611621B4F4B556B3C423CFBA39
S21419EFEC9599B8BDA50F2802B89E5F058808C60C5A
S21419EFFCD9B2B10BE9242F6F7C8758684C11C161B3
S21419F00C1DABB6662D3D76DC419001DB710698D2A8
S21419F01C20BCEFD5102A71B1858906B6B51F9FBFCE
S21419F02CE4A5E8B8D4337807C9A20F00F9349609C1
S21419F03CA88EE10E98187F6A0DBB086D3D2D91644C
S21419F04C6C97E6635C016B6B51F41C6C616285659D
S21419F05C30D8F262004E6C0695ED1B01A57B820822
S21419F06CF4C1F50FC45765B0D9C612B7E9508BBEA3
S21419F07CB8EAFCB9887C62DD1DDF15DA2D498CD30C
S21419F08C7CF3FBD44C654DB261583AB551CEA3BC42
S21419F09C0074D4BB30E24ADFA5413DD895D7A4D12C
S21419F0ACC46DD3D6F4FB4369E96A346ED9FCAD67E3
S21419F0BC8846DA60B8D044042D7333031DE5AA0AC2
S21419F0CC4C5FDD0D7CC95005713C270241AABE0B5D
S21419F0DC1010C90C20865768B525206F85B3B966EC
S21419F0ECD409CE61E49F5EDEF90E29D9C998B0D041
S21419F0FC9822C7D7A8B459B33D172EB40D81B7BDEE
S21419F10C5C3BC0BA6CADEDB883209ABFB3B603B6E8
S21419F11CE20C74B1D29AEAD547399DD277AF04DB93
S21419F12C261573DC1683E3630B1294643B840D6DFE
S21419F13C6A3E7A6A5AA8E40ECF0B9309FF9D0A0009
S21419F14CAE277D079EB1F00F93448708A3D21E01F4
S21419F15CF2686906C2FEF762575D806567CB196C53
S21419F16C36716E6B06E7FED41B7689D32BE010DA54
S21419F17C7A5A67DD4ACCF9B9DF6F8EBEEFF917B735
S21419F18CBE4360B08ED5D6D6A3E8A1D1937E38D817
S21419F19CC2C44FDFF252D1BB67F1A6BC57673FB555
S21419F1AC06DD48B2364BD80D2BDAAF0A1B4C360394
S21419F1BC4AF641047A60DF60EFC3A867DF55316EF3
S21419F1CC8EEF4669BE79CB61B38CBC66831A256FF4
S21419F1DCD2A05268E236CC0C7795BB0B47032202A9
S21419F1EC16B95505262FC5BA3BBEB2BD0B282BB47E
S21419F1FC5A925CB36A04C2D7FFA7B5D0CF312CD9B3
S21419F20C9E8B5BDEAE1D9B64C2B0EC63F226756AF0
S21419F21CA39C026D930A9C0906A9EB0E363F72073E
S21419F22C67850500571395BF4A82E2B87A147BB1E5
S21419F23C2BAE0CB61B3892D28E9BE5D5BE0D7CDC4C
S21419F24CEFB70BDBDF2186D3D2D4F1D4E24268DDDB
S21419F25CB3F81FDA836E81BE16CDF6B9265B6FB07E
S21419F26C77E118B7477788085AE6FF0F6A7066066B
S21419F27C3BCA11010B5C8F659EFFF862AE69616B18
S21419F28CFFD3166CCF45A00AE278D70DD2EE4E04F2
S21419F29C83543903B3C2A7672661D06016F7496938
S21419F2AC474D3E6E77DBAED16A4AD9D65ADC40DF6B
S21419F2BC0B6637D83BF0A9BCAE53DEBB9EC547B21E
S21419F2CCCF7F30B5FFE9BDBDF21CCABAC28A53B39B
S21419F2DC933024B4A3A6BAD03605CDD7069354DEEC
S21419F2EC572923D967BFB3667A2EC4614AB85D68A5
S21419F2FC1B022A6F2B94B40BBE37C30C8EA15A055E
S21419F30CDF1B2D02EF8D484552453F203700657897
S21419F31C74345F69616C6C6F633A20005B77617249
S21419F32C6E5D20204269746D617020636865636B2D
S21419F33C73756D206661696C65642E47726F75708E
S21419F34C3A20256C750A002530386C582020002573
S21419F35C303258200020202000207C007C00657854
S21419F36C74345F62616C6C6F633A20005B77617200
S21419F37C6E5D2020464C45585F42473A20646973A7
S21419F38C61626C656420262062675F6C6173743ADF
S21419F39C20256C752062675F66697273743A20252E
S21419F3AC6C750A002E2E2F7372632F66732F657861
S21419F3BC74345F62616C6C6F632E63002E2E2F7320
S21419F3CC72632F66732F657874345F626C6F636B18
S21419F3DC6465762E6300484552453F2033004845F0
S21419F3EC52453F2032000000C0C1C1810140C30103
S21419F3FC03C00280C241C60106C00780C74105007A
S21419F40CC5C1C4810440CC010CC00D80CD410F0080
S21419F41CCFC1CE810E400A00CAC1CB810B40C9019F
S21419F42C09C00880C841D80118C01980D9411B00D9
S21419F43CDBC1DA811A401E00DEC1DF811F40DD01F7
S21419F44C1DC01C80DC411400D4C1D5811540D701D0
S21419F45C17C01680D641D20112C01380D3411100A1
S21419F46CD1C1D0811040F00130C03180F141330048
S21419F47CF3C1F28132403600F6C1F7813740F501F7
S21419F48C35C03480F4413C00FCC1FD813D40FF0180
S21419F49C3FC03E80FE41FA013AC03B80FB41390021
S21419F4ACF9C1F88138402800E8C1E9812940EB01F7
S21419F4BC2BC02A80EA41EE012EC02F80EF412D0079
S21419F4CCEDC1EC812C40E40124C02580E5412700D0
S21419F4DCE7C1E68126402200E2C1E3812340E1011F
S21419F4EC21C02080E041A00160C06180A141630069
S21419F4FCA3C1A28162406600A6C1A7816740A50177
S21419F50C65C06480A4416C00ACC1AD816D40AF017F
S21419F51C6FC06E80AE41AA016AC06B80AB416900A0
S21419F52CA9C1A88168407800B8C1B9817940BB01D6
S21419F53C7BC07A80BA41BE017EC07F80BF417D00F8
S21419F54CBDC1BC817C40B40174C07580B5417700CF
S21419F55CB7C1B68176407200B2C1B3817340B1019E
S21419F56C71C07080B041500090C191815140930187
S21419F57C53C052809241960156C0578097415500F8
S21419F58C95C1948154409C015CC05D809D415F007F
S21419F59C9FC19E815E405A009AC19B815B4099011E
S21419F5AC59C058809841880148C0498089414B00F8
S21419F5BC8BC18A814A404E008EC18F814F408D0176
S21419F5CC4DC04C808C41440084C1858145408701CF
S21419F5DC47C046808641820142C043808341410020
S21419F5EC81C18081404041646420626C6F636B20DA
S21419F5FC256C6C7520746F207265766F6B6520742C
S21419F60C7265650A002E2E2F7372632F66732F651B
S21419F61C7874345F6A6F75726E616C2E6300486508
S21419F62C72653F20333100486572653F20333200CE
S21419F63C486572653F20333300657874345F66739A
S21419F64C3A2000636F6D7072657373696F6E00661E
S21419F65C696C6574797065007265636F766572008E
S21419F66C6A6F75726E616C5F646576006D65746130
S21419F67C5F626700657874656E74730036346269F8
S21419F68C74006D6E7000666C65785F6267006561F4
S21419F69C5F696E6F64650064697264617461006D8C
S21419F6AC6574615F6373756D006C61726765646907
S21419F6BC7200696E6C696E655F6461746100737053
S21419F6CC617273655F7375706572006C61726765CC
S21419F6DC5F66696C650062747265655F6469720051
S21419F6EC687567655F66696C65006774645F6373D4
S21419F6FC756D006469725F6E6C696E6B00657874F3
S21419F70C72615F6973697A650071756F74610062ED
S21419F71C6967616C6C6F63006D65746164617461A3
S21419F72C5F6373756D002E2E2F7372632F66732F8E
S21419F73C657874345F66732E63005B696E666F5DED
S21419F74C202073626C6F636B2066656174757265C5
S21419F75C735F696E636F6D70617469626C653A007C
S21419F76C5B696E666F5D202073626C6F636B2066C7
S21419F77C656174757265735F636F6D7061746962B8
S21419F78C6C653A006469725F707265616C6C6F6354
S21419F79C00696D616769635F696E6F64657300688C
S21419F7AC61735F6A6F75726E616C006578745F61F0
S21419F7BC74747200726573697A655F696E6F6465C5
S21419F7CC006469725F696E646578005B696E666F52
S21419F7DC5D202073626C6F636B206665617475723D
S21419F7EC65735F726561645F6F6E6C793A005B6501
S21419F7FC72726F725D2073626C6F636B20686173C3
S21419F80C20756E737570706F727465642066656199
S21419F81C747572657320696E636F6D706174696245
S21419F82C6C653A005B7761726E5D202073626C6F43
S21419F83C636B2068617320756E737570706F727454
S21419F84C656420666561747572657320726561648A
S21419F85C206F6E6C793A005B7761726E5D20206C46
S21419F86C61737420756D6F756E74206572726F7214
S21419F87C3A207375706572626C6F636B2066735F72
S21419F88C6572726F7220666C6167005B7761726E57
S21419F89C5D2020426C6F636B2067726F75702064E5
S21419F8AC657363726970746F7220636865636B73C2
S21419F8BC756D206661696C65642E426C6F636B207E
S21419F8CC67726F757020696E6465783A20256C7549
S21419F8DC0A005B7761726E5D2020496E6F64652035
S21419F8EC636865636B73756D206661696C65642EE8
S21419F8FC496E6F64653A20256C750A004845524561
S21419F90C3F203500484552453F20360080004000C0
S21419F91C200060001000C000A0007F454C46002E49
S21419F92C2E2F7372632F66732F657874345F626328
S21419F93C616368652E6300657874345F626361630E
S21419F94C68653A20005B7761726E5D202042756699
S21419F95C666572206973207374696C6C207265669F
S21419F96C6572656E6365642E206C62613A20256C2F
S21419F97C6C752C207265666374723A20256C750A40
S21419F98C00657874345F657874656E743A2000492E
S21419F99C44583A2046726565696E6720256C752041
S21419F9AC617420256C6C752C2025640A00696E769A
S21419F9BC616C6964206D6167696300756E65787032
S21419F9CC65637465642065685F646570746800693E
S21419F9DC6E76616C69642065685F6D617800696E16
S21419F9EC76616C69642065685F656E747269657397
S21419F9FC005B7761726E5D2020457874656E742095
S21419FA0C626C6F636B20636865636B73756D2066C8
S21419FA1C61696C65642E426C6F636B6E723A202545
S21419FA2C6C6C750A0042616420657874656E747323
S21419FA3C20422B207472656520626C6F636B3A20BA
S21419FA4C25732E20426C6F636B6E723A20256C6C84
S21419FA5C640A002E2E2F7372632F66732F657874B3
S21419FA6C345F657874656E742E63004672656569C5
S21419FA7C6E6720256C7520617420256C6C752C208E
S21419FA8C256C750A000A50726F6772616D2065785D
S21419FA9C69746564207769746820636F64653A20A5
S21419FAAC003B00546F6F206D616E79206F70656E18
S21419FABC2066696C657321004E6F20464420696E6A
S21419FACC207461626C6500576965726420535444DE
S21419FADC2073747265616D3F0004020601050307F5
S21419FAEC00000000000000000000000000000000EC
S21419FAFC00000000000000000000000000000000DC
S21419FB0C00000000000000000000000000000000CB
S21419FB1C00000000080C0A0E090D0B0F0004020653
S21419FB2C0105030707070707070707070707070747
S21419FB3C070707070707070707070707070707072B
S21419FB4C070707070707070707070707070707071B
S21419FB5C0707070707070707080C0A0E090D0B0FE7
S21419FB6C0020202020202020202028282828282063
S21419FB7C202020202020202020202020202020205B
S21419FB8C20881010101010101010101010101010C3
S21419FB9C10040404040404040404041010101010B3
S21419FBAC101041414141414101010101010101017D
S21419FBBC01010101010101010101010110101010CF
S21419FBCC101042424242424202020202020202024F
S21419FBDC02020202020202020202020210101010A3
S21419FBEC20000000000000000000000000000000CB
S21419FBFC00000000000000000000000000000000DB
S21419FC0C00000000000000000000000000000000CA
S21419FC1C00000000000000000000000000000000BA
S21419FC2C00000000000000000000000000000000AA
S21419FC3C000000000000000000000000000000009A
S21419FC4C000000000000000000000000000000008A
S21419FC5C000000000000000000000000000000007A
S21419FC6C0053756363657373004E6F74206F776EEC
S21419FC7C6572004E6F20737563682066696C652013
S21419FC8C6F72206469726563746F7279004E6F2097
S21419FC9C737563682070726F6365737300496E743D
S21419FCAC65727275707465642073797374656D20DA
S21419FCBC63616C6C00492F4F206572726F72004E1F
S21419FCCC6F207375636820646576696365206F7237
S21419FCDC206164647265737300417267206C697372
S21419FCEC7420746F6F206C6F6E670045786563208F
S21419FCFC666F726D6174206572726F7200536F63E2
S21419FD0C6B657420616C726561647920636F6E6EB5
S21419FD1C6563746564004261642066696C65206E5F
S21419FD2C756D626572004E6F206368696C647265D6
S21419FD3C6E0044657374696E6174696F6E206164C4
S21419FD4C6472657373207265717569726564004E99
S21419FD5C6F206D6F72652070726F63657373657340
S21419FD6C004E6F7420656E6F7567682073706163CB
S21419FD7C65005065726D697373696F6E2064656E74
S21419FD8C696564004261642061646472657373000A
S21419FD9C446576696365206F72207265736F757228
S21419FDAC636520627573790046696C652065786998
S21419FDBC7374730043726F73732D64657669636518
S21419FDCC206C696E6B004E6F2073756368206465C2
S21419FDDC76696365004E6F74206120646972656379
S21419FDEC746F727900486F737420697320646F7717
S21419FDFC6E00436F6E6E656374696F6E20616C72FC
S21419FE0C6561647920696E2070726F677265737399
S21419FE1C0049732061206469726563746F72790086
S21419FE2C496E76616C696420617267756D656E745E
S21419FE3C004E6574776F726B20696E7465726661A5
S21419FE4C6365206973206E6F7420636F6E666967BD
S21419FE5C7572656400436F6E6E656374696F6E2098
S21419FE6C61626F72746564206279206E6574776F3F
S21419FE7C726B00546F6F206D616E79206F70656EA2
S21419FE8C2066696C657320696E2073797374656D59
S21419FE9C0046696C652064657363726970746F7259
S21419FEAC2076616C756520746F6F206C617267654E
S21419FEBC004E6F7420612063686172616374657299
S21419FECC2064657669636500546578742066696C78
S21419FEDC6520627573790046696C6520746F6F209E
S21419FEEC6C6172676500486F737420697320756E40
S21419FEFC726561636861626C65004E6F2073706120
S21419FF0C6365206C656674206F6E2064657669630C
S21419FF1C65004E6F7420737570706F72746564001B
S21419FF2C496C6C6567616C207365656B005265610D
S21419FF3C642D6F6E6C792066696C65207379737491
S21419FF4C656D00546F6F206D616E79206C696E6BE0
S21419FF5C730042726F6B656E2070697065004D6127
S21419FF6C7468656D617469637320617267756D6504
S21419FF7C6E74206F7574206F6620646F6D61696E70
S21419FF8C206F662066756E6374696F6E00526573A2
S21419FF9C756C7420746F6F206C61726765004E6F88
S21419FFAC206D657373616765206F66206465736968
S21419FFBC7265642074797065004964656E74696637
S21419FFCC6965722072656D6F76656400496C6C652F
S21419FFDC67616C20627974652073657175656E63DB
S21419FFEC6500446561646C6F636B004E6574776F5E
S21419FFFC726B20697320756E726561636861626CC9
S2141A000C65004E6F206C6F636B004E6F7420612008
S2141A001C73747265616D0053747265616D20696FC5
S2141A002C63746C2074696D656F7574004E6F2073EB
S2141A003C747265616D207265736F75726365730081
S2141A004C5669727475616C2063697263756974206B
S2141A005C697320676F6E6500556E6B6E6F776E20C0
S2141A006C70726F746F636F6C004D756C7469686F11
S2141A007C7020617474656D707465640042616420D6
S2141A008C6D6573736167650046756E6374696F6E1A
S2141A009C206E6F7420696D706C656D656E74656410
S2141A00AC004469726563746F7279206E6F7420657A
S2141A00BC6D7074790046696C65206F722070617465
S2141A00CC68206E616D6520746F6F206C6F6E67009A
S2141A00DC546F6F206D616E792073796D626F6C69CF
S2141A00EC63206C696E6B73004E6F2062756666655C
S2141A00FC7220737061636520617661696C61626CDB
S2141A010C65004E6F20646174610041646472657395
S2141A011C732066616D696C79206E6F7420737570B6
S2141A012C706F727465642062792070726F746F6364
S2141A013C6F6C2066616D696C790050726F746F63A0
S2141A014C6F6C2077726F6E67207479706520666F85
S2141A015C7220736F636B657400536F636B657420D0
S2141A016C6F7065726174696F6E206F6E206E6F6E2B
S2141A017C2D736F636B65740050726F746F636F6C4C
S2141A018C206E6F7420617661696C61626C650043CF
S2141A019C6F6E6E656374696F6E20726566757365BD
S2141A01AC6400436F6E6E656374696F6E2072657346
S2141A01BC6574206279207065657200416464726594
S2141A01CC737320616C726561647920696E2075731D
S2141A01DC650041646472657373206E6F7420617661
S2141A01EC61696C61626C6500536F667477617265CF
S2141A01FC2063617573656420636F6E6E65637469CC
S2141A020C6F6E2061626F727400536F636B65742025
S2141A021C6973206E6F7420636F6E6E656374656493
S2141A022C00536F636B657420697320616C72656119
S2141A023C647920636F6E6E6563746564004F7065BF
S2141A024C726174696F6E2063616E63656C656400A7
S2141A025C5374617465206E6F74207265636F76655D
S2141A026C7261626C650050726576696F7573206F71
S2141A027C776E65722064696564004F706572617476
S2141A028C696F6E206E6F7420737570706F727465EA
S2141A029C64206F6E20736F636B65740056616C7591
S2141A02AC6520746F6F206C6172676520666F72209A
S2141A02BC646566696E65642064617461207479700D
S2141A02CC65004D65737361676520746F6F206C6F6C
S2141A02DC6E6700436F6E6E656374696F6E20746911
S2141A02EC6D6564206F757400494E4600696E66001B
S2141A02FC4E414E006E616E0030313233343536371D
S2141A030C3839414243444546003031323334353657
S2141A031C37383961626364656600286E756C6C29A9
S2141A032C00303030303030303030303030303030D2
S2141A033C3020202020202020202020202020202082
S2141A034C20496E66696E697479004E614E00426178
S2141A035C6C6C6F6320737563636565646564002ED5
S2141A036C2E2F2E2E2F2E2E2F737263772F6E6577B7
S2141A037C6C69622F6C6962632F7374646C69622F72
S2141A038C64746F612E63002E2E2F2E2E2F2E2E2F68
S2141A039C737263772F6E65776C69622F6C696263FA
S2141A03AC2F7374646C69622F6D707265632E63009A
S2141A03BC00000005000000190000007D4341C379B7
S2141A03CC37E080004693B8B5B5056E174D384F030F
S2141A03DCE93FF9F55A827748F9301D3275154FDD13
S2141A03EC7F73BF3C3FF00000000000004024000062
S2141A03FC000000004059000000000000408F40002A
S2141A040C0000000040C388000000000040F86A0094
S2141A041C00000000412E848000000000416312D0B8
S2141A042C000000004197D7840000000041CDCD652E
S2141A043C000000004202A05F2000000042374876F7
S2141A044CE8000000426D1A94A200000042A2309CEA
S2141A045CE540000042D6BCC41E900000430C6BF557
S2141A046C263400004341C37937E08000437634576C
S2141A047C85D8A00043ABC16D674EC80043E158E45B
S2141A048C60913D004415AF1D78B58C40444B1AE468
S2141A049CD6E2EF504480F0CF064DD59244B52D02D5
S2141A04ACC7E14AF644EA784379D99DB44300504FCB
S2141A04BC534958002C2066756E6374696F6E3A2011
S2141A04CC00617373657274696F6E2022257322200D
S2141A04DC6661696C65643A2066696C6520222573B8
S2141A04EC222C206C696E65202564257325730A00E8
S2141A04FC30303030303030303030303030303030D1
S2141A050C20202020202020202020202020202020C0
S2141A051C000102020303030304040404040404047F
S2141A052C0505050505050505050505050505050550
S2141A053C0606060606060606060606060606060630
S2141A054C0606060606060606060606060606060620
S2141A055C0707070707070707070707070707070700
S2141A056C07070707070707070707070707070707F0
S2141A057C07070707070707070707070707070707E0
S2141A058C07070707070707070707070707070707D0
S2141A059C08080808080808080808080808080808B0
S2141A05AC08080808080808080808080808080808A0
S2141A05BC0808080808080808080808080808080890
S2141A05CC0808080808080808080808080808080880
S2141A05DC0808080808080808080808080808080870
S2141A05EC0808080808080808080808080808080860
S2141A05FC0808080808080808080808080808080850
S2141A060C080808080808080808080808080808083F
S2141A061C000000000000000001000019E7DD0019B8
S2141A062CE7E700000000FFFFFFFF000200000000D3
S2141A063C000000000000001A063A001A063A001AC1
S2141A064C0642001A0642001A064A001A064A001AE7
S2141A065C0652001A0652001A065A001A065A001A97
S2141A066C0662001A0662001A066A001A066A001A47
S2141A067C0672001A0672001A067A001A067A001AF7
S2141A068C0682001A0682001A068A001A068A001AA7
S2141A069C0692001A0692001A069A001A069A001A57
S2141A06AC06A2001A06A2001A06AA001A06AA001A07
S2141A06BC06B2001A06B2001A06BA001A06BA001AB7
S2141A06CC06C2001A06C2001A06CA001A06CA001A67
S2141A06DC06D2001A06D2001A06DA001A06DA001A17
S2141A06EC06E2001A06E2001A06EA001A06EA001AC7
S2141A06FC06F2001A06F2001A06FA001A06FA001A77
S2141A070C0702001A0702001A070A001A070A001A22
S2141A071C0712001A0712001A071A001A071A001AD2
S2141A072C0722001A0722001A072A001A072A001A82
S2141A073C0732001A0732001A073A001A073A001A32
S2141A074C0742001A0742001A074A001A074A001AE2
S2141A075C0752001A0752001A075A001A075A001A92
S2141A076C0762001A0762001A076A001A076A001A42
S2141A077C0772001A0772001A077A001A077A001AF2
S2141A078C0782001A0782001A078A001A078A001AA2
S2141A079C0792001A0792001A079A001A079A001A52
S2141A07AC07A2001A07A2001A07AA001A07AA001A02
S2141A07BC07B2001A07B2001A07BA001A07BA001AB2
S2141A07CC07C2001A07C2001A07CA001A07CA001A62
S2141A07DC07D2001A07D2001A07DA001A07DA001A12
S2141A07EC07E2001A07E2001A07EA001A07EA001AC2
S2141A07FC07F2001A07F2001A07FA001A07FA001A72
S2141A080C0802001A0802001A080A001A080A001A1D
S2141A081C0812001A0812001A081A001A081A001ACD
S2141A082C0822001A0822001A082A001A082A001A7D
S2141A083C0832001A0832001A083A001A083A001A2D
S2141A084C0842001A0842001A084A001A084A001ADD
S2141A085C0852001A0852001A085A001A085A001A8D
S2141A086C0862001A0862001A086A001A086A001A3D
S2141A087C0872001A0872001A087A001A087A001AED
S2141A088C0882001A0882001A088A001A088A001A9D
S2141A089C0892001A0892001A089A001A089A001A4D
S2141A08AC08A2001A08A2001A08AA001A08AA001AFD
S2141A08BC08B2001A08B2001A08BA001A08BA001AAD
S2141A08CC08C2001A08C2001A08CA001A08CA001A5D
S2141A08DC08D2001A08D2001A08DA001A08DA001A0D
S2141A08EC08E2001A08E2001A08EA001A08EA001ABD
S2141A08FC08F2001A08F2001A08FA001A08FA001A6D
S2141A090C0902001A0902001A090A001A090A001A18
S2141A091C0912001A0912001A091A001A091A001AC8
S2141A092C0922001A0922001A092A001A092A001A78
S2141A093C0932001A0932001A093A001A093A001A28
S2141A094C0942001A0942001A094A001A094A001AD8
S2141A095C0952001A0952001A095A001A095A001A88
S2141A096C0962001A0962001A096A001A096A001A38
S2141A097C0972001A0972001A097A001A097A001AE8
S2141A098C0982001A0982001A098A001A098A001A98
S2141A099C0992001A0992001A099A001A099A001A48
S2141A09AC09A2001A09A2001A09AA001A09AA001AF8
S2141A09BC09B2001A09B2001A09BA001A09BA001AA8
S2141A09CC09C2001A09C2001A09CA001A09CA001A58
S2141A09DC09D2001A09D2001A09DA001A09DA001A08
S2141A09EC09E2001A09E2001A09EA001A09EA001AB8
S2141A09FC09F2001A09F2001A09FA001A09FA001A68
S2141A0A0C0A02001A0A02001A0A0A001A0A0A001A13
S2141A0A1C0A12001A0A12001A0A1A001A0A1A001AC3
S2141A0A2C0A22001A0A22001A0A2A001A0A2A001A73
S2141A0A3C0A32001A0A320000000000000003001ADC
S2141A0A4C2774001A0A5200000000001A2774001A9B
S2141A0A5C27DC001A284400000000000000000000E2
S2141A0A6C000000000000000000000000000000005B
S2141A0A7C000000000000000000000000000000004B
S2141A0A8C000000000000000000000000000000003B
S2141A0A9C000000000000000000000000000000002B
S2141A0AAC000000000000000000000000000000001B
S2141A0ABC000000000000000000000000000000000B
S2141A0ACC00000000000000000000000000000000FB
S2141A0ADC00000000000000000000000000000000EB
S2141A0AEC0001330EABCD1234E66DDEEC0005000BAE
S2141A0AFC00000000000000000000000000000000CB
S2141A0B0C00000000000000000000000000000000BA
S2141A0B1C00000000000000000000000000000000AA
S2141A0B2C000000000000000000000000000000009A
S2141A0B3C000000000000000000000000000000008A
S2141A0B4C000000000000000000000000000000007A
S2141A0B5C0000000000000000000000004300000027
S2141A0B6C000000000000000000000000000000005A
S2141A0B7C0000000000000000000000004300000007
S2141A0B8C000000000000000000000000000000003A
S2141A0B9C00000000000000000000000043000000E7
S2141A0BAC000000000000000000000000000000001A
S2141A0BBC00000000000000000000000043000000C7
S2141A0BCC00000000000000000000000000000000FA
S2141A0BDC00000000000000000000000043000000A7
S2141A0BEC00000000000000000000000000000000DA
S2141A0BFC0000000000000000000000004300000087
S2141A0C0C00000000000000000000000000000000B9
S2141A0C1C0000000000000000000000004300000066
S2141A0C2C0000000000000000000000000000000099
S2141A0C3C0000000000000000000000000019B27E40
S2141A0C4C0019B23A000000000019FB6C0019E828CB
S2141A0C5C0019F9B80019F9B80019F9B80019F9B841
S2141A0C6C0019F9B80019F9B80019F9B80019F9B831
S2141A0C7C0019F9B87F7F7F7F7F7F7F7F7F7F7F7F8B
S2141A0C8C7F7F0100415343494900000000000000D1
S2141A0C9C0000000000000000000000000000000029
S2141A0CAC00000000415343494900000000000000B0
S2141A0CBC0000000000000000000000000000000009
S2141A0CCC00000000000000000000000000000000F9
S2141A0CDC00000000000000000000000000000000E9
S804180000E3
